#VRML V2.0 utf8
# VRML file written by the visualization toolkit

    Background {
    skyColor [1.000000 1.000000 1.000000, ]
    }
     Viewpoint
      {
      fieldOfView 0.523599
      position 0.000000 0.000000 71.541717
      description "Default View"
      orientation 0 0 1 0
      }
    NavigationInfo {
      type ["EXAMINE","FLY"]
      speed 4.000000
      headlight TRUE}

    DirectionalLight { ambientIntensity 1 intensity 0 # ambient light
      color 1.000000 1.000000 1.000000 }

    Transform {
      translation 0 0 0
      rotation 0 0 1 0
      scale 1 1 1
      children [
        Shape {
          appearance Appearance {
            material Material {
              ambientIntensity 0
              diffuseColor 0.019999999441206454 0.15999999919986549 0.35000000037724699
              specularColor 0 0 0
              shininess 0.0078125
              transparency 0
              }
            }
          geometry IndexedFaceSet {
            solid FALSE
            coord DEF VTKcoordinates Coordinate {
              point [
              12.699999809265137 -12.699999809265137 0,
              -11.199999809265137 -12.699999809265137 1.6000000238418579,
              -11.199999809265137 -12.699999809265137 0,
              12.699999809265137 -12.699999809265137 1.6000000238418579,
              -11.199999809265137 -12.699999809265137 0,
              -12.699999809265137 -11.199999809265137 1.6000000238418579,
              -12.699999809265137 -11.199999809265137 0,
              -11.199999809265137 -12.699999809265137 1.6000000238418579,
              12.699999809265137 12.699999809265137 0,
              12.699999809265137 -12.699999809265137 1.6000000238418579,
              12.699999809265137 -12.699999809265137 0,
              12.699999809265137 12.699999809265137 1.6000000238418579,
              -11.880000114440918 -11.430000305175781 0,
              -11.199999809265137 -12.699999809265137 0,
              -12.699999809265137 -11.199999809265137 0,
              -11.430000305175781 -11.880000114440918 0,
              -10.979999542236328 -11.430000305175781 0,
              -11.430000305175781 -10.979999542236328 0,
              -11.430000305175781 -9.3400001525878906 0,
              -11.880000114440918 -8.8900003433227539 0,
              -9.3400001525878906 -11.430000305175781 0,
              -8.8900003433227539 -11.880000114440918 0,
              -10.979999542236328 -8.8900003433227539 0,
              -8.8900003433227539 -10.979999542236328 0,
              -8.8900003433227539 -9.3400001525878906 0,
              -8.4399995803833008 -11.430000305175781 0,
              -9.3400001525878906 -8.8900003433227539 0,
              -11.880000114440918 -6.3499999046325684 0,
              -11.430000305175781 -6.8000001907348633 0,
              -11.430000305175781 -8.4399995803833008 0,
              -6.3499999046325684 -11.880000114440918 0,
              -6.8000001907348633 -11.430000305175781 0,
              -8.8900003433227539 -8.4399995803833008 0,
              -10.979999542236328 -6.3499999046325684 0,
              -6.3499999046325684 -10.979999542236328 0,
              -6.8000001907348633 -8.8900003433227539 0,
              -9.3400001525878906 -6.3499999046325684 0,
              -8.8900003433227539 -6.8000001907348633 0,
              -6.3499999046325684 -9.3400001525878906 0,
              -3.809999942779541 -11.880000114440918 0,
              -5.9000000953674316 -11.430000305175781 0,
              -4.2600002288818359 -11.430000305175781 0,
              -11.880000114440918 -3.809999942779541 0,
              -11.430000305175781 -4.2600002288818359 0,
              -11.430000305175781 -5.9000000953674316 0,
              -8.4399995803833008 -6.3499999046325684 0,
              -6.3499999046325684 -8.4399995803833008 0,
              -5.9000000953674316 -8.8900003433227539 0,
              -8.8900003433227539 -5.9000000953674316 0,
              -10.979999542236328 -3.809999942779541 0,
              -8.8900003433227539 -4.2600002288818359 0,
              -1.2699999809265137 -11.880000114440918 0,
              -1.7200000286102295 -11.430000305175781 0,
              -3.3599998950958252 -11.430000305175781 0,
              -11.880000114440918 -1.2699999809265137 0,
              -11.430000305175781 -1.7200000286102295 0,
              -11.430000305175781 -3.3599998950958252 0,
              -3.809999942779541 -9.3400001525878906 0,
              -3.809999942779541 -10.979999542236328 0,
              -4.2600002288818359 -8.8900003433227539 0,
              -9.3400001525878906 -3.809999942779541 0,
              -1.2699999809265137 -10.979999542236328 0,
              -8.8900003433227539 -3.3599998950958252 0,
              -3.809999942779541 -8.4399995803833008 0,
              -8.4399995803833008 -3.809999942779541 0,
              -1.2699999809265137 -9.3400001525878906 0,
              -0.81999999284744263 -11.430000305175781 0,
              -1.7200000286102295 -8.8900003433227539 0,
              1.2699999809265137 -11.880000114440918 0,
              0.81999999284744263 -11.430000305175781 0,
              -9.3400001525878906 -1.2699999809265137 0,
              -10.979999542236328 -1.2699999809265137 0,
              -11.430000305175781 -0.81999999284744263 0,
              -8.8900003433227539 -1.7200000286102295 0,
              -11.880000114440918 1.2699999809265137 0,
              -11.430000305175781 0.81999999284744263 0,
              -1.2699999809265137 -8.4399995803833008 0,
              1.2699999809265137 -10.979999542236328 0,
              -8.4399995803833008 -1.2699999809265137 0,
              -11.430000305175781 3.3599998950958252 0,
              -11.880000114440918 3.809999942779541 0,
              -11.430000305175781 1.7200000286102295 0,
              3.3599998950958252 -11.430000305175781 0,
              1.7200000286102295 -11.430000305175781 0,
              3.809999942779541 -11.880000114440918 0,
              1.2699999809265137 -9.3400001525878906 0,
              -0.81999999284744263 -8.8900003433227539 0,
              0.81999999284744263 -8.8900003433227539 0,
              -9.3400001525878906 1.2699999809265137 0,
              -10.979999542236328 1.2699999809265137 0,
              -8.8900003433227539 0.81999999284744263 0,
              -8.8900003433227539 -0.81999999284744263 0,
              1.2699999809265137 -8.4399995803833008 0,
              1.7200000286102295 -8.8900003433227539 0,
              -10.979999542236328 3.809999942779541 0,
              -8.8900003433227539 1.7200000286102295 0,
              -8.4399995803833008 1.2699999809265137 0,
              5.9000000953674316 -11.430000305175781 0,
              4.2600002288818359 -11.430000305175781 0,
              6.3499999046325684 -11.880000114440918 0,
              3.809999942779541 -9.3400001525878906 0,
              3.3599998950958252 -8.8900003433227539 0,
              3.809999942779541 -10.979999542236328 0,
              -11.430000305175781 5.9000000953674316 0,
              -11.880000114440918 6.3499999046325684 0,
              -11.430000305175781 4.2600002288818359 0,
              -8.8900003433227539 3.3599998950958252 0,
              -9.3400001525878906 3.809999942779541 0,
              3.809999942779541 -8.4399995803833008 0,
              -10.979999542236328 6.3499999046325684 0,
              -8.4399995803833008 3.809999942779541 0,
              4.2600002288818359 -8.8900003433227539 0,
              -8.8900003433227539 4.2600002288818359 0,
              6.3499999046325684 -9.3400001525878906 0,
              6.3499999046325684 -10.979999542236328 0,
              6.8000001907348633 -11.430000305175781 0,
              -8.8900003433227539 5.9000000953674316 0,
              -9.3400001525878906 6.3499999046325684 0,
              5.9000000953674316 -8.8900003433227539 0,
              8.8900003433227539 -11.880000114440918 0,
              -11.430000305175781 8.4399995803833008 0,
              -11.430000305175781 6.8000001907348633 0,
              -11.880000114440918 8.8900003433227539 0,
              8.4399995803833008 -11.430000305175781 0,
              6.3499999046325684 -8.4399995803833008 0,
              -8.4399995803833008 6.3499999046325684 0,
              6.8000001907348633 -8.8900003433227539 0,
              8.8900003433227539 -10.979999542236328 0,
              -8.8900003433227539 6.8000001907348633 0,
              -10.979999542236328 8.8900003433227539 0,
              -11.430000305175781 10.979999542236328 0,
              -11.430000305175781 9.3400001525878906 0,
              8.4399995803833008 -8.8900003433227539 0,
              8.8900003433227539 -9.3400001525878906 0,
              11.430000305175781 -11.880000114440918 0,
              9.3400001525878906 -11.430000305175781 0,
              -11.880000114440918 11.430000305175781 0,
              -8.8900003433227539 8.4399995803833008 0,
              -9.3400001525878906 8.8900003433227539 0,
              -12.699999809265137 12.699999809265137 0,
              12.699999809265137 -12.699999809265137 0,
              11.430000305175781 -10.979999542236328 0,
              11.880000114440918 -11.430000305175781 0,
              -11.430000305175781 11.880000114440918 0,
              -8.8900003433227539 9.3400001525878906 0,
              -9.3400001525878906 11.430000305175781 0,
              -10.979999542236328 11.430000305175781 0,
              10.979999542236328 -8.8900003433227539 0,
              9.3400001525878906 -8.8900003433227539 0,
              11.430000305175781 -9.3400001525878906 0,
              -8.8900003433227539 10.979999542236328 0,
              8.4399995803833008 -6.3499999046325684 0,
              8.8900003433227539 -6.8000001907348633 0,
              -6.8000001907348633 8.8900003433227539 0,
              -8.4399995803833008 8.8900003433227539 0,
              -6.3499999046325684 8.4399995803833008 0,
              11.880000114440918 -8.8900003433227539 0,
              -8.8900003433227539 11.880000114440918 0,
              11.430000305175781 -8.4399995803833008 0,
              -8.4399995803833008 11.430000305175781 0,
              8.8900003433227539 -4.2600002288818359 0,
              9.3400001525878906 -6.3499999046325684 0,
              8.8900003433227539 -5.9000000953674316 0,
              11.430000305175781 -6.8000001907348633 0,
              10.979999542236328 -6.3499999046325684 0,
              -4.2600002288818359 8.8900003433227539 0,
              -5.9000000953674316 8.8900003433227539 0,
              -6.3499999046325684 9.3400001525878906 0,
              -6.3499999046325684 10.979999542236328 0,
              -6.8000001907348633 11.430000305175781 0,
              8.4399995803833008 -3.809999942779541 0,
              -3.809999942779541 8.4399995803833008 0,
              11.880000114440918 -6.3499999046325684 0,
              -6.3499999046325684 11.880000114440918 0,
              -5.9000000953674316 11.430000305175781 0,
              9.3400001525878906 -3.809999942779541 0,
              11.430000305175781 -5.9000000953674316 0,
              10.979999542236328 -3.809999942779541 0,
              8.8900003433227539 -3.3599998950958252 0,
              11.430000305175781 -4.2600002288818359 0,
              -4.2600002288818359 11.430000305175781 0,
              -3.809999942779541 10.979999542236328 0,
              -3.809999942779541 9.3400001525878906 0,
              -1.2699999809265137 8.4399995803833008 0,
              -1.7200000286102295 8.8900003433227539 0,
              8.4399995803833008 -1.2699999809265137 0,
              8.8900003433227539 -1.7200000286102295 0,
              11.430000305175781 -3.3599998950958252 0,
              11.880000114440918 -3.809999942779541 0,
              -3.809999942779541 11.880000114440918 0,
              -1.2699999809265137 9.3400001525878906 0,
              -3.3599998950958252 11.430000305175781 0,
              9.3400001525878906 -1.2699999809265137 0,
              0.81999999284744263 8.8900003433227539 0,
              -0.81999999284744263 8.8900003433227539 0,
              1.2699999809265137 8.4399995803833008 0,
              8.4399995803833008 1.2699999809265137 0,
              8.8900003433227539 0.81999999284744263 0,
              8.8900003433227539 -0.81999999284744263 0,
              -1.2699999809265137 10.979999542236328 0,
              -1.7200000286102295 11.430000305175781 0,
              10.979999542236328 -1.2699999809265137 0,
              11.430000305175781 -1.7200000286102295 0,
              -1.2699999809265137 11.880000114440918 0,
              -0.81999999284744263 11.430000305175781 0,
              11.430000305175781 -0.81999999284744263 0,
              11.880000114440918 -1.2699999809265137 0,
              1.2699999809265137 9.3400001525878906 0,
              0.81999999284744263 11.430000305175781 0,
              1.2699999809265137 10.979999542236328 0,
              3.809999942779541 8.4399995803833008 0,
              1.7200000286102295 8.8900003433227539 0,
              3.3599998950958252 8.8900003433227539 0,
              8.4399995803833008 3.809999942779541 0,
              8.8900003433227539 3.3599998950958252 0,
              8.8900003433227539 1.7200000286102295 0,
              10.979999542236328 1.2699999809265137 0,
              9.3400001525878906 1.2699999809265137 0,
              11.430000305175781 0.81999999284744263 0,
              1.2699999809265137 11.880000114440918 0,
              11.880000114440918 1.2699999809265137 0,
              6.3499999046325684 8.4399995803833008 0,
              4.2600002288818359 8.8900003433227539 0,
              5.9000000953674316 8.8900003433227539 0,
              8.4399995803833008 6.3499999046325684 0,
              8.8900003433227539 4.2600002288818359 0,
              8.8900003433227539 5.9000000953674316 0,
              3.3599998950958252 11.430000305175781 0,
              3.809999942779541 9.3400001525878906 0,
              1.7200000286102295 11.430000305175781 0,
              10.979999542236328 3.809999942779541 0,
              9.3400001525878906 3.809999942779541 0,
              11.430000305175781 3.3599998950958252 0,
              11.430000305175781 1.7200000286102295 0,
              6.3499999046325684 9.3400001525878906 0,
              9.3400001525878906 6.3499999046325684 0,
              3.809999942779541 11.880000114440918 0,
              11.880000114440918 3.809999942779541 0,
              11.430000305175781 4.2600002288818359 0,
              5.9000000953674316 11.430000305175781 0,
              4.2600002288818359 11.430000305175781 0,
              6.3499999046325684 10.979999542236328 0,
              10.979999542236328 6.3499999046325684 0,
              11.430000305175781 5.9000000953674316 0,
              8.4399995803833008 8.8900003433227539 0,
              6.8000001907348633 8.8900003433227539 0,
              8.8900003433227539 8.4399995803833008 0,
              8.8900003433227539 6.8000001907348633 0,
              6.3499999046325684 11.880000114440918 0,
              11.430000305175781 6.8000001907348633 0,
              11.880000114440918 6.3499999046325684 0,
              8.8900003433227539 9.3400001525878906 0,
              11.430000305175781 8.4399995803833008 0,
              10.979999542236328 8.8900003433227539 0,
              8.4399995803833008 11.430000305175781 0,
              8.8900003433227539 10.979999542236328 0,
              6.8000001907348633 11.430000305175781 0,
              9.3400001525878906 11.430000305175781 0,
              11.880000114440918 8.8900003433227539 0,
              8.8900003433227539 11.880000114440918 0,
              10.979999542236328 11.430000305175781 0,
              11.430000305175781 10.979999542236328 0,
              11.430000305175781 9.3400001525878906 0,
              11.430000305175781 11.880000114440918 0,
              11.880000114440918 11.430000305175781 0,
              12.699999809265137 12.699999809265137 0,
              -8.4399995803833008 -8.8900003433227539 0,
              -3.3599998950958252 -8.8900003433227539 0,
              10.979999542236328 -11.430000305175781 0,
              8.8900003433227539 -8.4399995803833008 0,
              -3.3599998950958252 8.8900003433227539 0,
              3.809999942779541 10.979999542236328 0,
              9.3400001525878906 8.8900003433227539 0,
              -11.880000114440918 -11.430000305175781 1.6000000238418579,
              -12.699999809265137 -11.199999809265137 1.6000000238418579,
              -11.199999809265137 -12.699999809265137 1.6000000238418579,
              -11.430000305175781 -11.880000114440918 1.6000000238418579,
              -10.979999542236328 -11.430000305175781 1.6000000238418579,
              -11.430000305175781 -10.979999542236328 1.6000000238418579,
              -11.430000305175781 -9.3400001525878906 1.6000000238418579,
              -11.880000114440918 -8.8900003433227539 1.6000000238418579,
              -9.3400001525878906 -11.430000305175781 1.6000000238418579,
              -8.8900003433227539 -11.880000114440918 1.6000000238418579,
              -10.979999542236328 -8.8900003433227539 1.6000000238418579,
              -8.8900003433227539 -10.979999542236328 1.6000000238418579,
              -8.8900003433227539 -9.3400001525878906 1.6000000238418579,
              -8.4399995803833008 -11.430000305175781 1.6000000238418579,
              -9.3400001525878906 -8.8900003433227539 1.6000000238418579,
              -11.880000114440918 -6.3499999046325684 1.6000000238418579,
              -11.430000305175781 -6.8000001907348633 1.6000000238418579,
              -11.430000305175781 -8.4399995803833008 1.6000000238418579,
              -6.3499999046325684 -11.880000114440918 1.6000000238418579,
              -6.8000001907348633 -11.430000305175781 1.6000000238418579,
              -8.8900003433227539 -8.4399995803833008 1.6000000238418579,
              -10.979999542236328 -6.3499999046325684 1.6000000238418579,
              -6.3499999046325684 -10.979999542236328 1.6000000238418579,
              -6.8000001907348633 -8.8900003433227539 1.6000000238418579,
              -9.3400001525878906 -6.3499999046325684 1.6000000238418579,
              -8.8900003433227539 -6.8000001907348633 1.6000000238418579,
              -6.3499999046325684 -9.3400001525878906 1.6000000238418579,
              -3.809999942779541 -11.880000114440918 1.6000000238418579,
              -4.2600002288818359 -11.430000305175781 1.6000000238418579,
              -5.9000000953674316 -11.430000305175781 1.6000000238418579,
              -11.880000114440918 -3.809999942779541 1.6000000238418579,
              -11.430000305175781 -5.9000000953674316 1.6000000238418579,
              -11.430000305175781 -4.2600002288818359 1.6000000238418579,
              -8.4399995803833008 -6.3499999046325684 1.6000000238418579,
              -6.3499999046325684 -8.4399995803833008 1.6000000238418579,
              -5.9000000953674316 -8.8900003433227539 1.6000000238418579,
              -8.8900003433227539 -5.9000000953674316 1.6000000238418579,
              -10.979999542236328 -3.809999942779541 1.6000000238418579,
              -8.8900003433227539 -4.2600002288818359 1.6000000238418579,
              -1.2699999809265137 -11.880000114440918 1.6000000238418579,
              -1.7200000286102295 -11.430000305175781 1.6000000238418579,
              -3.3599998950958252 -11.430000305175781 1.6000000238418579,
              -11.880000114440918 -1.2699999809265137 1.6000000238418579,
              -11.430000305175781 -3.3599998950958252 1.6000000238418579,
              -11.430000305175781 -1.7200000286102295 1.6000000238418579,
              -3.809999942779541 -9.3400001525878906 1.6000000238418579,
              -3.809999942779541 -10.979999542236328 1.6000000238418579,
              -4.2600002288818359 -8.8900003433227539 1.6000000238418579,
              -9.3400001525878906 -3.809999942779541 1.6000000238418579,
              -1.2699999809265137 -10.979999542236328 1.6000000238418579,
              -8.8900003433227539 -3.3599998950958252 1.6000000238418579,
              -3.809999942779541 -8.4399995803833008 1.6000000238418579,
              -8.4399995803833008 -3.809999942779541 1.6000000238418579,
              -1.2699999809265137 -9.3400001525878906 1.6000000238418579,
              -0.81999999284744263 -11.430000305175781 1.6000000238418579,
              -1.7200000286102295 -8.8900003433227539 1.6000000238418579,
              1.2699999809265137 -11.880000114440918 1.6000000238418579,
              0.81999999284744263 -11.430000305175781 1.6000000238418579,
              -9.3400001525878906 -1.2699999809265137 1.6000000238418579,
              -10.979999542236328 -1.2699999809265137 1.6000000238418579,
              -11.430000305175781 -0.81999999284744263 1.6000000238418579,
              -8.8900003433227539 -1.7200000286102295 1.6000000238418579,
              -11.880000114440918 1.2699999809265137 1.6000000238418579,
              -11.430000305175781 0.81999999284744263 1.6000000238418579,
              -1.2699999809265137 -8.4399995803833008 1.6000000238418579,
              1.2699999809265137 -10.979999542236328 1.6000000238418579,
              -8.4399995803833008 -1.2699999809265137 1.6000000238418579,
              -11.430000305175781 3.3599998950958252 1.6000000238418579,
              -11.880000114440918 3.809999942779541 1.6000000238418579,
              -11.430000305175781 1.7200000286102295 1.6000000238418579,
              3.3599998950958252 -11.430000305175781 1.6000000238418579,
              1.7200000286102295 -11.430000305175781 1.6000000238418579,
              3.809999942779541 -11.880000114440918 1.6000000238418579,
              1.2699999809265137 -9.3400001525878906 1.6000000238418579,
              -0.81999999284744263 -8.8900003433227539 1.6000000238418579,
              0.81999999284744263 -8.8900003433227539 1.6000000238418579,
              -9.3400001525878906 1.2699999809265137 1.6000000238418579,
              -10.979999542236328 1.2699999809265137 1.6000000238418579,
              -8.8900003433227539 0.81999999284744263 1.6000000238418579,
              -8.8900003433227539 -0.81999999284744263 1.6000000238418579,
              1.2699999809265137 -8.4399995803833008 1.6000000238418579,
              1.7200000286102295 -8.8900003433227539 1.6000000238418579,
              -10.979999542236328 3.809999942779541 1.6000000238418579,
              -8.8900003433227539 1.7200000286102295 1.6000000238418579,
              -8.4399995803833008 1.2699999809265137 1.6000000238418579,
              5.9000000953674316 -11.430000305175781 1.6000000238418579,
              4.2600002288818359 -11.430000305175781 1.6000000238418579,
              6.3499999046325684 -11.880000114440918 1.6000000238418579,
              3.809999942779541 -9.3400001525878906 1.6000000238418579,
              3.3599998950958252 -8.8900003433227539 1.6000000238418579,
              3.809999942779541 -10.979999542236328 1.6000000238418579,
              -11.430000305175781 5.9000000953674316 1.6000000238418579,
              -11.880000114440918 6.3499999046325684 1.6000000238418579,
              -11.430000305175781 4.2600002288818359 1.6000000238418579,
              -8.8900003433227539 3.3599998950958252 1.6000000238418579,
              -9.3400001525878906 3.809999942779541 1.6000000238418579,
              3.809999942779541 -8.4399995803833008 1.6000000238418579,
              -10.979999542236328 6.3499999046325684 1.6000000238418579,
              -8.4399995803833008 3.809999942779541 1.6000000238418579,
              4.2600002288818359 -8.8900003433227539 1.6000000238418579,
              -8.8900003433227539 4.2600002288818359 1.6000000238418579,
              6.3499999046325684 -9.3400001525878906 1.6000000238418579,
              6.3499999046325684 -10.979999542236328 1.6000000238418579,
              6.8000001907348633 -11.430000305175781 1.6000000238418579,
              -8.8900003433227539 5.9000000953674316 1.6000000238418579,
              -9.3400001525878906 6.3499999046325684 1.6000000238418579,
              5.9000000953674316 -8.8900003433227539 1.6000000238418579,
              8.8900003433227539 -11.880000114440918 1.6000000238418579,
              -11.430000305175781 8.4399995803833008 1.6000000238418579,
              -11.430000305175781 6.8000001907348633 1.6000000238418579,
              -11.880000114440918 8.8900003433227539 1.6000000238418579,
              8.4399995803833008 -11.430000305175781 1.6000000238418579,
              6.3499999046325684 -8.4399995803833008 1.6000000238418579,
              -8.4399995803833008 6.3499999046325684 1.6000000238418579,
              6.8000001907348633 -8.8900003433227539 1.6000000238418579,
              8.8900003433227539 -10.979999542236328 1.6000000238418579,
              -8.8900003433227539 6.8000001907348633 1.6000000238418579,
              -10.979999542236328 8.8900003433227539 1.6000000238418579,
              -11.430000305175781 10.979999542236328 1.6000000238418579,
              -11.430000305175781 9.3400001525878906 1.6000000238418579,
              8.4399995803833008 -8.8900003433227539 1.6000000238418579,
              8.8900003433227539 -9.3400001525878906 1.6000000238418579,
              11.430000305175781 -11.880000114440918 1.6000000238418579,
              9.3400001525878906 -11.430000305175781 1.6000000238418579,
              -11.880000114440918 11.430000305175781 1.6000000238418579,
              -8.8900003433227539 8.4399995803833008 1.6000000238418579,
              -9.3400001525878906 8.8900003433227539 1.6000000238418579,
              -12.699999809265137 12.699999809265137 1.6000000238418579,
              12.699999809265137 -12.699999809265137 1.6000000238418579,
              11.430000305175781 -10.979999542236328 1.6000000238418579,
              11.880000114440918 -11.430000305175781 1.6000000238418579,
              -11.430000305175781 11.880000114440918 1.6000000238418579,
              -8.8900003433227539 9.3400001525878906 1.6000000238418579,
              -9.3400001525878906 11.430000305175781 1.6000000238418579,
              -10.979999542236328 11.430000305175781 1.6000000238418579,
              10.979999542236328 -8.8900003433227539 1.6000000238418579,
              9.3400001525878906 -8.8900003433227539 1.6000000238418579,
              11.430000305175781 -9.3400001525878906 1.6000000238418579,
              -8.8900003433227539 10.979999542236328 1.6000000238418579,
              8.4399995803833008 -6.3499999046325684 1.6000000238418579,
              8.8900003433227539 -6.8000001907348633 1.6000000238418579,
              -6.8000001907348633 8.8900003433227539 1.6000000238418579,
              -8.4399995803833008 8.8900003433227539 1.6000000238418579,
              -6.3499999046325684 8.4399995803833008 1.6000000238418579,
              11.880000114440918 -8.8900003433227539 1.6000000238418579,
              -8.8900003433227539 11.880000114440918 1.6000000238418579,
              11.430000305175781 -8.4399995803833008 1.6000000238418579,
              -8.4399995803833008 11.430000305175781 1.6000000238418579,
              8.8900003433227539 -4.2600002288818359 1.6000000238418579,
              8.8900003433227539 -5.9000000953674316 1.6000000238418579,
              9.3400001525878906 -6.3499999046325684 1.6000000238418579,
              11.430000305175781 -6.8000001907348633 1.6000000238418579,
              10.979999542236328 -6.3499999046325684 1.6000000238418579,
              -4.2600002288818359 8.8900003433227539 1.6000000238418579,
              -5.9000000953674316 8.8900003433227539 1.6000000238418579,
              -6.3499999046325684 9.3400001525878906 1.6000000238418579,
              -6.3499999046325684 10.979999542236328 1.6000000238418579,
              -6.8000001907348633 11.430000305175781 1.6000000238418579,
              8.4399995803833008 -3.809999942779541 1.6000000238418579,
              -3.809999942779541 8.4399995803833008 1.6000000238418579,
              11.880000114440918 -6.3499999046325684 1.6000000238418579,
              -6.3499999046325684 11.880000114440918 1.6000000238418579,
              -5.9000000953674316 11.430000305175781 1.6000000238418579,
              9.3400001525878906 -3.809999942779541 1.6000000238418579,
              11.430000305175781 -5.9000000953674316 1.6000000238418579,
              10.979999542236328 -3.809999942779541 1.6000000238418579,
              8.8900003433227539 -3.3599998950958252 1.6000000238418579,
              11.430000305175781 -4.2600002288818359 1.6000000238418579,
              -4.2600002288818359 11.430000305175781 1.6000000238418579,
              -3.809999942779541 10.979999542236328 1.6000000238418579,
              -3.809999942779541 9.3400001525878906 1.6000000238418579,
              -1.2699999809265137 8.4399995803833008 1.6000000238418579,
              -1.7200000286102295 8.8900003433227539 1.6000000238418579,
              8.4399995803833008 -1.2699999809265137 1.6000000238418579,
              8.8900003433227539 -1.7200000286102295 1.6000000238418579,
              11.430000305175781 -3.3599998950958252 1.6000000238418579,
              11.880000114440918 -3.809999942779541 1.6000000238418579,
              -3.809999942779541 11.880000114440918 1.6000000238418579,
              -1.2699999809265137 9.3400001525878906 1.6000000238418579,
              -3.3599998950958252 11.430000305175781 1.6000000238418579,
              9.3400001525878906 -1.2699999809265137 1.6000000238418579,
              0.81999999284744263 8.8900003433227539 1.6000000238418579,
              -0.81999999284744263 8.8900003433227539 1.6000000238418579,
              1.2699999809265137 8.4399995803833008 1.6000000238418579,
              8.4399995803833008 1.2699999809265137 1.6000000238418579,
              8.8900003433227539 0.81999999284744263 1.6000000238418579,
              8.8900003433227539 -0.81999999284744263 1.6000000238418579,
              -1.2699999809265137 10.979999542236328 1.6000000238418579,
              -1.7200000286102295 11.430000305175781 1.6000000238418579,
              10.979999542236328 -1.2699999809265137 1.6000000238418579,
              11.430000305175781 -1.7200000286102295 1.6000000238418579,
              -1.2699999809265137 11.880000114440918 1.6000000238418579,
              -0.81999999284744263 11.430000305175781 1.6000000238418579,
              11.430000305175781 -0.81999999284744263 1.6000000238418579,
              11.880000114440918 -1.2699999809265137 1.6000000238418579,
              1.2699999809265137 9.3400001525878906 1.6000000238418579,
              0.81999999284744263 11.430000305175781 1.6000000238418579,
              1.2699999809265137 10.979999542236328 1.6000000238418579,
              3.809999942779541 8.4399995803833008 1.6000000238418579,
              1.7200000286102295 8.8900003433227539 1.6000000238418579,
              3.3599998950958252 8.8900003433227539 1.6000000238418579,
              8.4399995803833008 3.809999942779541 1.6000000238418579,
              8.8900003433227539 3.3599998950958252 1.6000000238418579,
              8.8900003433227539 1.7200000286102295 1.6000000238418579,
              10.979999542236328 1.2699999809265137 1.6000000238418579,
              9.3400001525878906 1.2699999809265137 1.6000000238418579,
              11.430000305175781 0.81999999284744263 1.6000000238418579,
              1.2699999809265137 11.880000114440918 1.6000000238418579,
              11.880000114440918 1.2699999809265137 1.6000000238418579,
              6.3499999046325684 8.4399995803833008 1.6000000238418579,
              4.2600002288818359 8.8900003433227539 1.6000000238418579,
              5.9000000953674316 8.8900003433227539 1.6000000238418579,
              8.4399995803833008 6.3499999046325684 1.6000000238418579,
              8.8900003433227539 4.2600002288818359 1.6000000238418579,
              8.8900003433227539 5.9000000953674316 1.6000000238418579,
              3.3599998950958252 11.430000305175781 1.6000000238418579,
              3.809999942779541 9.3400001525878906 1.6000000238418579,
              1.7200000286102295 11.430000305175781 1.6000000238418579,
              10.979999542236328 3.809999942779541 1.6000000238418579,
              9.3400001525878906 3.809999942779541 1.6000000238418579,
              11.430000305175781 3.3599998950958252 1.6000000238418579,
              11.430000305175781 1.7200000286102295 1.6000000238418579,
              6.3499999046325684 9.3400001525878906 1.6000000238418579,
              9.3400001525878906 6.3499999046325684 1.6000000238418579,
              3.809999942779541 11.880000114440918 1.6000000238418579,
              11.880000114440918 3.809999942779541 1.6000000238418579,
              11.430000305175781 4.2600002288818359 1.6000000238418579,
              5.9000000953674316 11.430000305175781 1.6000000238418579,
              4.2600002288818359 11.430000305175781 1.6000000238418579,
              6.3499999046325684 10.979999542236328 1.6000000238418579,
              10.979999542236328 6.3499999046325684 1.6000000238418579,
              11.430000305175781 5.9000000953674316 1.6000000238418579,
              8.4399995803833008 8.8900003433227539 1.6000000238418579,
              6.8000001907348633 8.8900003433227539 1.6000000238418579,
              8.8900003433227539 8.4399995803833008 1.6000000238418579,
              8.8900003433227539 6.8000001907348633 1.6000000238418579,
              6.3499999046325684 11.880000114440918 1.6000000238418579,
              11.430000305175781 6.8000001907348633 1.6000000238418579,
              11.880000114440918 6.3499999046325684 1.6000000238418579,
              8.8900003433227539 9.3400001525878906 1.6000000238418579,
              11.430000305175781 8.4399995803833008 1.6000000238418579,
              10.979999542236328 8.8900003433227539 1.6000000238418579,
              8.4399995803833008 11.430000305175781 1.6000000238418579,
              8.8900003433227539 10.979999542236328 1.6000000238418579,
              6.8000001907348633 11.430000305175781 1.6000000238418579,
              9.3400001525878906 11.430000305175781 1.6000000238418579,
              11.880000114440918 8.8900003433227539 1.6000000238418579,
              8.8900003433227539 11.880000114440918 1.6000000238418579,
              10.979999542236328 11.430000305175781 1.6000000238418579,
              11.430000305175781 10.979999542236328 1.6000000238418579,
              11.430000305175781 9.3400001525878906 1.6000000238418579,
              11.430000305175781 11.880000114440918 1.6000000238418579,
              11.880000114440918 11.430000305175781 1.6000000238418579,
              12.699999809265137 12.699999809265137 1.6000000238418579,
              -8.4399995803833008 -8.8900003433227539 1.6000000238418579,
              -3.3599998950958252 -8.8900003433227539 1.6000000238418579,
              10.979999542236328 -11.430000305175781 1.6000000238418579,
              8.8900003433227539 -8.4399995803833008 1.6000000238418579,
              -3.3599998950958252 8.8900003433227539 1.6000000238418579,
              3.809999942779541 10.979999542236328 1.6000000238418579,
              9.3400001525878906 8.8900003433227539 1.6000000238418579,
              -12.699999809265137 -11.199999809265137 0,
              -12.699999809265137 12.699999809265137 1.6000000238418579,
              -12.699999809265137 12.699999809265137 0,
              -12.699999809265137 -11.199999809265137 1.6000000238418579,
              -12.699999809265137 12.699999809265137 0,
              12.699999809265137 12.699999809265137 1.6000000238418579,
              12.699999809265137 12.699999809265137 0,
              -12.699999809265137 12.699999809265137 1.6000000238418579,
              -11.430000305175781 -10.979999542236328 0,
              -10.979999542236328 -11.430000305175781 0,
              -10.979999542236328 -11.430000305175781 1.6000000238418579,
              -11.430000305175781 -10.979999542236328 1.6000000238418579,
              -11.880000114440918 -11.430000305175781 0,
              -11.880000114440918 -11.430000305175781 1.6000000238418579,
              -11.430000305175781 -11.880000114440918 0,
              -11.430000305175781 -11.880000114440918 1.6000000238418579,
              -10.979999542236328 -11.430000305175781 0,
              -10.979999542236328 -11.430000305175781 1.6000000238418579,
              -8.8900003433227539 -10.979999542236328 0,
              -8.4399995803833008 -11.430000305175781 0,
              -8.4399995803833008 -11.430000305175781 1.6000000238418579,
              -8.8900003433227539 -10.979999542236328 1.6000000238418579,
              -9.3400001525878906 -11.430000305175781 0,
              -9.3400001525878906 -11.430000305175781 1.6000000238418579,
              -8.8900003433227539 -11.880000114440918 0,
              -8.8900003433227539 -11.880000114440918 1.6000000238418579,
              -8.4399995803833008 -11.430000305175781 0,
              -8.4399995803833008 -11.430000305175781 1.6000000238418579,
              -6.3499999046325684 -10.979999542236328 0,
              -5.9000000953674316 -11.430000305175781 0,
              -5.9000000953674316 -11.430000305175781 1.6000000238418579,
              -6.3499999046325684 -10.979999542236328 1.6000000238418579,
              -6.8000001907348633 -11.430000305175781 0,
              -6.8000001907348633 -11.430000305175781 1.6000000238418579,
              -6.3499999046325684 -11.880000114440918 0,
              -6.3499999046325684 -11.880000114440918 1.6000000238418579,
              -5.9000000953674316 -11.430000305175781 0,
              -5.9000000953674316 -11.430000305175781 1.6000000238418579,
              -11.430000305175781 -8.4399995803833008 0,
              -10.979999542236328 -8.8900003433227539 0,
              -10.979999542236328 -8.8900003433227539 1.6000000238418579,
              -11.430000305175781 -8.4399995803833008 1.6000000238418579,
              -11.880000114440918 -8.8900003433227539 0,
              -11.880000114440918 -8.8900003433227539 1.6000000238418579,
              -11.430000305175781 -9.3400001525878906 0,
              -11.430000305175781 -9.3400001525878906 1.6000000238418579,
              -10.979999542236328 -8.8900003433227539 0,
              -10.979999542236328 -8.8900003433227539 1.6000000238418579,
              -11.430000305175781 -5.9000000953674316 0,
              -10.979999542236328 -6.3499999046325684 0,
              -10.979999542236328 -6.3499999046325684 1.6000000238418579,
              -11.430000305175781 -5.9000000953674316 1.6000000238418579,
              -11.880000114440918 -6.3499999046325684 0,
              -11.880000114440918 -6.3499999046325684 1.6000000238418579,
              -11.430000305175781 -6.8000001907348633 0,
              -11.430000305175781 -6.8000001907348633 1.6000000238418579,
              -10.979999542236328 -6.3499999046325684 0,
              -10.979999542236328 -6.3499999046325684 1.6000000238418579,
              -8.8900003433227539 -8.4399995803833008 0,
              -8.4399995803833008 -8.8900003433227539 0,
              -8.4399995803833008 -8.8900003433227539 1.6000000238418579,
              -8.8900003433227539 -8.4399995803833008 1.6000000238418579,
              -9.3400001525878906 -8.8900003433227539 0,
              -9.3400001525878906 -8.8900003433227539 1.6000000238418579,
              -8.8900003433227539 -9.3400001525878906 0,
              -8.8900003433227539 -9.3400001525878906 1.6000000238418579,
              -8.4399995803833008 -8.8900003433227539 0,
              -8.4399995803833008 -8.8900003433227539 1.6000000238418579,
              -6.3499999046325684 -8.4399995803833008 0,
              -5.9000000953674316 -8.8900003433227539 0,
              -5.9000000953674316 -8.8900003433227539 1.6000000238418579,
              -6.3499999046325684 -8.4399995803833008 1.6000000238418579,
              -6.8000001907348633 -8.8900003433227539 0,
              -6.8000001907348633 -8.8900003433227539 1.6000000238418579,
              -6.3499999046325684 -9.3400001525878906 0,
              -6.3499999046325684 -9.3400001525878906 1.6000000238418579,
              -5.9000000953674316 -8.8900003433227539 0,
              -5.9000000953674316 -8.8900003433227539 1.6000000238418579,
              -8.8900003433227539 -5.9000000953674316 0,
              -8.4399995803833008 -6.3499999046325684 0,
              -8.4399995803833008 -6.3499999046325684 1.6000000238418579,
              -8.8900003433227539 -5.9000000953674316 1.6000000238418579,
              -9.3400001525878906 -6.3499999046325684 0,
              -9.3400001525878906 -6.3499999046325684 1.6000000238418579,
              -8.8900003433227539 -6.8000001907348633 0,
              -8.8900003433227539 -6.8000001907348633 1.6000000238418579,
              -8.4399995803833008 -6.3499999046325684 0,
              -8.4399995803833008 -6.3499999046325684 1.6000000238418579,
              -3.809999942779541 -10.979999542236328 0,
              -3.3599998950958252 -11.430000305175781 0,
              -3.3599998950958252 -11.430000305175781 1.6000000238418579,
              -3.809999942779541 -10.979999542236328 1.6000000238418579,
              -4.2600002288818359 -11.430000305175781 0,
              -4.2600002288818359 -11.430000305175781 1.6000000238418579,
              -3.809999942779541 -11.880000114440918 0,
              -3.809999942779541 -11.880000114440918 1.6000000238418579,
              -3.3599998950958252 -11.430000305175781 0,
              -3.3599998950958252 -11.430000305175781 1.6000000238418579,
              -1.2699999809265137 -10.979999542236328 0,
              -0.81999999284744263 -11.430000305175781 0,
              -0.81999999284744263 -11.430000305175781 1.6000000238418579,
              -1.2699999809265137 -10.979999542236328 1.6000000238418579,
              -1.7200000286102295 -11.430000305175781 0,
              -1.7200000286102295 -11.430000305175781 1.6000000238418579,
              -1.2699999809265137 -11.880000114440918 0,
              -1.2699999809265137 -11.880000114440918 1.6000000238418579,
              -0.81999999284744263 -11.430000305175781 0,
              -0.81999999284744263 -11.430000305175781 1.6000000238418579,
              -3.809999942779541 -8.4399995803833008 0,
              -3.3599998950958252 -8.8900003433227539 0,
              -3.3599998950958252 -8.8900003433227539 1.6000000238418579,
              -3.809999942779541 -8.4399995803833008 1.6000000238418579,
              -4.2600002288818359 -8.8900003433227539 0,
              -4.2600002288818359 -8.8900003433227539 1.6000000238418579,
              -3.809999942779541 -9.3400001525878906 0,
              -3.809999942779541 -9.3400001525878906 1.6000000238418579,
              -3.3599998950958252 -8.8900003433227539 0,
              -3.3599998950958252 -8.8900003433227539 1.6000000238418579,
              -1.2699999809265137 -8.4399995803833008 0,
              -0.81999999284744263 -8.8900003433227539 0,
              -0.81999999284744263 -8.8900003433227539 1.6000000238418579,
              -1.2699999809265137 -8.4399995803833008 1.6000000238418579,
              -1.7200000286102295 -8.8900003433227539 0,
              -1.7200000286102295 -8.8900003433227539 1.6000000238418579,
              -1.2699999809265137 -9.3400001525878906 0,
              -1.2699999809265137 -9.3400001525878906 1.6000000238418579,
              -0.81999999284744263 -8.8900003433227539 0,
              -0.81999999284744263 -8.8900003433227539 1.6000000238418579,
              -11.430000305175781 -3.3599998950958252 0,
              -10.979999542236328 -3.809999942779541 0,
              -10.979999542236328 -3.809999942779541 1.6000000238418579,
              -11.430000305175781 -3.3599998950958252 1.6000000238418579,
              -11.880000114440918 -3.809999942779541 0,
              -11.880000114440918 -3.809999942779541 1.6000000238418579,
              -11.430000305175781 -4.2600002288818359 0,
              -11.430000305175781 -4.2600002288818359 1.6000000238418579,
              -10.979999542236328 -3.809999942779541 0,
              -10.979999542236328 -3.809999942779541 1.6000000238418579,
              -8.8900003433227539 -3.3599998950958252 0,
              -8.4399995803833008 -3.809999942779541 0,
              -8.4399995803833008 -3.809999942779541 1.6000000238418579,
              -8.8900003433227539 -3.3599998950958252 1.6000000238418579,
              -9.3400001525878906 -3.809999942779541 0,
              -9.3400001525878906 -3.809999942779541 1.6000000238418579,
              -8.8900003433227539 -4.2600002288818359 0,
              -8.8900003433227539 -4.2600002288818359 1.6000000238418579,
              -8.4399995803833008 -3.809999942779541 0,
              -8.4399995803833008 -3.809999942779541 1.6000000238418579,
              -11.430000305175781 -0.81999999284744263 0,
              -10.979999542236328 -1.2699999809265137 0,
              -10.979999542236328 -1.2699999809265137 1.6000000238418579,
              -11.430000305175781 -0.81999999284744263 1.6000000238418579,
              -11.880000114440918 -1.2699999809265137 0,
              -11.880000114440918 -1.2699999809265137 1.6000000238418579,
              -11.430000305175781 -1.7200000286102295 0,
              -11.430000305175781 -1.7200000286102295 1.6000000238418579,
              -10.979999542236328 -1.2699999809265137 0,
              -10.979999542236328 -1.2699999809265137 1.6000000238418579,
              -8.8900003433227539 -0.81999999284744263 0,
              -8.4399995803833008 -1.2699999809265137 0,
              -8.4399995803833008 -1.2699999809265137 1.6000000238418579,
              -8.8900003433227539 -0.81999999284744263 1.6000000238418579,
              -9.3400001525878906 -1.2699999809265137 0,
              -9.3400001525878906 -1.2699999809265137 1.6000000238418579,
              -8.8900003433227539 -1.7200000286102295 0,
              -8.8900003433227539 -1.7200000286102295 1.6000000238418579,
              -8.4399995803833008 -1.2699999809265137 0,
              -8.4399995803833008 -1.2699999809265137 1.6000000238418579,
              1.2699999809265137 -10.979999542236328 0,
              1.7200000286102295 -11.430000305175781 0,
              1.7200000286102295 -11.430000305175781 1.6000000238418579,
              1.2699999809265137 -10.979999542236328 1.6000000238418579,
              0.81999999284744263 -11.430000305175781 0,
              0.81999999284744263 -11.430000305175781 1.6000000238418579,
              1.2699999809265137 -11.880000114440918 0,
              1.2699999809265137 -11.880000114440918 1.6000000238418579,
              1.7200000286102295 -11.430000305175781 0,
              1.7200000286102295 -11.430000305175781 1.6000000238418579,
              3.809999942779541 -10.979999542236328 0,
              4.2600002288818359 -11.430000305175781 0,
              4.2600002288818359 -11.430000305175781 1.6000000238418579,
              3.809999942779541 -10.979999542236328 1.6000000238418579,
              3.3599998950958252 -11.430000305175781 0,
              3.3599998950958252 -11.430000305175781 1.6000000238418579,
              3.809999942779541 -11.880000114440918 0,
              3.809999942779541 -11.880000114440918 1.6000000238418579,
              4.2600002288818359 -11.430000305175781 0,
              4.2600002288818359 -11.430000305175781 1.6000000238418579,
              1.2699999809265137 -8.4399995803833008 0,
              1.7200000286102295 -8.8900003433227539 0,
              1.7200000286102295 -8.8900003433227539 1.6000000238418579,
              1.2699999809265137 -8.4399995803833008 1.6000000238418579,
              0.81999999284744263 -8.8900003433227539 0,
              0.81999999284744263 -8.8900003433227539 1.6000000238418579,
              1.2699999809265137 -9.3400001525878906 0,
              1.2699999809265137 -9.3400001525878906 1.6000000238418579,
              1.7200000286102295 -8.8900003433227539 0,
              1.7200000286102295 -8.8900003433227539 1.6000000238418579,
              3.809999942779541 -8.4399995803833008 0,
              4.2600002288818359 -8.8900003433227539 0,
              4.2600002288818359 -8.8900003433227539 1.6000000238418579,
              3.809999942779541 -8.4399995803833008 1.6000000238418579,
              3.3599998950958252 -8.8900003433227539 0,
              3.3599998950958252 -8.8900003433227539 1.6000000238418579,
              3.809999942779541 -9.3400001525878906 0,
              3.809999942779541 -9.3400001525878906 1.6000000238418579,
              4.2600002288818359 -8.8900003433227539 0,
              4.2600002288818359 -8.8900003433227539 1.6000000238418579,
              6.3499999046325684 -10.979999542236328 0,
              6.8000001907348633 -11.430000305175781 0,
              6.8000001907348633 -11.430000305175781 1.6000000238418579,
              6.3499999046325684 -10.979999542236328 1.6000000238418579,
              5.9000000953674316 -11.430000305175781 0,
              5.9000000953674316 -11.430000305175781 1.6000000238418579,
              6.3499999046325684 -11.880000114440918 0,
              6.3499999046325684 -11.880000114440918 1.6000000238418579,
              6.8000001907348633 -11.430000305175781 0,
              6.8000001907348633 -11.430000305175781 1.6000000238418579,
              8.8900003433227539 -10.979999542236328 0,
              9.3400001525878906 -11.430000305175781 0,
              9.3400001525878906 -11.430000305175781 1.6000000238418579,
              8.8900003433227539 -10.979999542236328 1.6000000238418579,
              8.4399995803833008 -11.430000305175781 0,
              8.4399995803833008 -11.430000305175781 1.6000000238418579,
              8.8900003433227539 -11.880000114440918 0,
              8.8900003433227539 -11.880000114440918 1.6000000238418579,
              9.3400001525878906 -11.430000305175781 0,
              9.3400001525878906 -11.430000305175781 1.6000000238418579,
              11.430000305175781 -10.979999542236328 0,
              11.880000114440918 -11.430000305175781 0,
              11.880000114440918 -11.430000305175781 1.6000000238418579,
              11.430000305175781 -10.979999542236328 1.6000000238418579,
              10.979999542236328 -11.430000305175781 0,
              10.979999542236328 -11.430000305175781 1.6000000238418579,
              11.430000305175781 -11.880000114440918 0,
              11.430000305175781 -11.880000114440918 1.6000000238418579,
              11.880000114440918 -11.430000305175781 0,
              11.880000114440918 -11.430000305175781 1.6000000238418579,
              6.3499999046325684 -8.4399995803833008 0,
              6.8000001907348633 -8.8900003433227539 0,
              6.8000001907348633 -8.8900003433227539 1.6000000238418579,
              6.3499999046325684 -8.4399995803833008 1.6000000238418579,
              5.9000000953674316 -8.8900003433227539 0,
              5.9000000953674316 -8.8900003433227539 1.6000000238418579,
              6.3499999046325684 -9.3400001525878906 0,
              6.3499999046325684 -9.3400001525878906 1.6000000238418579,
              6.8000001907348633 -8.8900003433227539 0,
              6.8000001907348633 -8.8900003433227539 1.6000000238418579,
              8.8900003433227539 -8.4399995803833008 0,
              9.3400001525878906 -8.8900003433227539 0,
              9.3400001525878906 -8.8900003433227539 1.6000000238418579,
              8.8900003433227539 -8.4399995803833008 1.6000000238418579,
              8.4399995803833008 -8.8900003433227539 0,
              8.4399995803833008 -8.8900003433227539 1.6000000238418579,
              8.8900003433227539 -9.3400001525878906 0,
              8.8900003433227539 -9.3400001525878906 1.6000000238418579,
              9.3400001525878906 -8.8900003433227539 0,
              9.3400001525878906 -8.8900003433227539 1.6000000238418579,
              8.8900003433227539 -5.9000000953674316 0,
              9.3400001525878906 -6.3499999046325684 0,
              9.3400001525878906 -6.3499999046325684 1.6000000238418579,
              8.8900003433227539 -5.9000000953674316 1.6000000238418579,
              8.4399995803833008 -6.3499999046325684 0,
              8.4399995803833008 -6.3499999046325684 1.6000000238418579,
              8.8900003433227539 -6.8000001907348633 0,
              8.8900003433227539 -6.8000001907348633 1.6000000238418579,
              9.3400001525878906 -6.3499999046325684 0,
              9.3400001525878906 -6.3499999046325684 1.6000000238418579,
              11.430000305175781 -8.4399995803833008 0,
              11.880000114440918 -8.8900003433227539 0,
              11.880000114440918 -8.8900003433227539 1.6000000238418579,
              11.430000305175781 -8.4399995803833008 1.6000000238418579,
              10.979999542236328 -8.8900003433227539 0,
              10.979999542236328 -8.8900003433227539 1.6000000238418579,
              11.430000305175781 -9.3400001525878906 0,
              11.430000305175781 -9.3400001525878906 1.6000000238418579,
              11.880000114440918 -8.8900003433227539 0,
              11.880000114440918 -8.8900003433227539 1.6000000238418579,
              11.430000305175781 -5.9000000953674316 0,
              11.880000114440918 -6.3499999046325684 0,
              11.880000114440918 -6.3499999046325684 1.6000000238418579,
              11.430000305175781 -5.9000000953674316 1.6000000238418579,
              10.979999542236328 -6.3499999046325684 0,
              10.979999542236328 -6.3499999046325684 1.6000000238418579,
              11.430000305175781 -6.8000001907348633 0,
              11.430000305175781 -6.8000001907348633 1.6000000238418579,
              11.880000114440918 -6.3499999046325684 0,
              11.880000114440918 -6.3499999046325684 1.6000000238418579,
              8.8900003433227539 -3.3599998950958252 0,
              9.3400001525878906 -3.809999942779541 0,
              9.3400001525878906 -3.809999942779541 1.6000000238418579,
              8.8900003433227539 -3.3599998950958252 1.6000000238418579,
              8.4399995803833008 -3.809999942779541 0,
              8.4399995803833008 -3.809999942779541 1.6000000238418579,
              8.8900003433227539 -4.2600002288818359 0,
              8.8900003433227539 -4.2600002288818359 1.6000000238418579,
              9.3400001525878906 -3.809999942779541 0,
              9.3400001525878906 -3.809999942779541 1.6000000238418579,
              11.430000305175781 -3.3599998950958252 0,
              11.880000114440918 -3.809999942779541 0,
              11.880000114440918 -3.809999942779541 1.6000000238418579,
              11.430000305175781 -3.3599998950958252 1.6000000238418579,
              10.979999542236328 -3.809999942779541 0,
              10.979999542236328 -3.809999942779541 1.6000000238418579,
              11.430000305175781 -4.2600002288818359 0,
              11.430000305175781 -4.2600002288818359 1.6000000238418579,
              11.880000114440918 -3.809999942779541 0,
              11.880000114440918 -3.809999942779541 1.6000000238418579,
              8.8900003433227539 -0.81999999284744263 0,
              9.3400001525878906 -1.2699999809265137 0,
              9.3400001525878906 -1.2699999809265137 1.6000000238418579,
              8.8900003433227539 -0.81999999284744263 1.6000000238418579,
              8.4399995803833008 -1.2699999809265137 0,
              8.4399995803833008 -1.2699999809265137 1.6000000238418579,
              8.8900003433227539 -1.7200000286102295 0,
              8.8900003433227539 -1.7200000286102295 1.6000000238418579,
              9.3400001525878906 -1.2699999809265137 0,
              9.3400001525878906 -1.2699999809265137 1.6000000238418579,
              11.430000305175781 -0.81999999284744263 0,
              11.880000114440918 -1.2699999809265137 0,
              11.880000114440918 -1.2699999809265137 1.6000000238418579,
              11.430000305175781 -0.81999999284744263 1.6000000238418579,
              10.979999542236328 -1.2699999809265137 0,
              10.979999542236328 -1.2699999809265137 1.6000000238418579,
              11.430000305175781 -1.7200000286102295 0,
              11.430000305175781 -1.7200000286102295 1.6000000238418579,
              11.880000114440918 -1.2699999809265137 0,
              11.880000114440918 -1.2699999809265137 1.6000000238418579,
              -11.430000305175781 1.7200000286102295 0,
              -10.979999542236328 1.2699999809265137 0,
              -10.979999542236328 1.2699999809265137 1.6000000238418579,
              -11.430000305175781 1.7200000286102295 1.6000000238418579,
              -11.880000114440918 1.2699999809265137 0,
              -11.880000114440918 1.2699999809265137 1.6000000238418579,
              -11.430000305175781 0.81999999284744263 0,
              -11.430000305175781 0.81999999284744263 1.6000000238418579,
              -10.979999542236328 1.2699999809265137 0,
              -10.979999542236328 1.2699999809265137 1.6000000238418579,
              -8.8900003433227539 1.7200000286102295 0,
              -8.4399995803833008 1.2699999809265137 0,
              -8.4399995803833008 1.2699999809265137 1.6000000238418579,
              -8.8900003433227539 1.7200000286102295 1.6000000238418579,
              -9.3400001525878906 1.2699999809265137 0,
              -9.3400001525878906 1.2699999809265137 1.6000000238418579,
              -8.8900003433227539 0.81999999284744263 0,
              -8.8900003433227539 0.81999999284744263 1.6000000238418579,
              -8.4399995803833008 1.2699999809265137 0,
              -8.4399995803833008 1.2699999809265137 1.6000000238418579,
              -11.430000305175781 4.2600002288818359 0,
              -10.979999542236328 3.809999942779541 0,
              -10.979999542236328 3.809999942779541 1.6000000238418579,
              -11.430000305175781 4.2600002288818359 1.6000000238418579,
              -11.880000114440918 3.809999942779541 0,
              -11.880000114440918 3.809999942779541 1.6000000238418579,
              -11.430000305175781 3.3599998950958252 0,
              -11.430000305175781 3.3599998950958252 1.6000000238418579,
              -10.979999542236328 3.809999942779541 0,
              -10.979999542236328 3.809999942779541 1.6000000238418579,
              -8.8900003433227539 4.2600002288818359 0,
              -8.4399995803833008 3.809999942779541 0,
              -8.4399995803833008 3.809999942779541 1.6000000238418579,
              -8.8900003433227539 4.2600002288818359 1.6000000238418579,
              -9.3400001525878906 3.809999942779541 0,
              -9.3400001525878906 3.809999942779541 1.6000000238418579,
              -8.8900003433227539 3.3599998950958252 0,
              -8.8900003433227539 3.3599998950958252 1.6000000238418579,
              -8.4399995803833008 3.809999942779541 0,
              -8.4399995803833008 3.809999942779541 1.6000000238418579,
              -11.430000305175781 6.8000001907348633 0,
              -10.979999542236328 6.3499999046325684 0,
              -10.979999542236328 6.3499999046325684 1.6000000238418579,
              -11.430000305175781 6.8000001907348633 1.6000000238418579,
              -11.880000114440918 6.3499999046325684 0,
              -11.880000114440918 6.3499999046325684 1.6000000238418579,
              -11.430000305175781 5.9000000953674316 0,
              -11.430000305175781 5.9000000953674316 1.6000000238418579,
              -10.979999542236328 6.3499999046325684 0,
              -10.979999542236328 6.3499999046325684 1.6000000238418579,
              -11.430000305175781 9.3400001525878906 0,
              -10.979999542236328 8.8900003433227539 0,
              -10.979999542236328 8.8900003433227539 1.6000000238418579,
              -11.430000305175781 9.3400001525878906 1.6000000238418579,
              -11.880000114440918 8.8900003433227539 0,
              -11.880000114440918 8.8900003433227539 1.6000000238418579,
              -11.430000305175781 8.4399995803833008 0,
              -11.430000305175781 8.4399995803833008 1.6000000238418579,
              -10.979999542236328 8.8900003433227539 0,
              -10.979999542236328 8.8900003433227539 1.6000000238418579,
              -8.8900003433227539 6.8000001907348633 0,
              -8.4399995803833008 6.3499999046325684 0,
              -8.4399995803833008 6.3499999046325684 1.6000000238418579,
              -8.8900003433227539 6.8000001907348633 1.6000000238418579,
              -9.3400001525878906 6.3499999046325684 0,
              -9.3400001525878906 6.3499999046325684 1.6000000238418579,
              -8.8900003433227539 5.9000000953674316 0,
              -8.8900003433227539 5.9000000953674316 1.6000000238418579,
              -8.4399995803833008 6.3499999046325684 0,
              -8.4399995803833008 6.3499999046325684 1.6000000238418579,
              -8.8900003433227539 9.3400001525878906 0,
              -8.4399995803833008 8.8900003433227539 0,
              -8.4399995803833008 8.8900003433227539 1.6000000238418579,
              -8.8900003433227539 9.3400001525878906 1.6000000238418579,
              -9.3400001525878906 8.8900003433227539 0,
              -9.3400001525878906 8.8900003433227539 1.6000000238418579,
              -8.8900003433227539 8.4399995803833008 0,
              -8.8900003433227539 8.4399995803833008 1.6000000238418579,
              -8.4399995803833008 8.8900003433227539 0,
              -8.4399995803833008 8.8900003433227539 1.6000000238418579,
              -6.3499999046325684 9.3400001525878906 0,
              -5.9000000953674316 8.8900003433227539 0,
              -5.9000000953674316 8.8900003433227539 1.6000000238418579,
              -6.3499999046325684 9.3400001525878906 1.6000000238418579,
              -6.8000001907348633 8.8900003433227539 0,
              -6.8000001907348633 8.8900003433227539 1.6000000238418579,
              -6.3499999046325684 8.4399995803833008 0,
              -6.3499999046325684 8.4399995803833008 1.6000000238418579,
              -5.9000000953674316 8.8900003433227539 0,
              -5.9000000953674316 8.8900003433227539 1.6000000238418579,
              -11.430000305175781 11.880000114440918 0,
              -10.979999542236328 11.430000305175781 0,
              -10.979999542236328 11.430000305175781 1.6000000238418579,
              -11.430000305175781 11.880000114440918 1.6000000238418579,
              -11.880000114440918 11.430000305175781 0,
              -11.880000114440918 11.430000305175781 1.6000000238418579,
              -11.430000305175781 10.979999542236328 0,
              -11.430000305175781 10.979999542236328 1.6000000238418579,
              -10.979999542236328 11.430000305175781 0,
              -10.979999542236328 11.430000305175781 1.6000000238418579,
              -8.8900003433227539 11.880000114440918 0,
              -8.4399995803833008 11.430000305175781 0,
              -8.4399995803833008 11.430000305175781 1.6000000238418579,
              -8.8900003433227539 11.880000114440918 1.6000000238418579,
              -9.3400001525878906 11.430000305175781 0,
              -9.3400001525878906 11.430000305175781 1.6000000238418579,
              -8.8900003433227539 10.979999542236328 0,
              -8.8900003433227539 10.979999542236328 1.6000000238418579,
              -8.4399995803833008 11.430000305175781 0,
              -8.4399995803833008 11.430000305175781 1.6000000238418579,
              -6.3499999046325684 11.880000114440918 0,
              -5.9000000953674316 11.430000305175781 0,
              -5.9000000953674316 11.430000305175781 1.6000000238418579,
              -6.3499999046325684 11.880000114440918 1.6000000238418579,
              -6.8000001907348633 11.430000305175781 0,
              -6.8000001907348633 11.430000305175781 1.6000000238418579,
              -6.3499999046325684 10.979999542236328 0,
              -6.3499999046325684 10.979999542236328 1.6000000238418579,
              -5.9000000953674316 11.430000305175781 0,
              -5.9000000953674316 11.430000305175781 1.6000000238418579,
              -3.809999942779541 9.3400001525878906 0,
              -3.3599998950958252 8.8900003433227539 0,
              -3.3599998950958252 8.8900003433227539 1.6000000238418579,
              -3.809999942779541 9.3400001525878906 1.6000000238418579,
              -4.2600002288818359 8.8900003433227539 0,
              -4.2600002288818359 8.8900003433227539 1.6000000238418579,
              -3.809999942779541 8.4399995803833008 0,
              -3.809999942779541 8.4399995803833008 1.6000000238418579,
              -3.3599998950958252 8.8900003433227539 0,
              -3.3599998950958252 8.8900003433227539 1.6000000238418579,
              -1.2699999809265137 9.3400001525878906 0,
              -0.81999999284744263 8.8900003433227539 0,
              -0.81999999284744263 8.8900003433227539 1.6000000238418579,
              -1.2699999809265137 9.3400001525878906 1.6000000238418579,
              -1.7200000286102295 8.8900003433227539 0,
              -1.7200000286102295 8.8900003433227539 1.6000000238418579,
              -1.2699999809265137 8.4399995803833008 0,
              -1.2699999809265137 8.4399995803833008 1.6000000238418579,
              -0.81999999284744263 8.8900003433227539 0,
              -0.81999999284744263 8.8900003433227539 1.6000000238418579,
              -3.809999942779541 11.880000114440918 0,
              -3.3599998950958252 11.430000305175781 0,
              -3.3599998950958252 11.430000305175781 1.6000000238418579,
              -3.809999942779541 11.880000114440918 1.6000000238418579,
              -4.2600002288818359 11.430000305175781 0,
              -4.2600002288818359 11.430000305175781 1.6000000238418579,
              -3.809999942779541 10.979999542236328 0,
              -3.809999942779541 10.979999542236328 1.6000000238418579,
              -3.3599998950958252 11.430000305175781 0,
              -3.3599998950958252 11.430000305175781 1.6000000238418579,
              -1.2699999809265137 11.880000114440918 0,
              -0.81999999284744263 11.430000305175781 0,
              -0.81999999284744263 11.430000305175781 1.6000000238418579,
              -1.2699999809265137 11.880000114440918 1.6000000238418579,
              -1.7200000286102295 11.430000305175781 0,
              -1.7200000286102295 11.430000305175781 1.6000000238418579,
              -1.2699999809265137 10.979999542236328 0,
              -1.2699999809265137 10.979999542236328 1.6000000238418579,
              -0.81999999284744263 11.430000305175781 0,
              -0.81999999284744263 11.430000305175781 1.6000000238418579,
              8.8900003433227539 1.7200000286102295 0,
              9.3400001525878906 1.2699999809265137 0,
              9.3400001525878906 1.2699999809265137 1.6000000238418579,
              8.8900003433227539 1.7200000286102295 1.6000000238418579,
              8.4399995803833008 1.2699999809265137 0,
              8.4399995803833008 1.2699999809265137 1.6000000238418579,
              8.8900003433227539 0.81999999284744263 0,
              8.8900003433227539 0.81999999284744263 1.6000000238418579,
              9.3400001525878906 1.2699999809265137 0,
              9.3400001525878906 1.2699999809265137 1.6000000238418579,
              11.430000305175781 1.7200000286102295 0,
              11.880000114440918 1.2699999809265137 0,
              11.880000114440918 1.2699999809265137 1.6000000238418579,
              11.430000305175781 1.7200000286102295 1.6000000238418579,
              10.979999542236328 1.2699999809265137 0,
              10.979999542236328 1.2699999809265137 1.6000000238418579,
              11.430000305175781 0.81999999284744263 0,
              11.430000305175781 0.81999999284744263 1.6000000238418579,
              11.880000114440918 1.2699999809265137 0,
              11.880000114440918 1.2699999809265137 1.6000000238418579,
              8.8900003433227539 4.2600002288818359 0,
              9.3400001525878906 3.809999942779541 0,
              9.3400001525878906 3.809999942779541 1.6000000238418579,
              8.8900003433227539 4.2600002288818359 1.6000000238418579,
              8.4399995803833008 3.809999942779541 0,
              8.4399995803833008 3.809999942779541 1.6000000238418579,
              8.8900003433227539 3.3599998950958252 0,
              8.8900003433227539 3.3599998950958252 1.6000000238418579,
              9.3400001525878906 3.809999942779541 0,
              9.3400001525878906 3.809999942779541 1.6000000238418579,
              11.430000305175781 4.2600002288818359 0,
              11.880000114440918 3.809999942779541 0,
              11.880000114440918 3.809999942779541 1.6000000238418579,
              11.430000305175781 4.2600002288818359 1.6000000238418579,
              10.979999542236328 3.809999942779541 0,
              10.979999542236328 3.809999942779541 1.6000000238418579,
              11.430000305175781 3.3599998950958252 0,
              11.430000305175781 3.3599998950958252 1.6000000238418579,
              11.880000114440918 3.809999942779541 0,
              11.880000114440918 3.809999942779541 1.6000000238418579,
              1.2699999809265137 9.3400001525878906 0,
              1.7200000286102295 8.8900003433227539 0,
              1.7200000286102295 8.8900003433227539 1.6000000238418579,
              1.2699999809265137 9.3400001525878906 1.6000000238418579,
              0.81999999284744263 8.8900003433227539 0,
              0.81999999284744263 8.8900003433227539 1.6000000238418579,
              1.2699999809265137 8.4399995803833008 0,
              1.2699999809265137 8.4399995803833008 1.6000000238418579,
              1.7200000286102295 8.8900003433227539 0,
              1.7200000286102295 8.8900003433227539 1.6000000238418579,
              3.809999942779541 9.3400001525878906 0,
              4.2600002288818359 8.8900003433227539 0,
              4.2600002288818359 8.8900003433227539 1.6000000238418579,
              3.809999942779541 9.3400001525878906 1.6000000238418579,
              3.3599998950958252 8.8900003433227539 0,
              3.3599998950958252 8.8900003433227539 1.6000000238418579,
              3.809999942779541 8.4399995803833008 0,
              3.809999942779541 8.4399995803833008 1.6000000238418579,
              4.2600002288818359 8.8900003433227539 0,
              4.2600002288818359 8.8900003433227539 1.6000000238418579,
              1.2699999809265137 11.880000114440918 0,
              1.7200000286102295 11.430000305175781 0,
              1.7200000286102295 11.430000305175781 1.6000000238418579,
              1.2699999809265137 11.880000114440918 1.6000000238418579,
              0.81999999284744263 11.430000305175781 0,
              0.81999999284744263 11.430000305175781 1.6000000238418579,
              1.2699999809265137 10.979999542236328 0,
              1.2699999809265137 10.979999542236328 1.6000000238418579,
              1.7200000286102295 11.430000305175781 0,
              1.7200000286102295 11.430000305175781 1.6000000238418579,
              3.809999942779541 11.880000114440918 0,
              4.2600002288818359 11.430000305175781 0,
              4.2600002288818359 11.430000305175781 1.6000000238418579,
              3.809999942779541 11.880000114440918 1.6000000238418579,
              3.3599998950958252 11.430000305175781 0,
              3.3599998950958252 11.430000305175781 1.6000000238418579,
              3.809999942779541 10.979999542236328 0,
              3.809999942779541 10.979999542236328 1.6000000238418579,
              4.2600002288818359 11.430000305175781 0,
              4.2600002288818359 11.430000305175781 1.6000000238418579,
              8.8900003433227539 6.8000001907348633 0,
              9.3400001525878906 6.3499999046325684 0,
              9.3400001525878906 6.3499999046325684 1.6000000238418579,
              8.8900003433227539 6.8000001907348633 1.6000000238418579,
              8.4399995803833008 6.3499999046325684 0,
              8.4399995803833008 6.3499999046325684 1.6000000238418579,
              8.8900003433227539 5.9000000953674316 0,
              8.8900003433227539 5.9000000953674316 1.6000000238418579,
              9.3400001525878906 6.3499999046325684 0,
              9.3400001525878906 6.3499999046325684 1.6000000238418579,
              6.3499999046325684 9.3400001525878906 0,
              6.8000001907348633 8.8900003433227539 0,
              6.8000001907348633 8.8900003433227539 1.6000000238418579,
              6.3499999046325684 9.3400001525878906 1.6000000238418579,
              5.9000000953674316 8.8900003433227539 0,
              5.9000000953674316 8.8900003433227539 1.6000000238418579,
              6.3499999046325684 8.4399995803833008 0,
              6.3499999046325684 8.4399995803833008 1.6000000238418579,
              6.8000001907348633 8.8900003433227539 0,
              6.8000001907348633 8.8900003433227539 1.6000000238418579,
              8.8900003433227539 9.3400001525878906 0,
              9.3400001525878906 8.8900003433227539 0,
              9.3400001525878906 8.8900003433227539 1.6000000238418579,
              8.8900003433227539 9.3400001525878906 1.6000000238418579,
              8.4399995803833008 8.8900003433227539 0,
              8.4399995803833008 8.8900003433227539 1.6000000238418579,
              8.8900003433227539 8.4399995803833008 0,
              8.8900003433227539 8.4399995803833008 1.6000000238418579,
              9.3400001525878906 8.8900003433227539 0,
              9.3400001525878906 8.8900003433227539 1.6000000238418579,
              11.430000305175781 6.8000001907348633 0,
              11.880000114440918 6.3499999046325684 0,
              11.880000114440918 6.3499999046325684 1.6000000238418579,
              11.430000305175781 6.8000001907348633 1.6000000238418579,
              10.979999542236328 6.3499999046325684 0,
              10.979999542236328 6.3499999046325684 1.6000000238418579,
              11.430000305175781 5.9000000953674316 0,
              11.430000305175781 5.9000000953674316 1.6000000238418579,
              11.880000114440918 6.3499999046325684 0,
              11.880000114440918 6.3499999046325684 1.6000000238418579,
              11.430000305175781 9.3400001525878906 0,
              11.880000114440918 8.8900003433227539 0,
              11.880000114440918 8.8900003433227539 1.6000000238418579,
              11.430000305175781 9.3400001525878906 1.6000000238418579,
              10.979999542236328 8.8900003433227539 0,
              10.979999542236328 8.8900003433227539 1.6000000238418579,
              11.430000305175781 8.4399995803833008 0,
              11.430000305175781 8.4399995803833008 1.6000000238418579,
              11.880000114440918 8.8900003433227539 0,
              11.880000114440918 8.8900003433227539 1.6000000238418579,
              6.3499999046325684 11.880000114440918 0,
              6.8000001907348633 11.430000305175781 0,
              6.8000001907348633 11.430000305175781 1.6000000238418579,
              6.3499999046325684 11.880000114440918 1.6000000238418579,
              5.9000000953674316 11.430000305175781 0,
              5.9000000953674316 11.430000305175781 1.6000000238418579,
              6.3499999046325684 10.979999542236328 0,
              6.3499999046325684 10.979999542236328 1.6000000238418579,
              6.8000001907348633 11.430000305175781 0,
              6.8000001907348633 11.430000305175781 1.6000000238418579,
              8.8900003433227539 11.880000114440918 0,
              9.3400001525878906 11.430000305175781 0,
              9.3400001525878906 11.430000305175781 1.6000000238418579,
              8.8900003433227539 11.880000114440918 1.6000000238418579,
              8.4399995803833008 11.430000305175781 0,
              8.4399995803833008 11.430000305175781 1.6000000238418579,
              8.8900003433227539 10.979999542236328 0,
              8.8900003433227539 10.979999542236328 1.6000000238418579,
              9.3400001525878906 11.430000305175781 0,
              9.3400001525878906 11.430000305175781 1.6000000238418579,
              11.430000305175781 11.880000114440918 0,
              11.880000114440918 11.430000305175781 0,
              11.880000114440918 11.430000305175781 1.6000000238418579,
              11.430000305175781 11.880000114440918 1.6000000238418579,
              10.979999542236328 11.430000305175781 0,
              10.979999542236328 11.430000305175781 1.6000000238418579,
              11.430000305175781 10.979999542236328 0,
              11.430000305175781 10.979999542236328 1.6000000238418579,
              11.880000114440918 11.430000305175781 0,
              11.880000114440918 11.430000305175781 1.6000000238418579,
              ]
            }
            normal DEF VTKnormals Normal {
              vector [
           0 -1 -0,
           0 -1 -0,
           0 -1 -0,
           0 -1 -0,
           -0.70710676908493042 -0.70710676908493042 -0,
           -0.70710676908493042 -0.70710676908493042 -0,
           -0.70710676908493042 -0.70710676908493042 -0,
           -0.70710676908493042 -0.70710676908493042 -0,
           1 -0 -0,
           1 -0 -0,
           1 -0 -0,
           1 -0 -0,
           -0 -0 -1,
           -0 -0 -1,
           -0 -0 -1,
           -0 -0 -1,
           -0 -0 -1,
           -0 -0 -1,
           -0 -0 -1,
           -0 -0 -1,
           -0 -0 -1,
           -0 -0 -1,
           -0 -0 -1,
           -0 -0 -1,
           -0 -0 -1,
           -0 -0 -1,
           -0 -0 -1,
           -0 -0 -1,
           -0 -0 -1,
           -0 -0 -1,
           -0 -0 -1,
           -0 -0 -1,
           -0 -0 -1,
           -0 -0 -1,
           -0 -0 -1,
           -0 -0 -1,
           -0 -0 -1,
           -0 -0 -1,
           -0 -0 -1,
           -0 -0 -1,
           -0 -0 -1,
           -0 -0 -1,
           -0 -0 -1,
           -0 -0 -1,
           -0 -0 -1,
           -0 -0 -1,
           -0 -0 -1,
           -0 -0 -1,
           -0 -0 -1,
           -0 -0 -1,
           -0 -0 -1,
           -0 -0 -1,
           -0 -0 -1,
           -0 -0 -1,
           -0 -0 -1,
           -0 -0 -1,
           -0 -0 -1,
           -0 -0 -1,
           -0 -0 -1,
           -0 -0 -1,
           -0 -0 -1,
           -0 -0 -1,
           -0 -0 -1,
           -0 -0 -1,
           -0 -0 -1,
           -0 -0 -1,
           -0 -0 -1,
           -0 -0 -1,
           -0 -0 -1,
           -0 -0 -1,
           -0 -0 -1,
           -0 -0 -1,
           -0 -0 -1,
           -0 -0 -1,
           -0 -0 -1,
           -0 -0 -1,
           -0 -0 -1,
           -0 -0 -1,
           -0 -0 -1,
           -0 -0 -1,
           -0 -0 -1,
           -0 -0 -1,
           -0 -0 -1,
           -0 -0 -1,
           -0 -0 -1,
           -0 -0 -1,
           -0 -0 -1,
           -0 -0 -1,
           -0 -0 -1,
           -0 -0 -1,
           -0 -0 -1,
           -0 -0 -1,
           -0 -0 -1,
           -0 -0 -1,
           -0 -0 -1,
           -0 -0 -1,
           -0 -0 -1,
           -0 -0 -1,
           -0 -0 -1,
           -0 -0 -1,
           -0 -0 -1,
           -0 -0 -1,
           -0 -0 -1,
           -0 -0 -1,
           -0 -0 -1,
           -0 -0 -1,
           -0 -0 -1,
           -0 -0 -1,
           -0 -0 -1,
           -0 -0 -1,
           -0 -0 -1,
           -0 -0 -1,
           -0 -0 -1,
           -0 -0 -1,
           -0 -0 -1,
           -0 -0 -1,
           -0 -0 -1,
           -0 -0 -1,
           -0 -0 -1,
           -0 -0 -1,
           -0 -0 -1,
           -0 -0 -1,
           -0 -0 -1,
           -0 -0 -1,
           -0 -0 -1,
           -0 -0 -1,
           -0 -0 -1,
           -0 -0 -1,
           -0 -0 -1,
           -0 -0 -1,
           -0 -0 -1,
           -0 -0 -1,
           -0 -0 -1,
           -0 -0 -1,
           -0 -0 -1,
           -0 -0 -1,
           -0 -0 -1,
           -0 -0 -1,
           -0 -0 -1,
           -0 -0 -1,
           -0 -0 -1,
           -0 -0 -1,
           -0 -0 -1,
           -0 -0 -1,
           -0 -0 -1,
           -0 -0 -1,
           -0 -0 -1,
           -0 -0 -1,
           -0 -0 -1,
           -0 -0 -1,
           -0 -0 -1,
           -0 -0 -1,
           -0 -0 -1,
           -0 -0 -1,
           -0 -0 -1,
           -0 -0 -1,
           -0 -0 -1,
           -0 -0 -1,
           -0 -0 -1,
           -0 -0 -1,
           -0 -0 -1,
           -0 -0 -1,
           -0 -0 -1,
           -0 -0 -1,
           -0 -0 -1,
           -0 -0 -1,
           -0 -0 -1,
           -0 -0 -1,
           -0 -0 -1,
           -0 -0 -1,
           -0 -0 -1,
           -0 -0 -1,
           -0 -0 -1,
           -0 -0 -1,
           -0 -0 -1,
           -0 -0 -1,
           -0 -0 -1,
           -0 -0 -1,
           -0 -0 -1,
           -0 -0 -1,
           -0 -0 -1,
           -0 -0 -1,
           -0 -0 -1,
           -0 -0 -1,
           -0 -0 -1,
           -0 -0 -1,
           -0 -0 -1,
           -0 -0 -1,
           -0 -0 -1,
           -0 -0 -1,
           -0 -0 -1,
           -0 -0 -1,
           -0 -0 -1,
           -0 -0 -1,
           -0 -0 -1,
           -0 -0 -1,
           -0 -0 -1,
           -0 -0 -1,
           -0 -0 -1,
           -0 -0 -1,
           -0 -0 -1,
           -0 -0 -1,
           -0 -0 -1,
           -0 -0 -1,
           -0 -0 -1,
           -0 -0 -1,
           -0 -0 -1,
           -0 -0 -1,
           -0 -0 -1,
           -0 -0 -1,
           -0 -0 -1,
           -0 -0 -1,
           -0 -0 -1,
           -0 -0 -1,
           -0 -0 -1,
           -0 -0 -1,
           -0 -0 -1,
           -0 -0 -1,
           -0 -0 -1,
           -0 -0 -1,
           -0 -0 -1,
           -0 -0 -1,
           -0 -0 -1,
           -0 -0 -1,
           -0 -0 -1,
           -0 -0 -1,
           -0 -0 -1,
           -0 -0 -1,
           -0 -0 -1,
           -0 -0 -1,
           -0 -0 -1,
           -0 -0 -1,
           -0 -0 -1,
           -0 -0 -1,
           -0 -0 -1,
           -0 -0 -1,
           -0 -0 -1,
           -0 -0 -1,
           -0 -0 -1,
           -0 -0 -1,
           -0 -0 -1,
           -0 -0 -1,
           -0 -0 -1,
           -0 -0 -1,
           -0 -0 -1,
           -0 -0 -1,
           -0 -0 -1,
           -0 -0 -1,
           -0 -0 -1,
           -0 -0 -1,
           -0 -0 -1,
           -0 -0 -1,
           -0 -0 -1,
           -0 -0 -1,
           -0 -0 -1,
           -0 -0 -1,
           -0 -0 -1,
           -0 -0 -1,
           -0 -0 -1,
           -0 -0 -1,
           -0 -0 -1,
           -0 -0 -1,
           -0 -0 -1,
           -0 -0 -1,
           -0 -0 -1,
           -0 -0 -1,
           -0 -0 -1,
           -0 -0 -1,
           -0 -0 -1,
           -0 -0 -1,
           -0 -0 -1,
           -0 -0 -1,
           -0 -0 -1,
           0 0 1,
           0 0 1,
           0 0 1,
           0 0 1,
           0 0 1,
           0 0 1,
           0 0 1,
           0 0 1,
           0 0 1,
           0 0 1,
           0 0 1,
           0 0 1,
           0 0 1,
           0 0 1,
           0 0 1,
           0 0 1,
           0 0 1,
           0 0 1,
           0 0 1,
           0 0 1,
           0 0 1,
           0 0 1,
           0 0 1,
           0 0 1,
           0 0 1,
           0 0 1,
           0 0 1,
           0 0 1,
           0 0 1,
           0 0 1,
           0 0 1,
           0 0 1,
           0 0 1,
           0 0 1,
           0 0 1,
           0 0 1,
           0 0 1,
           0 0 1,
           0 0 1,
           0 0 1,
           0 0 1,
           0 0 1,
           0 0 1,
           0 0 1,
           0 0 1,
           0 0 1,
           0 0 1,
           0 0 1,
           0 0 1,
           0 0 1,
           0 0 1,
           0 0 1,
           0 0 1,
           0 0 1,
           0 0 1,
           0 0 1,
           0 0 1,
           0 0 1,
           0 0 1,
           0 0 1,
           0 0 1,
           0 0 1,
           0 0 1,
           0 0 1,
           0 0 1,
           0 0 1,
           0 0 1,
           0 0 1,
           0 0 1,
           0 0 1,
           0 0 1,
           0 0 1,
           0 0 1,
           0 0 1,
           0 0 1,
           0 0 1,
           0 0 1,
           0 0 1,
           0 0 1,
           0 0 1,
           0 0 1,
           0 0 1,
           0 0 1,
           0 0 1,
           0 0 1,
           0 0 1,
           0 0 1,
           0 0 1,
           0 0 1,
           0 0 1,
           0 0 1,
           0 0 1,
           0 0 1,
           0 0 1,
           0 0 1,
           0 0 1,
           0 0 1,
           0 0 1,
           0 0 1,
           0 0 1,
           0 0 1,
           0 0 1,
           0 0 1,
           0 0 1,
           0 0 1,
           0 0 1,
           0 0 1,
           0 0 1,
           0 0 1,
           0 0 1,
           0 0 1,
           0 0 1,
           0 0 1,
           0 0 1,
           0 0 1,
           0 0 1,
           0 0 1,
           0 0 1,
           0 0 1,
           0 0 1,
           0 0 1,
           0 0 1,
           0 0 1,
           0 0 1,
           0 0 1,
           0 0 1,
           0 0 1,
           0 0 1,
           0 0 1,
           0 0 1,
           0 0 1,
           0 0 1,
           0 0 1,
           0 0 1,
           0 0 1,
           0 0 1,
           0 0 1,
           0 0 1,
           0 0 1,
           0 0 1,
           0 0 1,
           0 0 1,
           0 0 1,
           0 0 1,
           0 0 1,
           0 0 1,
           0 0 1,
           0 0 1,
           0 0 1,
           0 0 1,
           0 0 1,
           0 0 1,
           0 0 1,
           0 0 1,
           0 0 1,
           0 0 1,
           0 0 1,
           0 0 1,
           0 0 1,
           0 0 1,
           0 0 1,
           0 0 1,
           0 0 1,
           0 0 1,
           0 0 1,
           0 0 1,
           0 0 1,
           0 0 1,
           0 0 1,
           0 0 1,
           0 0 1,
           0 0 1,
           0 0 1,
           0 0 1,
           0 0 1,
           0 0 1,
           0 0 1,
           0 0 1,
           0 0 1,
           0 0 1,
           0 0 1,
           0 0 1,
           0 0 1,
           0 0 1,
           0 0 1,
           0 0 1,
           0 0 1,
           0 0 1,
           0 0 1,
           0 0 1,
           0 0 1,
           0 0 1,
           0 0 1,
           0 0 1,
           0 0 1,
           0 0 1,
           0 0 1,
           0 0 1,
           0 0 1,
           0 0 1,
           0 0 1,
           0 0 1,
           0 0 1,
           0 0 1,
           0 0 1,
           0 0 1,
           0 0 1,
           0 0 1,
           0 0 1,
           0 0 1,
           0 0 1,
           0 0 1,
           0 0 1,
           0 0 1,
           0 0 1,
           0 0 1,
           0 0 1,
           0 0 1,
           0 0 1,
           0 0 1,
           0 0 1,
           0 0 1,
           0 0 1,
           0 0 1,
           0 0 1,
           0 0 1,
           0 0 1,
           0 0 1,
           0 0 1,
           0 0 1,
           0 0 1,
           0 0 1,
           0 0 1,
           0 0 1,
           0 0 1,
           0 0 1,
           0 0 1,
           0 0 1,
           0 0 1,
           0 0 1,
           0 0 1,
           0 0 1,
           0 0 1,
           0 0 1,
           0 0 1,
           0 0 1,
           0 0 1,
           0 0 1,
           0 0 1,
           0 0 1,
           0 0 1,
           0 0 1,
           0 0 1,
           0 0 1,
           0 0 1,
           0 0 1,
           0 0 1,
           0 0 1,
           0 0 1,
           0 0 1,
           0 0 1,
           -1 -0 -0,
           -1 -0 -0,
           -1 -0 -0,
           -1 -0 -0,
           -0 1 -0,
           -0 1 -0,
           -0 1 -0,
           -0 1 -0,
           -6.1232342629258393e-17 -1 0,
           -1 0 0,
           -1 0 0,
           -6.1232342629258393e-17 -1 0,
           1 -1.2246468525851679e-16 0,
           1 -1.2246468525851679e-16 0,
           1.8369701465288538e-16 1 -0,
           1.8369701465288538e-16 1 -0,
           -1 2.4492937051703357e-16 0,
           -1 2.4492937051703357e-16 0,
           -6.1232342629258393e-17 -1 0,
           -1 0 0,
           -1 0 0,
           -6.1232342629258393e-17 -1 0,
           1 -1.2246468525851679e-16 0,
           1 -1.2246468525851679e-16 0,
           1.8369701465288538e-16 1 -0,
           1.8369701465288538e-16 1 -0,
           -1 2.4492937051703357e-16 0,
           -1 2.4492937051703357e-16 0,
           -6.1232342629258393e-17 -1 0,
           -1 0 0,
           -1 0 0,
           -6.1232342629258393e-17 -1 0,
           1 -1.2246468525851679e-16 0,
           1 -1.2246468525851679e-16 0,
           1.8369701465288538e-16 1 -0,
           1.8369701465288538e-16 1 -0,
           -1 2.4492937051703357e-16 0,
           -1 2.4492937051703357e-16 0,
           -6.1232342629258393e-17 -1 0,
           -1 0 0,
           -1 0 0,
           -6.1232342629258393e-17 -1 0,
           1 -1.2246468525851679e-16 0,
           1 -1.2246468525851679e-16 0,
           1.8369701465288538e-16 1 -0,
           1.8369701465288538e-16 1 -0,
           -1 2.4492937051703357e-16 0,
           -1 2.4492937051703357e-16 0,
           -6.1232342629258393e-17 -1 0,
           -1 0 0,
           -1 0 0,
           -6.1232342629258393e-17 -1 0,
           1 -1.2246468525851679e-16 0,
           1 -1.2246468525851679e-16 0,
           1.8369701465288538e-16 1 -0,
           1.8369701465288538e-16 1 -0,
           -1 2.4492937051703357e-16 0,
           -1 2.4492937051703357e-16 0,
           -6.1232342629258393e-17 -1 0,
           -1 0 0,
           -1 0 0,
           -6.1232342629258393e-17 -1 0,
           1 -1.2246468525851679e-16 0,
           1 -1.2246468525851679e-16 0,
           1.8369701465288538e-16 1 -0,
           1.8369701465288538e-16 1 -0,
           -1 2.4492937051703357e-16 0,
           -1 2.4492937051703357e-16 0,
           -6.1232342629258393e-17 -1 0,
           -1 0 0,
           -1 0 0,
           -6.1232342629258393e-17 -1 0,
           1 -1.2246468525851679e-16 0,
           1 -1.2246468525851679e-16 0,
           1.8369701465288538e-16 1 -0,
           1.8369701465288538e-16 1 -0,
           -1 2.4492937051703357e-16 0,
           -1 2.4492937051703357e-16 0,
           -6.1232342629258393e-17 -1 0,
           -1 0 0,
           -1 0 0,
           -6.1232342629258393e-17 -1 0,
           1 -1.2246468525851679e-16 0,
           1 -1.2246468525851679e-16 0,
           1.8369701465288538e-16 1 -0,
           1.8369701465288538e-16 1 -0,
           -1 2.4492937051703357e-16 0,
           -1 2.4492937051703357e-16 0,
           -6.1232342629258393e-17 -1 0,
           -1 0 0,
           -1 0 0,
           -6.1232342629258393e-17 -1 0,
           1 -1.2246468525851679e-16 0,
           1 -1.2246468525851679e-16 0,
           1.8369701465288538e-16 1 -0,
           1.8369701465288538e-16 1 -0,
           -1 2.4492937051703357e-16 0,
           -1 2.4492937051703357e-16 0,
           -6.1232342629258393e-17 -1 0,
           -1 0 0,
           -1 0 0,
           -6.1232342629258393e-17 -1 0,
           1 -1.2246468525851679e-16 0,
           1 -1.2246468525851679e-16 0,
           1.8369701465288538e-16 1 -0,
           1.8369701465288538e-16 1 -0,
           -1 2.4492937051703357e-16 0,
           -1 2.4492937051703357e-16 0,
           -6.1232342629258393e-17 -1 0,
           -1 0 0,
           -1 0 0,
           -6.1232342629258393e-17 -1 0,
           1 -1.2246468525851679e-16 0,
           1 -1.2246468525851679e-16 0,
           1.8369701465288538e-16 1 -0,
           1.8369701465288538e-16 1 -0,
           -1 2.4492937051703357e-16 0,
           -1 2.4492937051703357e-16 0,
           -6.1232342629258393e-17 -1 0,
           -1 0 0,
           -1 0 0,
           -6.1232342629258393e-17 -1 0,
           1 -1.2246468525851679e-16 0,
           1 -1.2246468525851679e-16 0,
           1.8369701465288538e-16 1 -0,
           1.8369701465288538e-16 1 -0,
           -1 2.4492937051703357e-16 0,
           -1 2.4492937051703357e-16 0,
           -6.1232342629258393e-17 -1 0,
           -1 0 0,
           -1 0 0,
           -6.1232342629258393e-17 -1 0,
           1 -1.2246468525851679e-16 0,
           1 -1.2246468525851679e-16 0,
           1.8369701465288538e-16 1 -0,
           1.8369701465288538e-16 1 -0,
           -1 2.4492937051703357e-16 0,
           -1 2.4492937051703357e-16 0,
           -6.1232342629258393e-17 -1 0,
           -1 0 0,
           -1 0 0,
           -6.1232342629258393e-17 -1 0,
           1 -1.2246468525851679e-16 0,
           1 -1.2246468525851679e-16 0,
           1.8369701465288538e-16 1 -0,
           1.8369701465288538e-16 1 -0,
           -1 2.4492937051703357e-16 0,
           -1 2.4492937051703357e-16 0,
           -6.1232342629258393e-17 -1 0,
           -1 0 0,
           -1 0 0,
           -6.1232342629258393e-17 -1 0,
           1 -1.2246468525851679e-16 0,
           1 -1.2246468525851679e-16 0,
           1.8369701465288538e-16 1 -0,
           1.8369701465288538e-16 1 -0,
           -1 2.4492937051703357e-16 0,
           -1 2.4492937051703357e-16 0,
           -6.1232342629258393e-17 -1 0,
           -1 0 0,
           -1 0 0,
           -6.1232342629258393e-17 -1 0,
           1 -1.2246468525851679e-16 0,
           1 -1.2246468525851679e-16 0,
           1.8369701465288538e-16 1 -0,
           1.8369701465288538e-16 1 -0,
           -1 2.4492937051703357e-16 0,
           -1 2.4492937051703357e-16 0,
           -6.1232342629258393e-17 -1 0,
           -1 0 0,
           -1 0 0,
           -6.1232342629258393e-17 -1 0,
           1 -1.2246468525851679e-16 0,
           1 -1.2246468525851679e-16 0,
           1.8369701465288538e-16 1 -0,
           1.8369701465288538e-16 1 -0,
           -1 2.4492937051703357e-16 0,
           -1 2.4492937051703357e-16 0,
           -6.1232342629258393e-17 -1 0,
           -1 0 0,
           -1 0 0,
           -6.1232342629258393e-17 -1 0,
           1 -1.2246468525851679e-16 0,
           1 -1.2246468525851679e-16 0,
           1.8369701465288538e-16 1 -0,
           1.8369701465288538e-16 1 -0,
           -1 2.4492937051703357e-16 0,
           -1 2.4492937051703357e-16 0,
           -6.1232342629258393e-17 -1 0,
           -1 0 0,
           -1 0 0,
           -6.1232342629258393e-17 -1 0,
           1 -1.2246468525851679e-16 0,
           1 -1.2246468525851679e-16 0,
           1.8369701465288538e-16 1 -0,
           1.8369701465288538e-16 1 -0,
           -1 2.4492937051703357e-16 0,
           -1 2.4492937051703357e-16 0,
           -6.1232342629258393e-17 -1 0,
           -1 0 0,
           -1 0 0,
           -6.1232342629258393e-17 -1 0,
           1 -1.2246468525851679e-16 0,
           1 -1.2246468525851679e-16 0,
           1.8369701465288538e-16 1 -0,
           1.8369701465288538e-16 1 -0,
           -1 2.4492937051703357e-16 0,
           -1 2.4492937051703357e-16 0,
           -6.1232342629258393e-17 -1 0,
           -1 0 0,
           -1 0 0,
           -6.1232342629258393e-17 -1 0,
           1 -1.2246468525851679e-16 0,
           1 -1.2246468525851679e-16 0,
           1.8369701465288538e-16 1 -0,
           1.8369701465288538e-16 1 -0,
           -1 2.4492937051703357e-16 0,
           -1 2.4492937051703357e-16 0,
           -6.1232342629258393e-17 -1 0,
           -1 0 0,
           -1 0 0,
           -6.1232342629258393e-17 -1 0,
           1 -1.2246468525851679e-16 0,
           1 -1.2246468525851679e-16 0,
           1.8369701465288538e-16 1 -0,
           1.8369701465288538e-16 1 -0,
           -1 2.4492937051703357e-16 0,
           -1 2.4492937051703357e-16 0,
           -6.1232342629258393e-17 -1 0,
           -1 0 0,
           -1 0 0,
           -6.1232342629258393e-17 -1 0,
           1 -1.2246468525851679e-16 0,
           1 -1.2246468525851679e-16 0,
           1.8369701465288538e-16 1 -0,
           1.8369701465288538e-16 1 -0,
           -1 2.4492937051703357e-16 0,
           -1 2.4492937051703357e-16 0,
           -6.1232342629258393e-17 -1 0,
           -1 0 0,
           -1 0 0,
           -6.1232342629258393e-17 -1 0,
           1 -1.2246468525851679e-16 0,
           1 -1.2246468525851679e-16 0,
           1.8369701465288538e-16 1 -0,
           1.8369701465288538e-16 1 -0,
           -1 2.4492937051703357e-16 0,
           -1 2.4492937051703357e-16 0,
           -6.1232342629258393e-17 -1 0,
           -1 0 0,
           -1 0 0,
           -6.1232342629258393e-17 -1 0,
           1 -1.2246468525851679e-16 0,
           1 -1.2246468525851679e-16 0,
           1.8369701465288538e-16 1 -0,
           1.8369701465288538e-16 1 -0,
           -1 2.4492937051703357e-16 0,
           -1 2.4492937051703357e-16 0,
           -6.1232342629258393e-17 -1 0,
           -1 0 0,
           -1 0 0,
           -6.1232342629258393e-17 -1 0,
           1 -1.2246468525851679e-16 0,
           1 -1.2246468525851679e-16 0,
           1.8369701465288538e-16 1 -0,
           1.8369701465288538e-16 1 -0,
           -1 2.4492937051703357e-16 0,
           -1 2.4492937051703357e-16 0,
           -6.1232342629258393e-17 -1 0,
           -1 0 0,
           -1 0 0,
           -6.1232342629258393e-17 -1 0,
           1 -1.2246468525851679e-16 0,
           1 -1.2246468525851679e-16 0,
           1.8369701465288538e-16 1 -0,
           1.8369701465288538e-16 1 -0,
           -1 2.4492937051703357e-16 0,
           -1 2.4492937051703357e-16 0,
           -6.1232342629258393e-17 -1 0,
           -1 0 0,
           -1 0 0,
           -6.1232342629258393e-17 -1 0,
           1 -1.2246468525851679e-16 0,
           1 -1.2246468525851679e-16 0,
           1.8369701465288538e-16 1 -0,
           1.8369701465288538e-16 1 -0,
           -1 2.4492937051703357e-16 0,
           -1 2.4492937051703357e-16 0,
           -6.1232342629258393e-17 -1 0,
           -1 0 0,
           -1 0 0,
           -6.1232342629258393e-17 -1 0,
           1 -1.2246468525851679e-16 0,
           1 -1.2246468525851679e-16 0,
           1.8369701465288538e-16 1 -0,
           1.8369701465288538e-16 1 -0,
           -1 2.4492937051703357e-16 0,
           -1 2.4492937051703357e-16 0,
           -6.1232342629258393e-17 -1 0,
           -1 0 0,
           -1 0 0,
           -6.1232342629258393e-17 -1 0,
           1 -1.2246468525851679e-16 0,
           1 -1.2246468525851679e-16 0,
           1.8369701465288538e-16 1 -0,
           1.8369701465288538e-16 1 -0,
           -1 2.4492937051703357e-16 0,
           -1 2.4492937051703357e-16 0,
           -6.1232342629258393e-17 -1 0,
           -1 0 0,
           -1 0 0,
           -6.1232342629258393e-17 -1 0,
           1 -1.2246468525851679e-16 0,
           1 -1.2246468525851679e-16 0,
           1.8369701465288538e-16 1 -0,
           1.8369701465288538e-16 1 -0,
           -1 2.4492937051703357e-16 0,
           -1 2.4492937051703357e-16 0,
           -6.1232342629258393e-17 -1 0,
           -1 0 0,
           -1 0 0,
           -6.1232342629258393e-17 -1 0,
           1 -1.2246468525851679e-16 0,
           1 -1.2246468525851679e-16 0,
           1.8369701465288538e-16 1 -0,
           1.8369701465288538e-16 1 -0,
           -1 2.4492937051703357e-16 0,
           -1 2.4492937051703357e-16 0,
           -6.1232342629258393e-17 -1 0,
           -1 0 0,
           -1 0 0,
           -6.1232342629258393e-17 -1 0,
           1 -1.2246468525851679e-16 0,
           1 -1.2246468525851679e-16 0,
           1.8369701465288538e-16 1 -0,
           1.8369701465288538e-16 1 -0,
           -1 2.4492937051703357e-16 0,
           -1 2.4492937051703357e-16 0,
           -6.1232342629258393e-17 -1 0,
           -1 0 0,
           -1 0 0,
           -6.1232342629258393e-17 -1 0,
           1 -1.2246468525851679e-16 0,
           1 -1.2246468525851679e-16 0,
           1.8369701465288538e-16 1 -0,
           1.8369701465288538e-16 1 -0,
           -1 2.4492937051703357e-16 0,
           -1 2.4492937051703357e-16 0,
           -6.1232342629258393e-17 -1 0,
           -1 0 0,
           -1 0 0,
           -6.1232342629258393e-17 -1 0,
           1 -1.2246468525851679e-16 0,
           1 -1.2246468525851679e-16 0,
           1.8369701465288538e-16 1 -0,
           1.8369701465288538e-16 1 -0,
           -1 2.4492937051703357e-16 0,
           -1 2.4492937051703357e-16 0,
           -6.1232342629258393e-17 -1 0,
           -1 0 0,
           -1 0 0,
           -6.1232342629258393e-17 -1 0,
           1 -1.2246468525851679e-16 0,
           1 -1.2246468525851679e-16 0,
           1.8369701465288538e-16 1 -0,
           1.8369701465288538e-16 1 -0,
           -1 2.4492937051703357e-16 0,
           -1 2.4492937051703357e-16 0,
           -6.1232342629258393e-17 -1 0,
           -1 0 0,
           -1 0 0,
           -6.1232342629258393e-17 -1 0,
           1 -1.2246468525851679e-16 0,
           1 -1.2246468525851679e-16 0,
           1.8369701465288538e-16 1 -0,
           1.8369701465288538e-16 1 -0,
           -1 2.4492937051703357e-16 0,
           -1 2.4492937051703357e-16 0,
           -6.1232342629258393e-17 -1 0,
           -1 0 0,
           -1 0 0,
           -6.1232342629258393e-17 -1 0,
           1 -1.2246468525851679e-16 0,
           1 -1.2246468525851679e-16 0,
           1.8369701465288538e-16 1 -0,
           1.8369701465288538e-16 1 -0,
           -1 2.4492937051703357e-16 0,
           -1 2.4492937051703357e-16 0,
           -6.1232342629258393e-17 -1 0,
           -1 0 0,
           -1 0 0,
           -6.1232342629258393e-17 -1 0,
           1 -1.2246468525851679e-16 0,
           1 -1.2246468525851679e-16 0,
           1.8369701465288538e-16 1 -0,
           1.8369701465288538e-16 1 -0,
           -1 2.4492937051703357e-16 0,
           -1 2.4492937051703357e-16 0,
           -6.1232342629258393e-17 -1 0,
           -1 0 0,
           -1 0 0,
           -6.1232342629258393e-17 -1 0,
           1 -1.2246468525851679e-16 0,
           1 -1.2246468525851679e-16 0,
           1.8369701465288538e-16 1 -0,
           1.8369701465288538e-16 1 -0,
           -1 2.4492937051703357e-16 0,
           -1 2.4492937051703357e-16 0,
           -6.1232342629258393e-17 -1 0,
           -1 0 0,
           -1 0 0,
           -6.1232342629258393e-17 -1 0,
           1 -1.2246468525851679e-16 0,
           1 -1.2246468525851679e-16 0,
           1.8369701465288538e-16 1 -0,
           1.8369701465288538e-16 1 -0,
           -1 2.4492937051703357e-16 0,
           -1 2.4492937051703357e-16 0,
           -6.1232342629258393e-17 -1 0,
           -1 0 0,
           -1 0 0,
           -6.1232342629258393e-17 -1 0,
           1 -1.2246468525851679e-16 0,
           1 -1.2246468525851679e-16 0,
           1.8369701465288538e-16 1 -0,
           1.8369701465288538e-16 1 -0,
           -1 2.4492937051703357e-16 0,
           -1 2.4492937051703357e-16 0,
           -6.1232342629258393e-17 -1 0,
           -1 0 0,
           -1 0 0,
           -6.1232342629258393e-17 -1 0,
           1 -1.2246468525851679e-16 0,
           1 -1.2246468525851679e-16 0,
           1.8369701465288538e-16 1 -0,
           1.8369701465288538e-16 1 -0,
           -1 2.4492937051703357e-16 0,
           -1 2.4492937051703357e-16 0,
           -6.1232342629258393e-17 -1 0,
           -1 0 0,
           -1 0 0,
           -6.1232342629258393e-17 -1 0,
           1 -1.2246468525851679e-16 0,
           1 -1.2246468525851679e-16 0,
           1.8369701465288538e-16 1 -0,
           1.8369701465288538e-16 1 -0,
           -1 2.4492937051703357e-16 0,
           -1 2.4492937051703357e-16 0,
           -6.1232342629258393e-17 -1 0,
           -1 0 0,
           -1 0 0,
           -6.1232342629258393e-17 -1 0,
           1 -1.2246468525851679e-16 0,
           1 -1.2246468525851679e-16 0,
           1.8369701465288538e-16 1 -0,
           1.8369701465288538e-16 1 -0,
           -1 2.4492937051703357e-16 0,
           -1 2.4492937051703357e-16 0,
           -6.1232342629258393e-17 -1 0,
           -1 0 0,
           -1 0 0,
           -6.1232342629258393e-17 -1 0,
           1 -1.2246468525851679e-16 0,
           1 -1.2246468525851679e-16 0,
           1.8369701465288538e-16 1 -0,
           1.8369701465288538e-16 1 -0,
           -1 2.4492937051703357e-16 0,
           -1 2.4492937051703357e-16 0,
           -6.1232342629258393e-17 -1 0,
           -1 0 0,
           -1 0 0,
           -6.1232342629258393e-17 -1 0,
           1 -1.2246468525851679e-16 0,
           1 -1.2246468525851679e-16 0,
           1.8369701465288538e-16 1 -0,
           1.8369701465288538e-16 1 -0,
           -1 2.4492937051703357e-16 0,
           -1 2.4492937051703357e-16 0,
           -6.1232342629258393e-17 -1 0,
           -1 0 0,
           -1 0 0,
           -6.1232342629258393e-17 -1 0,
           1 -1.2246468525851679e-16 0,
           1 -1.2246468525851679e-16 0,
           1.8369701465288538e-16 1 -0,
           1.8369701465288538e-16 1 -0,
           -1 2.4492937051703357e-16 0,
           -1 2.4492937051703357e-16 0,
           -6.1232342629258393e-17 -1 0,
           -1 0 0,
           -1 0 0,
           -6.1232342629258393e-17 -1 0,
           1 -1.2246468525851679e-16 0,
           1 -1.2246468525851679e-16 0,
           1.8369701465288538e-16 1 -0,
           1.8369701465288538e-16 1 -0,
           -1 2.4492937051703357e-16 0,
           -1 2.4492937051703357e-16 0,
           -6.1232342629258393e-17 -1 0,
           -1 0 0,
           -1 0 0,
           -6.1232342629258393e-17 -1 0,
           1 -1.2246468525851679e-16 0,
           1 -1.2246468525851679e-16 0,
           1.8369701465288538e-16 1 -0,
           1.8369701465288538e-16 1 -0,
           -1 2.4492937051703357e-16 0,
           -1 2.4492937051703357e-16 0,
           -6.1232342629258393e-17 -1 0,
           -1 0 0,
           -1 0 0,
           -6.1232342629258393e-17 -1 0,
           1 -1.2246468525851679e-16 0,
           1 -1.2246468525851679e-16 0,
           1.8369701465288538e-16 1 -0,
           1.8369701465288538e-16 1 -0,
           -1 2.4492937051703357e-16 0,
           -1 2.4492937051703357e-16 0,
           -6.1232342629258393e-17 -1 0,
           -1 0 0,
           -1 0 0,
           -6.1232342629258393e-17 -1 0,
           1 -1.2246468525851679e-16 0,
           1 -1.2246468525851679e-16 0,
           1.8369701465288538e-16 1 -0,
           1.8369701465288538e-16 1 -0,
           -1 2.4492937051703357e-16 0,
           -1 2.4492937051703357e-16 0,
           -6.1232342629258393e-17 -1 0,
           -1 0 0,
           -1 0 0,
           -6.1232342629258393e-17 -1 0,
           1 -1.2246468525851679e-16 0,
           1 -1.2246468525851679e-16 0,
           1.8369701465288538e-16 1 -0,
           1.8369701465288538e-16 1 -0,
           -1 2.4492937051703357e-16 0,
           -1 2.4492937051703357e-16 0,
           -6.1232342629258393e-17 -1 0,
           -1 0 0,
           -1 0 0,
           -6.1232342629258393e-17 -1 0,
           1 -1.2246468525851679e-16 0,
           1 -1.2246468525851679e-16 0,
           1.8369701465288538e-16 1 -0,
           1.8369701465288538e-16 1 -0,
           -1 2.4492937051703357e-16 0,
           -1 2.4492937051703357e-16 0,
           -6.1232342629258393e-17 -1 0,
           -1 0 0,
           -1 0 0,
           -6.1232342629258393e-17 -1 0,
           1 -1.2246468525851679e-16 0,
           1 -1.2246468525851679e-16 0,
           1.8369701465288538e-16 1 -0,
           1.8369701465288538e-16 1 -0,
           -1 2.4492937051703357e-16 0,
           -1 2.4492937051703357e-16 0,
           -6.1232342629258393e-17 -1 0,
           -1 0 0,
           -1 0 0,
           -6.1232342629258393e-17 -1 0,
           1 -1.2246468525851679e-16 0,
           1 -1.2246468525851679e-16 0,
           1.8369701465288538e-16 1 -0,
           1.8369701465288538e-16 1 -0,
           -1 2.4492937051703357e-16 0,
           -1 2.4492937051703357e-16 0,
           -6.1232342629258393e-17 -1 0,
           -1 0 0,
           -1 0 0,
           -6.1232342629258393e-17 -1 0,
           1 -1.2246468525851679e-16 0,
           1 -1.2246468525851679e-16 0,
           1.8369701465288538e-16 1 -0,
           1.8369701465288538e-16 1 -0,
           -1 2.4492937051703357e-16 0,
           -1 2.4492937051703357e-16 0,
           -6.1232342629258393e-17 -1 0,
           -1 0 0,
           -1 0 0,
           -6.1232342629258393e-17 -1 0,
           1 -1.2246468525851679e-16 0,
           1 -1.2246468525851679e-16 0,
           1.8369701465288538e-16 1 -0,
           1.8369701465288538e-16 1 -0,
           -1 2.4492937051703357e-16 0,
           -1 2.4492937051703357e-16 0,
           -6.1232342629258393e-17 -1 0,
           -1 0 0,
           -1 0 0,
           -6.1232342629258393e-17 -1 0,
           1 -1.2246468525851679e-16 0,
           1 -1.2246468525851679e-16 0,
           1.8369701465288538e-16 1 -0,
           1.8369701465288538e-16 1 -0,
           -1 2.4492937051703357e-16 0,
           -1 2.4492937051703357e-16 0,
           -6.1232342629258393e-17 -1 0,
           -1 0 0,
           -1 0 0,
           -6.1232342629258393e-17 -1 0,
           1 -1.2246468525851679e-16 0,
           1 -1.2246468525851679e-16 0,
           1.8369701465288538e-16 1 -0,
           1.8369701465288538e-16 1 -0,
           -1 2.4492937051703357e-16 0,
           -1 2.4492937051703357e-16 0,
           -6.1232342629258393e-17 -1 0,
           -1 0 0,
           -1 0 0,
           -6.1232342629258393e-17 -1 0,
           1 -1.2246468525851679e-16 0,
           1 -1.2246468525851679e-16 0,
           1.8369701465288538e-16 1 -0,
           1.8369701465288538e-16 1 -0,
           -1 2.4492937051703357e-16 0,
           -1 2.4492937051703357e-16 0,
           -6.1232342629258393e-17 -1 0,
           -1 0 0,
           -1 0 0,
           -6.1232342629258393e-17 -1 0,
           1 -1.2246468525851679e-16 0,
           1 -1.2246468525851679e-16 0,
           1.8369701465288538e-16 1 -0,
           1.8369701465288538e-16 1 -0,
           -1 2.4492937051703357e-16 0,
           -1 2.4492937051703357e-16 0,
           -6.1232342629258393e-17 -1 0,
           -1 0 0,
           -1 0 0,
           -6.1232342629258393e-17 -1 0,
           1 -1.2246468525851679e-16 0,
           1 -1.2246468525851679e-16 0,
           1.8369701465288538e-16 1 -0,
           1.8369701465288538e-16 1 -0,
           -1 2.4492937051703357e-16 0,
           -1 2.4492937051703357e-16 0,
           -6.1232342629258393e-17 -1 0,
           -1 0 0,
           -1 0 0,
           -6.1232342629258393e-17 -1 0,
           1 -1.2246468525851679e-16 0,
           1 -1.2246468525851679e-16 0,
           1.8369701465288538e-16 1 -0,
           1.8369701465288538e-16 1 -0,
           -1 2.4492937051703357e-16 0,
           -1 2.4492937051703357e-16 0,
            ]
          }
            coordIndex  [
              0, 1, 2, -1,
              0, 3, 1, -1,
              4, 5, 6, -1,
              4, 7, 5, -1,
              8, 9, 10, -1,
              8, 11, 9, -1,
              12, 13, 14, -1,
              12, 15, 13, -1,
              16, 13, 15, -1,
              17, 12, 14, -1,
              18, 17, 14, -1,
              18, 14, 19, -1,
              20, 13, 16, -1,
              21, 13, 20, -1,
              22, 17, 18, -1,
              23, 20, 16, -1,
              24, 25, 23, -1,
              26, 16, 17, -1,
              26, 23, 16, -1,
              26, 17, 22, -1,
              26, 24, 23, -1,
              27, 19, 14, -1,
              28, 29, 19, -1,
              28, 19, 27, -1,
              30, 21, 25, -1,
              30, 13, 21, -1,
              30, 25, 31, -1,
              32, 22, 29, -1,
              32, 26, 22, -1,
              33, 29, 28, -1,
              34, 31, 25, -1,
              35, 25, 24, -1,
              36, 37, 32, -1,
              36, 29, 33, -1,
              36, 32, 29, -1,
              38, 25, 35, -1,
              38, 34, 25, -1,
              39, 40, 41, -1,
              39, 13, 30, -1,
              39, 30, 40, -1,
              42, 43, 44, -1,
              42, 44, 27, -1,
              42, 27, 14, -1,
              45, 35, 32, -1,
              45, 32, 37, -1,
              45, 46, 35, -1,
              47, 41, 40, -1,
              47, 40, 34, -1,
              47, 34, 38, -1,
              48, 44, 43, -1,
              48, 33, 44, -1,
              48, 43, 49, -1,
              48, 36, 33, -1,
              50, 45, 48, -1,
              50, 48, 49, -1,
              51, 13, 39, -1,
              52, 39, 53, -1,
              52, 51, 39, -1,
              54, 55, 56, -1,
              54, 56, 42, -1,
              57, 41, 47, -1,
              57, 58, 41, -1,
              57, 47, 59, -1,
              60, 50, 49, -1,
              61, 52, 53, -1,
              62, 60, 49, -1,
              63, 46, 45, -1,
              63, 47, 46, -1,
              63, 59, 47, -1,
              64, 45, 50, -1,
              64, 63, 45, -1,
              65, 61, 53, -1,
              65, 53, 58, -1,
              65, 66, 61, -1,
              65, 58, 57, -1,
              65, 57, 67, -1,
              68, 13, 51, -1,
              69, 51, 66, -1,
              69, 68, 51, -1,
              70, 56, 55, -1,
              70, 49, 56, -1,
              70, 55, 71, -1,
              70, 71, 72, -1,
              70, 73, 62, -1,
              70, 62, 49, -1,
              74, 72, 54, -1,
              74, 75, 72, -1,
              76, 63, 64, -1,
              76, 67, 63, -1,
              77, 66, 65, -1,
              77, 69, 66, -1,
              78, 64, 62, -1,
              78, 62, 73, -1,
              78, 76, 64, -1,
              79, 74, 80, -1,
              79, 81, 74, -1,
              82, 68, 83, -1,
              82, 83, 77, -1,
              84, 68, 82, -1,
              85, 65, 86, -1,
              85, 77, 65, -1,
              87, 85, 86, -1,
              88, 75, 89, -1,
              90, 75, 88, -1,
              90, 70, 72, -1,
              90, 91, 70, -1,
              90, 72, 75, -1,
              92, 87, 86, -1,
              92, 86, 76, -1,
              93, 77, 85, -1,
              93, 82, 77, -1,
              94, 81, 79, -1,
              95, 89, 81, -1,
              95, 88, 89, -1,
              95, 81, 94, -1,
              96, 91, 90, -1,
              96, 78, 91, -1,
              97, 84, 98, -1,
              99, 84, 97, -1,
              100, 82, 93, -1,
              100, 93, 101, -1,
              100, 102, 82, -1,
              103, 80, 104, -1,
              103, 105, 80, -1,
              106, 95, 94, -1,
              106, 96, 95, -1,
              106, 94, 107, -1,
              108, 101, 93, -1,
              108, 93, 92, -1,
              109, 105, 103, -1,
              110, 96, 106, -1,
              111, 102, 100, -1,
              112, 94, 105, -1,
              112, 107, 94, -1,
              112, 105, 109, -1,
              113, 114, 97, -1,
              113, 115, 114, -1,
              116, 112, 109, -1,
              116, 109, 117, -1,
              118, 97, 98, -1,
              118, 102, 111, -1,
              118, 113, 97, -1,
              118, 98, 102, -1,
              119, 99, 115, -1,
              120, 121, 104, -1,
              120, 104, 122, -1,
              123, 119, 115, -1,
              124, 118, 111, -1,
              124, 111, 108, -1,
              125, 110, 112, -1,
              125, 112, 116, -1,
              126, 115, 113, -1,
              127, 123, 115, -1,
              128, 117, 109, -1,
              129, 109, 121, -1,
              129, 121, 120, -1,
              130, 131, 122, -1,
              130, 129, 131, -1,
              132, 126, 124, -1,
              133, 115, 126, -1,
              133, 127, 115, -1,
              133, 126, 132, -1,
              134, 119, 135, -1,
              136, 130, 122, -1,
              137, 129, 138, -1,
              137, 109, 129, -1,
              137, 128, 109, -1,
              139, 136, 122, -1,
              139, 104, 80, -1,
              139, 122, 104, -1,
              140, 119, 134, -1,
              140, 68, 84, -1,
              140, 99, 119, -1,
              140, 13, 68, -1,
              140, 84, 99, -1,
              141, 135, 127, -1,
              142, 140, 134, -1,
              143, 136, 139, -1,
              144, 138, 129, -1,
              145, 130, 146, -1,
              147, 133, 148, -1,
              149, 141, 127, -1,
              149, 127, 133, -1,
              149, 133, 147, -1,
              150, 144, 129, -1,
              150, 130, 145, -1,
              150, 129, 130, -1,
              151, 152, 132, -1,
              151, 132, 124, -1,
              153, 137, 154, -1,
              155, 128, 137, -1,
              155, 137, 153, -1,
              155, 125, 128, -1,
              156, 140, 142, -1,
              156, 141, 149, -1,
              156, 142, 141, -1,
              157, 143, 139, -1,
              157, 145, 146, -1,
              157, 146, 143, -1,
              158, 147, 148, -1,
              159, 144, 150, -1,
              160, 161, 162, -1,
              163, 152, 161, -1,
              163, 156, 158, -1,
              163, 148, 152, -1,
              163, 158, 148, -1,
              163, 161, 164, -1,
              165, 155, 166, -1,
              165, 166, 167, -1,
              168, 153, 154, -1,
              168, 144, 159, -1,
              168, 154, 144, -1,
              168, 167, 153, -1,
              168, 159, 169, -1,
              170, 162, 151, -1,
              170, 124, 108, -1,
              170, 160, 162, -1,
              170, 151, 124, -1,
              171, 155, 165, -1,
              171, 125, 155, -1,
              171, 110, 125, -1,
              172, 156, 163, -1,
              172, 140, 156, -1,
              173, 159, 157, -1,
              173, 169, 159, -1,
              174, 167, 168, -1,
              175, 176, 164, -1,
              175, 164, 161, -1,
              175, 161, 160, -1,
              177, 175, 178, -1,
              177, 176, 175, -1,
              179, 176, 177, -1,
              179, 172, 176, -1,
              180, 167, 174, -1,
              181, 165, 167, -1,
              181, 182, 165, -1,
              181, 167, 180, -1,
              183, 171, 184, -1,
              183, 110, 171, -1,
              183, 96, 110, -1,
              185, 178, 170, -1,
              185, 108, 92, -1,
              185, 170, 108, -1,
              185, 186, 178, -1,
              187, 177, 178, -1,
              188, 140, 172, -1,
              188, 172, 179, -1,
              189, 180, 174, -1,
              189, 174, 173, -1,
              190, 184, 182, -1,
              190, 182, 181, -1,
              190, 181, 191, -1,
              192, 178, 186, -1,
              193, 183, 194, -1,
              195, 96, 183, -1,
              195, 183, 193, -1,
              195, 78, 96, -1,
              196, 76, 78, -1,
              196, 92, 76, -1,
              196, 78, 195, -1,
              196, 185, 92, -1,
              197, 185, 196, -1,
              197, 198, 185, -1,
              197, 192, 198, -1,
              199, 190, 191, -1,
              199, 191, 200, -1,
              199, 194, 190, -1,
              201, 178, 192, -1,
              201, 192, 197, -1,
              202, 187, 178, -1,
              202, 188, 187, -1,
              202, 178, 201, -1,
              203, 200, 191, -1,
              203, 191, 189, -1,
              204, 193, 194, -1,
              204, 194, 199, -1,
              205, 201, 197, -1,
              206, 188, 202, -1,
              207, 193, 204, -1,
              208, 209, 207, -1,
              208, 207, 204, -1,
              210, 195, 211, -1,
              210, 196, 195, -1,
              210, 211, 212, -1,
              213, 196, 210, -1,
              214, 196, 213, -1,
              214, 215, 196, -1,
              216, 217, 215, -1,
              218, 205, 197, -1,
              218, 206, 205, -1,
              218, 217, 216, -1,
              218, 197, 217, -1,
              219, 208, 204, -1,
              219, 204, 203, -1,
              220, 206, 218, -1,
              221, 210, 222, -1,
              221, 222, 223, -1,
              224, 225, 213, -1,
              224, 213, 210, -1,
              224, 210, 221, -1,
              226, 225, 224, -1,
              227, 211, 207, -1,
              227, 228, 212, -1,
              227, 209, 229, -1,
              227, 229, 219, -1,
              227, 207, 209, -1,
              227, 212, 211, -1,
              230, 214, 231, -1,
              232, 233, 216, -1,
              232, 220, 233, -1,
              232, 215, 214, -1,
              232, 216, 215, -1,
              232, 214, 230, -1,
              234, 222, 228, -1,
              234, 223, 222, -1,
              235, 225, 226, -1,
              236, 227, 219, -1,
              237, 220, 232, -1,
              238, 231, 225, -1,
              238, 230, 231, -1,
              239, 228, 240, -1,
              241, 228, 239, -1,
              241, 234, 228, -1,
              242, 225, 235, -1,
              243, 237, 238, -1,
              243, 238, 225, -1,
              243, 225, 242, -1,
              244, 221, 245, -1,
              246, 224, 221, -1,
              246, 247, 224, -1,
              246, 235, 247, -1,
              246, 221, 244, -1,
              248, 239, 240, -1,
              248, 240, 236, -1,
              249, 242, 235, -1,
              250, 237, 243, -1,
              251, 245, 234, -1,
              251, 244, 245, -1,
              252, 235, 246, -1,
              252, 250, 249, -1,
              252, 249, 235, -1,
              252, 246, 253, -1,
              254, 251, 234, -1,
              254, 255, 251, -1,
              254, 241, 256, -1,
              254, 234, 241, -1,
              257, 251, 255, -1,
              258, 250, 252, -1,
              259, 256, 248, -1,
              259, 254, 256, -1,
              260, 251, 257, -1,
              260, 257, 259, -1,
              261, 253, 251, -1,
              261, 262, 253, -1,
              261, 258, 262, -1,
              261, 251, 260, -1,
              263, 260, 259, -1,
              264, 258, 261, -1,
              265, 237, 250, -1,
              265, 250, 258, -1,
              265, 264, 263, -1,
              265, 263, 259, -1,
              265, 258, 264, -1,
              140, 237, 265, -1,
              140, 220, 237, -1,
              140, 206, 220, -1,
              140, 188, 206, -1,
              265, 157, 139, -1,
              265, 173, 157, -1,
              265, 189, 173, -1,
              265, 203, 189, -1,
              265, 219, 203, -1,
              265, 236, 219, -1,
              265, 248, 236, -1,
              265, 259, 248, -1,
              139, 42, 14, -1,
              139, 54, 42, -1,
              139, 74, 54, -1,
              139, 80, 74, -1,
              266, 35, 24, -1,
              266, 32, 35, -1,
              267, 67, 57, -1,
              267, 63, 67, -1,
              134, 135, 268, -1,
              135, 141, 268, -1,
              132, 152, 269, -1,
              152, 148, 269, -1,
              270, 184, 171, -1,
              270, 182, 184, -1,
              240, 228, 271, -1,
              228, 227, 271, -1,
              272, 253, 246, -1,
              272, 251, 253, -1,
              273, 274, 275, -1,
              273, 275, 276, -1,
              277, 276, 275, -1,
              278, 274, 273, -1,
              279, 274, 278, -1,
              279, 280, 274, -1,
              281, 277, 275, -1,
              282, 281, 275, -1,
              283, 279, 278, -1,
              284, 277, 281, -1,
              285, 284, 286, -1,
              287, 278, 277, -1,
              287, 277, 284, -1,
              287, 283, 278, -1,
              287, 284, 285, -1,
              288, 274, 280, -1,
              289, 280, 290, -1,
              289, 288, 280, -1,
              291, 286, 282, -1,
              291, 282, 275, -1,
              291, 292, 286, -1,
              293, 290, 283, -1,
              293, 283, 287, -1,
              294, 289, 290, -1,
              295, 286, 292, -1,
              296, 285, 286, -1,
              297, 293, 298, -1,
              297, 294, 290, -1,
              297, 290, 293, -1,
              299, 296, 286, -1,
              299, 286, 295, -1,
              300, 301, 302, -1,
              300, 291, 275, -1,
              300, 302, 291, -1,
              303, 304, 305, -1,
              303, 288, 304, -1,
              303, 274, 288, -1,
              306, 293, 296, -1,
              306, 298, 293, -1,
              306, 296, 307, -1,
              308, 302, 301, -1,
              308, 295, 302, -1,
              308, 299, 295, -1,
              309, 305, 304, -1,
              309, 304, 294, -1,
              309, 310, 305, -1,
              309, 294, 297, -1,
              311, 309, 306, -1,
              311, 310, 309, -1,
              312, 300, 275, -1,
              313, 314, 300, -1,
              313, 300, 312, -1,
              315, 316, 317, -1,
              315, 303, 316, -1,
              318, 308, 301, -1,
              318, 301, 319, -1,
              318, 320, 308, -1,
              321, 310, 311, -1,
              322, 314, 313, -1,
              323, 310, 321, -1,
              324, 306, 307, -1,
              324, 307, 308, -1,
              324, 308, 320, -1,
              325, 311, 306, -1,
              325, 306, 324, -1,
              326, 314, 322, -1,
              326, 319, 314, -1,
              326, 322, 327, -1,
              326, 318, 319, -1,
              326, 328, 318, -1,
              329, 312, 275, -1,
              330, 327, 312, -1,
              330, 312, 329, -1,
              331, 317, 316, -1,
              331, 316, 310, -1,
              331, 332, 317, -1,
              331, 333, 332, -1,
              331, 323, 334, -1,
              331, 310, 323, -1,
              335, 315, 333, -1,
              335, 333, 336, -1,
              337, 325, 324, -1,
              337, 324, 328, -1,
              338, 326, 327, -1,
              338, 327, 330, -1,
              339, 323, 325, -1,
              339, 334, 323, -1,
              339, 325, 337, -1,
              340, 341, 335, -1,
              340, 335, 342, -1,
              343, 344, 329, -1,
              343, 338, 344, -1,
              345, 343, 329, -1,
              346, 347, 326, -1,
              346, 326, 338, -1,
              348, 347, 346, -1,
              349, 350, 336, -1,
              351, 349, 336, -1,
              351, 333, 331, -1,
              351, 331, 352, -1,
              351, 336, 333, -1,
              353, 347, 348, -1,
              353, 337, 347, -1,
              354, 346, 338, -1,
              354, 338, 343, -1,
              355, 340, 342, -1,
              356, 342, 350, -1,
              356, 350, 349, -1,
              356, 355, 342, -1,
              357, 351, 352, -1,
              357, 352, 339, -1,
              358, 359, 345, -1,
              360, 358, 345, -1,
              361, 354, 343, -1,
              361, 362, 354, -1,
              361, 343, 363, -1,
              364, 365, 341, -1,
              364, 341, 366, -1,
              367, 355, 356, -1,
              367, 356, 357, -1,
              367, 368, 355, -1,
              369, 354, 362, -1,
              369, 353, 354, -1,
              370, 364, 366, -1,
              371, 367, 357, -1,
              372, 361, 363, -1,
              373, 366, 355, -1,
              373, 355, 368, -1,
              373, 370, 366, -1,
              374, 358, 375, -1,
              374, 375, 376, -1,
              377, 370, 373, -1,
              377, 378, 370, -1,
              379, 359, 358, -1,
              379, 372, 363, -1,
              379, 358, 374, -1,
              379, 363, 359, -1,
              380, 376, 360, -1,
              381, 365, 382, -1,
              381, 383, 365, -1,
              384, 376, 380, -1,
              385, 372, 379, -1,
              385, 369, 372, -1,
              386, 373, 371, -1,
              386, 377, 373, -1,
              387, 374, 376, -1,
              388, 376, 384, -1,
              389, 370, 378, -1,
              390, 382, 370, -1,
              390, 381, 382, -1,
              391, 383, 392, -1,
              391, 392, 390, -1,
              393, 385, 387, -1,
              394, 387, 376, -1,
              394, 376, 388, -1,
              394, 393, 387, -1,
              395, 396, 380, -1,
              397, 383, 391, -1,
              398, 399, 390, -1,
              398, 390, 370, -1,
              398, 370, 389, -1,
              400, 383, 397, -1,
              400, 341, 365, -1,
              400, 365, 383, -1,
              401, 395, 380, -1,
              401, 345, 329, -1,
              401, 380, 360, -1,
              401, 329, 275, -1,
              401, 360, 345, -1,
              402, 388, 396, -1,
              403, 395, 401, -1,
              404, 400, 397, -1,
              405, 390, 399, -1,
              406, 407, 391, -1,
              408, 409, 394, -1,
              410, 388, 402, -1,
              410, 394, 388, -1,
              410, 408, 394, -1,
              411, 390, 405, -1,
              411, 406, 391, -1,
              411, 391, 390, -1,
              412, 393, 413, -1,
              412, 385, 393, -1,
              414, 415, 398, -1,
              416, 398, 389, -1,
              416, 414, 398, -1,
              416, 389, 386, -1,
              417, 403, 401, -1,
              417, 410, 402, -1,
              417, 402, 403, -1,
              418, 400, 404, -1,
              418, 407, 406, -1,
              418, 404, 407, -1,
              419, 409, 408, -1,
              420, 411, 405, -1,
              421, 422, 423, -1,
              424, 423, 413, -1,
              424, 419, 417, -1,
              424, 413, 409, -1,
              424, 409, 419, -1,
              424, 425, 423, -1,
              426, 427, 416, -1,
              426, 428, 427, -1,
              429, 415, 414, -1,
              429, 420, 405, -1,
              429, 405, 415, -1,
              429, 414, 428, -1,
              429, 430, 420, -1,
              431, 412, 422, -1,
              431, 369, 385, -1,
              431, 422, 421, -1,
              431, 385, 412, -1,
              432, 426, 416, -1,
              432, 416, 386, -1,
              432, 386, 371, -1,
              433, 424, 417, -1,
              433, 417, 401, -1,
              434, 418, 420, -1,
              434, 420, 430, -1,
              435, 429, 428, -1,
              436, 425, 437, -1,
              436, 423, 425, -1,
              436, 421, 423, -1,
              438, 439, 436, -1,
              438, 436, 437, -1,
              440, 438, 437, -1,
              440, 437, 433, -1,
              441, 435, 428, -1,
              442, 428, 426, -1,
              442, 426, 443, -1,
              442, 441, 428, -1,
              444, 445, 432, -1,
              444, 432, 371, -1,
              444, 371, 357, -1,
              446, 431, 439, -1,
              446, 353, 369, -1,
              446, 369, 431, -1,
              446, 439, 447, -1,
              448, 439, 438, -1,
              449, 433, 401, -1,
              449, 440, 433, -1,
              450, 435, 441, -1,
              450, 434, 435, -1,
              451, 443, 445, -1,
              451, 442, 443, -1,
              451, 452, 442, -1,
              453, 447, 439, -1,
              454, 455, 444, -1,
              456, 444, 357, -1,
              456, 454, 444, -1,
              456, 357, 339, -1,
              457, 339, 337, -1,
              457, 337, 353, -1,
              457, 456, 339, -1,
              457, 353, 446, -1,
              458, 457, 446, -1,
              458, 446, 459, -1,
              458, 459, 453, -1,
              460, 452, 451, -1,
              460, 461, 452, -1,
              460, 451, 455, -1,
              462, 453, 439, -1,
              462, 458, 453, -1,
              463, 439, 448, -1,
              463, 448, 449, -1,
              463, 462, 439, -1,
              464, 452, 461, -1,
              464, 450, 452, -1,
              465, 455, 454, -1,
              465, 460, 455, -1,
              466, 458, 462, -1,
              467, 463, 449, -1,
              468, 465, 454, -1,
              469, 468, 470, -1,
              469, 465, 468, -1,
              471, 472, 456, -1,
              471, 456, 457, -1,
              471, 473, 472, -1,
              474, 471, 457, -1,
              475, 474, 457, -1,
              475, 457, 476, -1,
              477, 476, 478, -1,
              479, 458, 466, -1,
              479, 466, 467, -1,
              479, 477, 478, -1,
              479, 478, 458, -1,
              480, 465, 469, -1,
              480, 464, 465, -1,
              481, 479, 467, -1,
              482, 483, 471, -1,
              482, 484, 483, -1,
              485, 474, 486, -1,
              485, 471, 474, -1,
              485, 482, 471, -1,
              487, 485, 486, -1,
              488, 468, 472, -1,
              488, 473, 489, -1,
              488, 490, 470, -1,
              488, 480, 490, -1,
              488, 470, 468, -1,
              488, 472, 473, -1,
              491, 492, 475, -1,
              493, 477, 494, -1,
              493, 494, 481, -1,
              493, 475, 476, -1,
              493, 476, 477, -1,
              493, 491, 475, -1,
              495, 489, 483, -1,
              495, 483, 484, -1,
              496, 487, 486, -1,
              497, 480, 488, -1,
              498, 493, 481, -1,
              499, 486, 492, -1,
              499, 492, 491, -1,
              500, 501, 489, -1,
              502, 500, 489, -1,
              502, 489, 495, -1,
              503, 496, 486, -1,
              504, 499, 498, -1,
              504, 486, 499, -1,
              504, 503, 486, -1,
              505, 506, 482, -1,
              507, 482, 485, -1,
              507, 485, 508, -1,
              507, 508, 496, -1,
              507, 505, 482, -1,
              509, 501, 500, -1,
              509, 497, 501, -1,
              510, 496, 503, -1,
              511, 504, 498, -1,
              512, 495, 506, -1,
              512, 506, 505, -1,
              513, 507, 496, -1,
              513, 510, 511, -1,
              513, 496, 510, -1,
              513, 514, 507, -1,
              515, 495, 512, -1,
              515, 512, 516, -1,
              515, 517, 502, -1,
              515, 502, 495, -1,
              518, 516, 512, -1,
              519, 513, 511, -1,
              520, 509, 517, -1,
              520, 517, 515, -1,
              521, 518, 512, -1,
              521, 520, 518, -1,
              522, 512, 514, -1,
              522, 514, 523, -1,
              522, 523, 519, -1,
              522, 521, 512, -1,
              524, 520, 521, -1,
              525, 522, 519, -1,
              526, 511, 498, -1,
              526, 519, 511, -1,
              526, 524, 525, -1,
              526, 520, 524, -1,
              526, 525, 519, -1,
              401, 526, 498, -1,
              401, 498, 481, -1,
              401, 481, 467, -1,
              401, 467, 449, -1,
              526, 400, 418, -1,
              526, 418, 434, -1,
              526, 434, 450, -1,
              526, 450, 464, -1,
              526, 464, 480, -1,
              526, 480, 497, -1,
              526, 497, 509, -1,
              526, 509, 520, -1,
              400, 274, 303, -1,
              400, 303, 315, -1,
              400, 315, 335, -1,
              400, 335, 341, -1,
              527, 285, 296, -1,
              527, 296, 293, -1,
              528, 318, 328, -1,
              528, 328, 324, -1,
              395, 529, 396, -1,
              396, 529, 402, -1,
              393, 530, 413, -1,
              413, 530, 409, -1,
              531, 432, 445, -1,
              531, 445, 443, -1,
              501, 532, 489, -1,
              489, 532, 488, -1,
              533, 507, 514, -1,
              533, 514, 512, -1,
              534, 535, 536, -1,
              534, 537, 535, -1,
              538, 539, 540, -1,
              538, 541, 539, -1,
              542, 543, 544, -1,
              542, 544, 545, -1,
              546, 545, 547, -1,
              546, 542, 545, -1,
              548, 547, 549, -1,
              548, 546, 547, -1,
              550, 549, 551, -1,
              550, 548, 549, -1,
              552, 553, 554, -1,
              552, 554, 555, -1,
              556, 555, 557, -1,
              556, 552, 555, -1,
              558, 557, 559, -1,
              558, 556, 557, -1,
              560, 559, 561, -1,
              560, 558, 559, -1,
              562, 563, 564, -1,
              562, 564, 565, -1,
              566, 565, 567, -1,
              566, 562, 565, -1,
              568, 567, 569, -1,
              568, 566, 567, -1,
              570, 569, 571, -1,
              570, 568, 569, -1,
              572, 573, 574, -1,
              572, 574, 575, -1,
              576, 575, 577, -1,
              576, 572, 575, -1,
              578, 577, 579, -1,
              578, 576, 577, -1,
              580, 579, 581, -1,
              580, 578, 579, -1,
              582, 583, 584, -1,
              582, 584, 585, -1,
              586, 585, 587, -1,
              586, 582, 585, -1,
              588, 587, 589, -1,
              588, 586, 587, -1,
              590, 589, 591, -1,
              590, 588, 589, -1,
              592, 593, 594, -1,
              592, 594, 595, -1,
              596, 595, 597, -1,
              596, 592, 595, -1,
              598, 597, 599, -1,
              598, 596, 597, -1,
              600, 599, 601, -1,
              600, 598, 599, -1,
              602, 603, 604, -1,
              602, 604, 605, -1,
              606, 605, 607, -1,
              606, 602, 605, -1,
              608, 607, 609, -1,
              608, 606, 607, -1,
              610, 609, 611, -1,
              610, 608, 609, -1,
              612, 613, 614, -1,
              612, 614, 615, -1,
              616, 615, 617, -1,
              616, 612, 615, -1,
              618, 617, 619, -1,
              618, 616, 617, -1,
              620, 619, 621, -1,
              620, 618, 619, -1,
              622, 623, 624, -1,
              622, 624, 625, -1,
              626, 625, 627, -1,
              626, 622, 625, -1,
              628, 627, 629, -1,
              628, 626, 627, -1,
              630, 629, 631, -1,
              630, 628, 629, -1,
              632, 633, 634, -1,
              632, 634, 635, -1,
              636, 635, 637, -1,
              636, 632, 635, -1,
              638, 637, 639, -1,
              638, 636, 637, -1,
              640, 639, 641, -1,
              640, 638, 639, -1,
              642, 643, 644, -1,
              642, 644, 645, -1,
              646, 645, 647, -1,
              646, 642, 645, -1,
              648, 647, 649, -1,
              648, 646, 647, -1,
              650, 649, 651, -1,
              650, 648, 649, -1,
              652, 653, 654, -1,
              652, 654, 655, -1,
              656, 655, 657, -1,
              656, 652, 655, -1,
              658, 657, 659, -1,
              658, 656, 657, -1,
              660, 659, 661, -1,
              660, 658, 659, -1,
              662, 663, 664, -1,
              662, 664, 665, -1,
              666, 665, 667, -1,
              666, 662, 665, -1,
              668, 667, 669, -1,
              668, 666, 667, -1,
              670, 669, 671, -1,
              670, 668, 669, -1,
              672, 673, 674, -1,
              672, 674, 675, -1,
              676, 675, 677, -1,
              676, 672, 675, -1,
              678, 677, 679, -1,
              678, 676, 677, -1,
              680, 679, 681, -1,
              680, 678, 679, -1,
              682, 683, 684, -1,
              682, 684, 685, -1,
              686, 685, 687, -1,
              686, 682, 685, -1,
              688, 687, 689, -1,
              688, 686, 687, -1,
              690, 689, 691, -1,
              690, 688, 689, -1,
              692, 693, 694, -1,
              692, 694, 695, -1,
              696, 695, 697, -1,
              696, 692, 695, -1,
              698, 697, 699, -1,
              698, 696, 697, -1,
              700, 699, 701, -1,
              700, 698, 699, -1,
              702, 703, 704, -1,
              702, 704, 705, -1,
              706, 705, 707, -1,
              706, 702, 705, -1,
              708, 707, 709, -1,
              708, 706, 707, -1,
              710, 709, 711, -1,
              710, 708, 709, -1,
              712, 713, 714, -1,
              712, 714, 715, -1,
              716, 715, 717, -1,
              716, 712, 715, -1,
              718, 717, 719, -1,
              718, 716, 717, -1,
              720, 719, 721, -1,
              720, 718, 719, -1,
              722, 723, 724, -1,
              722, 724, 725, -1,
              726, 725, 727, -1,
              726, 722, 725, -1,
              728, 727, 729, -1,
              728, 726, 727, -1,
              730, 729, 731, -1,
              730, 728, 729, -1,
              732, 733, 734, -1,
              732, 734, 735, -1,
              736, 735, 737, -1,
              736, 732, 735, -1,
              738, 737, 739, -1,
              738, 736, 737, -1,
              740, 739, 741, -1,
              740, 738, 739, -1,
              742, 743, 744, -1,
              742, 744, 745, -1,
              746, 745, 747, -1,
              746, 742, 745, -1,
              748, 747, 749, -1,
              748, 746, 747, -1,
              750, 749, 751, -1,
              750, 748, 749, -1,
              752, 753, 754, -1,
              752, 754, 755, -1,
              756, 755, 757, -1,
              756, 752, 755, -1,
              758, 757, 759, -1,
              758, 756, 757, -1,
              760, 759, 761, -1,
              760, 758, 759, -1,
              762, 763, 764, -1,
              762, 764, 765, -1,
              766, 765, 767, -1,
              766, 762, 765, -1,
              768, 767, 769, -1,
              768, 766, 767, -1,
              770, 769, 771, -1,
              770, 768, 769, -1,
              772, 773, 774, -1,
              772, 774, 775, -1,
              776, 775, 777, -1,
              776, 772, 775, -1,
              778, 777, 779, -1,
              778, 776, 777, -1,
              780, 779, 781, -1,
              780, 778, 779, -1,
              782, 783, 784, -1,
              782, 784, 785, -1,
              786, 785, 787, -1,
              786, 782, 785, -1,
              788, 787, 789, -1,
              788, 786, 787, -1,
              790, 789, 791, -1,
              790, 788, 789, -1,
              792, 793, 794, -1,
              792, 794, 795, -1,
              796, 795, 797, -1,
              796, 792, 795, -1,
              798, 797, 799, -1,
              798, 796, 797, -1,
              800, 799, 801, -1,
              800, 798, 799, -1,
              802, 803, 804, -1,
              802, 804, 805, -1,
              806, 805, 807, -1,
              806, 802, 805, -1,
              808, 807, 809, -1,
              808, 806, 807, -1,
              810, 809, 811, -1,
              810, 808, 809, -1,
              812, 813, 814, -1,
              812, 814, 815, -1,
              816, 815, 817, -1,
              816, 812, 815, -1,
              818, 817, 819, -1,
              818, 816, 817, -1,
              820, 819, 821, -1,
              820, 818, 819, -1,
              822, 823, 824, -1,
              822, 824, 825, -1,
              826, 825, 827, -1,
              826, 822, 825, -1,
              828, 827, 829, -1,
              828, 826, 827, -1,
              830, 829, 831, -1,
              830, 828, 829, -1,
              832, 833, 834, -1,
              832, 834, 835, -1,
              836, 835, 837, -1,
              836, 832, 835, -1,
              838, 837, 839, -1,
              838, 836, 837, -1,
              840, 839, 841, -1,
              840, 838, 839, -1,
              842, 843, 844, -1,
              842, 844, 845, -1,
              846, 845, 847, -1,
              846, 842, 845, -1,
              848, 847, 849, -1,
              848, 846, 847, -1,
              850, 849, 851, -1,
              850, 848, 849, -1,
              852, 853, 854, -1,
              852, 854, 855, -1,
              856, 855, 857, -1,
              856, 852, 855, -1,
              858, 857, 859, -1,
              858, 856, 857, -1,
              860, 859, 861, -1,
              860, 858, 859, -1,
              862, 863, 864, -1,
              862, 864, 865, -1,
              866, 865, 867, -1,
              866, 862, 865, -1,
              868, 867, 869, -1,
              868, 866, 867, -1,
              870, 869, 871, -1,
              870, 868, 869, -1,
              872, 873, 874, -1,
              872, 874, 875, -1,
              876, 875, 877, -1,
              876, 872, 875, -1,
              878, 877, 879, -1,
              878, 876, 877, -1,
              880, 879, 881, -1,
              880, 878, 879, -1,
              882, 883, 884, -1,
              882, 884, 885, -1,
              886, 885, 887, -1,
              886, 882, 885, -1,
              888, 887, 889, -1,
              888, 886, 887, -1,
              890, 889, 891, -1,
              890, 888, 889, -1,
              892, 893, 894, -1,
              892, 894, 895, -1,
              896, 895, 897, -1,
              896, 892, 895, -1,
              898, 897, 899, -1,
              898, 896, 897, -1,
              900, 899, 901, -1,
              900, 898, 899, -1,
              902, 903, 904, -1,
              902, 904, 905, -1,
              906, 905, 907, -1,
              906, 902, 905, -1,
              908, 907, 909, -1,
              908, 906, 907, -1,
              910, 909, 911, -1,
              910, 908, 909, -1,
              912, 913, 914, -1,
              912, 914, 915, -1,
              916, 915, 917, -1,
              916, 912, 915, -1,
              918, 917, 919, -1,
              918, 916, 917, -1,
              920, 919, 921, -1,
              920, 918, 919, -1,
              922, 923, 924, -1,
              922, 924, 925, -1,
              926, 925, 927, -1,
              926, 922, 925, -1,
              928, 927, 929, -1,
              928, 926, 927, -1,
              930, 929, 931, -1,
              930, 928, 929, -1,
              932, 933, 934, -1,
              932, 934, 935, -1,
              936, 935, 937, -1,
              936, 932, 935, -1,
              938, 937, 939, -1,
              938, 936, 937, -1,
              940, 939, 941, -1,
              940, 938, 939, -1,
              942, 943, 944, -1,
              942, 944, 945, -1,
              946, 945, 947, -1,
              946, 942, 945, -1,
              948, 947, 949, -1,
              948, 946, 947, -1,
              950, 949, 951, -1,
              950, 948, 949, -1,
              952, 953, 954, -1,
              952, 954, 955, -1,
              956, 955, 957, -1,
              956, 952, 955, -1,
              958, 957, 959, -1,
              958, 956, 957, -1,
              960, 959, 961, -1,
              960, 958, 959, -1,
              962, 963, 964, -1,
              962, 964, 965, -1,
              966, 965, 967, -1,
              966, 962, 965, -1,
              968, 967, 969, -1,
              968, 966, 967, -1,
              970, 969, 971, -1,
              970, 968, 969, -1,
              972, 973, 974, -1,
              972, 974, 975, -1,
              976, 975, 977, -1,
              976, 972, 975, -1,
              978, 977, 979, -1,
              978, 976, 977, -1,
              980, 979, 981, -1,
              980, 978, 979, -1,
              982, 983, 984, -1,
              982, 984, 985, -1,
              986, 985, 987, -1,
              986, 982, 985, -1,
              988, 987, 989, -1,
              988, 986, 987, -1,
              990, 989, 991, -1,
              990, 988, 989, -1,
              992, 993, 994, -1,
              992, 994, 995, -1,
              996, 995, 997, -1,
              996, 992, 995, -1,
              998, 997, 999, -1,
              998, 996, 997, -1,
              1000, 999, 1001, -1,
              1000, 998, 999, -1,
              1002, 1003, 1004, -1,
              1002, 1004, 1005, -1,
              1006, 1005, 1007, -1,
              1006, 1002, 1005, -1,
              1008, 1007, 1009, -1,
              1008, 1006, 1007, -1,
              1010, 1009, 1011, -1,
              1010, 1008, 1009, -1,
              1012, 1013, 1014, -1,
              1012, 1014, 1015, -1,
              1016, 1015, 1017, -1,
              1016, 1012, 1015, -1,
              1018, 1017, 1019, -1,
              1018, 1016, 1017, -1,
              1020, 1019, 1021, -1,
              1020, 1018, 1019, -1,
              1022, 1023, 1024, -1,
              1022, 1024, 1025, -1,
              1026, 1025, 1027, -1,
              1026, 1022, 1025, -1,
              1028, 1027, 1029, -1,
              1028, 1026, 1027, -1,
              1030, 1029, 1031, -1,
              1030, 1028, 1029, -1,
              1032, 1033, 1034, -1,
              1032, 1034, 1035, -1,
              1036, 1035, 1037, -1,
              1036, 1032, 1035, -1,
              1038, 1037, 1039, -1,
              1038, 1036, 1037, -1,
              1040, 1039, 1041, -1,
              1040, 1038, 1039, -1,
              1042, 1043, 1044, -1,
              1042, 1044, 1045, -1,
              1046, 1045, 1047, -1,
              1046, 1042, 1045, -1,
              1048, 1047, 1049, -1,
              1048, 1046, 1047, -1,
              1050, 1049, 1051, -1,
              1050, 1048, 1049, -1,
              1052, 1053, 1054, -1,
              1052, 1054, 1055, -1,
              1056, 1055, 1057, -1,
              1056, 1052, 1055, -1,
              1058, 1057, 1059, -1,
              1058, 1056, 1057, -1,
              1060, 1059, 1061, -1,
              1060, 1058, 1059, -1,
              1062, 1063, 1064, -1,
              1062, 1064, 1065, -1,
              1066, 1065, 1067, -1,
              1066, 1062, 1065, -1,
              1068, 1067, 1069, -1,
              1068, 1066, 1067, -1,
              1070, 1069, 1071, -1,
              1070, 1068, 1069, -1,
              1072, 1073, 1074, -1,
              1072, 1074, 1075, -1,
              1076, 1075, 1077, -1,
              1076, 1072, 1075, -1,
              1078, 1077, 1079, -1,
              1078, 1076, 1077, -1,
              1080, 1079, 1081, -1,
              1080, 1078, 1079, -1,
              1082, 1083, 1084, -1,
              1082, 1084, 1085, -1,
              1086, 1085, 1087, -1,
              1086, 1082, 1085, -1,
              1088, 1087, 1089, -1,
              1088, 1086, 1087, -1,
              1090, 1089, 1091, -1,
              1090, 1088, 1089, -1,
              1092, 1093, 1094, -1,
              1092, 1094, 1095, -1,
              1096, 1095, 1097, -1,
              1096, 1092, 1095, -1,
              1098, 1097, 1099, -1,
              1098, 1096, 1097, -1,
              1100, 1099, 1101, -1,
              1100, 1098, 1099, -1,
              1102, 1103, 1104, -1,
              1102, 1104, 1105, -1,
              1106, 1105, 1107, -1,
              1106, 1102, 1105, -1,
              1108, 1107, 1109, -1,
              1108, 1106, 1107, -1,
              1110, 1109, 1111, -1,
              1110, 1108, 1109, -1,
              1112, 1113, 1114, -1,
              1112, 1114, 1115, -1,
              1116, 1115, 1117, -1,
              1116, 1112, 1115, -1,
              1118, 1117, 1119, -1,
              1118, 1116, 1117, -1,
              1120, 1119, 1121, -1,
              1120, 1118, 1119, -1,
              1122, 1123, 1124, -1,
              1122, 1124, 1125, -1,
              1126, 1125, 1127, -1,
              1126, 1122, 1125, -1,
              1128, 1127, 1129, -1,
              1128, 1126, 1127, -1,
              1130, 1129, 1131, -1,
              1130, 1128, 1129, -1,
              1132, 1133, 1134, -1,
              1132, 1134, 1135, -1,
              1136, 1135, 1137, -1,
              1136, 1132, 1135, -1,
              1138, 1137, 1139, -1,
              1138, 1136, 1137, -1,
              1140, 1139, 1141, -1,
              1140, 1138, 1139, -1,
              1142, 1143, 1144, -1,
              1142, 1144, 1145, -1,
              1146, 1145, 1147, -1,
              1146, 1142, 1145, -1,
              1148, 1147, 1149, -1,
              1148, 1146, 1147, -1,
              1150, 1149, 1151, -1,
              1150, 1148, 1149, -1,
              1152, 1153, 1154, -1,
              1152, 1154, 1155, -1,
              1156, 1155, 1157, -1,
              1156, 1152, 1155, -1,
              1158, 1157, 1159, -1,
              1158, 1156, 1157, -1,
              1160, 1159, 1161, -1,
              1160, 1158, 1159, -1,
              1162, 1163, 1164, -1,
              1162, 1164, 1165, -1,
              1166, 1165, 1167, -1,
              1166, 1162, 1165, -1,
              1168, 1167, 1169, -1,
              1168, 1166, 1167, -1,
              1170, 1169, 1171, -1,
              1170, 1168, 1169, -1,
              1172, 1173, 1174, -1,
              1172, 1174, 1175, -1,
              1176, 1175, 1177, -1,
              1176, 1172, 1175, -1,
              1178, 1177, 1179, -1,
              1178, 1176, 1177, -1,
              1180, 1179, 1181, -1,
              1180, 1178, 1179, -1,
            ]
          }
        }
      ]
    }
    Transform {
      translation 0 0 0
      rotation 0 0 1 0
      scale 1 1 1
      children [
        Shape {
          appearance Appearance {
            material Material {
              ambientIntensity 0
              emissiveColor 0 0 0
              diffuseColor 1 1 1
              specularColor 0 0 0
              shininess 0.0078125
              transparency 0
              }
            }
          geometry IndexedLineSet {
            coord DEF VTKcoordinates Coordinate {
              point [
              -11.199999809265137 -12.699999809265137 0,
              -11.199999809265137 -12.699999809265137 1.6000000238418579,
              12.699999809265137 -12.699999809265137 0,
              12.699999809265137 -12.699999809265137 1.6000000238418579,
              -12.699999809265137 -11.199999809265137 0,
              -12.699999809265137 -11.199999809265137 1.6000000238418579,
              12.699999809265137 12.699999809265137 0,
              12.699999809265137 12.699999809265137 1.6000000238418579,
              -12.699999809265137 12.699999809265137 0,
              -10.979999542236328 -11.430000305175781 0,
              -8.4399995803833008 -11.430000305175781 0,
              -5.9000000953674316 -11.430000305175781 0,
              -10.979999542236328 -8.8900003433227539 0,
              -10.979999542236328 -6.3499999046325684 0,
              -8.4399995803833008 -8.8900003433227539 0,
              -5.9000000953674316 -8.8900003433227539 0,
              -8.4399995803833008 -6.3499999046325684 0,
              -3.3599998950958252 -11.430000305175781 0,
              -0.81999999284744263 -11.430000305175781 0,
              -3.3599998950958252 -8.8900003433227539 0,
              -0.81999999284744263 -8.8900003433227539 0,
              -10.979999542236328 -3.809999942779541 0,
              -8.4399995803833008 -3.809999942779541 0,
              -10.979999542236328 -1.2699999809265137 0,
              -8.4399995803833008 -1.2699999809265137 0,
              1.7200000286102295 -11.430000305175781 0,
              4.2600002288818359 -11.430000305175781 0,
              1.7200000286102295 -8.8900003433227539 0,
              4.2600002288818359 -8.8900003433227539 0,
              6.8000001907348633 -11.430000305175781 0,
              9.3400001525878906 -11.430000305175781 0,
              11.880000114440918 -11.430000305175781 0,
              6.8000001907348633 -8.8900003433227539 0,
              9.3400001525878906 -8.8900003433227539 0,
              9.3400001525878906 -6.3499999046325684 0,
              11.880000114440918 -8.8900003433227539 0,
              11.880000114440918 -6.3499999046325684 0,
              9.3400001525878906 -3.809999942779541 0,
              11.880000114440918 -3.809999942779541 0,
              9.3400001525878906 -1.2699999809265137 0,
              11.880000114440918 -1.2699999809265137 0,
              -10.979999542236328 1.2699999809265137 0,
              -8.4399995803833008 1.2699999809265137 0,
              -10.979999542236328 3.809999942779541 0,
              -8.4399995803833008 3.809999942779541 0,
              -10.979999542236328 6.3499999046325684 0,
              -10.979999542236328 8.8900003433227539 0,
              -8.4399995803833008 6.3499999046325684 0,
              -8.4399995803833008 8.8900003433227539 0,
              -5.9000000953674316 8.8900003433227539 0,
              -10.979999542236328 11.430000305175781 0,
              -8.4399995803833008 11.430000305175781 0,
              -5.9000000953674316 11.430000305175781 0,
              -3.3599998950958252 8.8900003433227539 0,
              -0.81999999284744263 8.8900003433227539 0,
              -3.3599998950958252 11.430000305175781 0,
              -0.81999999284744263 11.430000305175781 0,
              9.3400001525878906 1.2699999809265137 0,
              11.880000114440918 1.2699999809265137 0,
              9.3400001525878906 3.809999942779541 0,
              11.880000114440918 3.809999942779541 0,
              1.7200000286102295 8.8900003433227539 0,
              4.2600002288818359 8.8900003433227539 0,
              1.7200000286102295 11.430000305175781 0,
              4.2600002288818359 11.430000305175781 0,
              9.3400001525878906 6.3499999046325684 0,
              6.8000001907348633 8.8900003433227539 0,
              9.3400001525878906 8.8900003433227539 0,
              11.880000114440918 6.3499999046325684 0,
              11.880000114440918 8.8900003433227539 0,
              6.8000001907348633 11.430000305175781 0,
              9.3400001525878906 11.430000305175781 0,
              11.880000114440918 11.430000305175781 0,
              -12.699999809265137 12.699999809265137 1.6000000238418579,
              -10.979999542236328 -11.430000305175781 1.6000000238418579,
              -8.4399995803833008 -11.430000305175781 1.6000000238418579,
              -5.9000000953674316 -11.430000305175781 1.6000000238418579,
              -10.979999542236328 -8.8900003433227539 1.6000000238418579,
              -10.979999542236328 -6.3499999046325684 1.6000000238418579,
              -8.4399995803833008 -8.8900003433227539 1.6000000238418579,
              -5.9000000953674316 -8.8900003433227539 1.6000000238418579,
              -8.4399995803833008 -6.3499999046325684 1.6000000238418579,
              -3.3599998950958252 -11.430000305175781 1.6000000238418579,
              -0.81999999284744263 -11.430000305175781 1.6000000238418579,
              -3.3599998950958252 -8.8900003433227539 1.6000000238418579,
              -0.81999999284744263 -8.8900003433227539 1.6000000238418579,
              -10.979999542236328 -3.809999942779541 1.6000000238418579,
              -8.4399995803833008 -3.809999942779541 1.6000000238418579,
              -10.979999542236328 -1.2699999809265137 1.6000000238418579,
              -8.4399995803833008 -1.2699999809265137 1.6000000238418579,
              1.7200000286102295 -11.430000305175781 1.6000000238418579,
              4.2600002288818359 -11.430000305175781 1.6000000238418579,
              1.7200000286102295 -8.8900003433227539 1.6000000238418579,
              4.2600002288818359 -8.8900003433227539 1.6000000238418579,
              6.8000001907348633 -11.430000305175781 1.6000000238418579,
              9.3400001525878906 -11.430000305175781 1.6000000238418579,
              11.880000114440918 -11.430000305175781 1.6000000238418579,
              6.8000001907348633 -8.8900003433227539 1.6000000238418579,
              9.3400001525878906 -8.8900003433227539 1.6000000238418579,
              9.3400001525878906 -6.3499999046325684 1.6000000238418579,
              11.880000114440918 -8.8900003433227539 1.6000000238418579,
              11.880000114440918 -6.3499999046325684 1.6000000238418579,
              9.3400001525878906 -3.809999942779541 1.6000000238418579,
              11.880000114440918 -3.809999942779541 1.6000000238418579,
              9.3400001525878906 -1.2699999809265137 1.6000000238418579,
              11.880000114440918 -1.2699999809265137 1.6000000238418579,
              -10.979999542236328 1.2699999809265137 1.6000000238418579,
              -8.4399995803833008 1.2699999809265137 1.6000000238418579,
              -10.979999542236328 3.809999942779541 1.6000000238418579,
              -8.4399995803833008 3.809999942779541 1.6000000238418579,
              -10.979999542236328 6.3499999046325684 1.6000000238418579,
              -10.979999542236328 8.8900003433227539 1.6000000238418579,
              -8.4399995803833008 6.3499999046325684 1.6000000238418579,
              -8.4399995803833008 8.8900003433227539 1.6000000238418579,
              -5.9000000953674316 8.8900003433227539 1.6000000238418579,
              -10.979999542236328 11.430000305175781 1.6000000238418579,
              -8.4399995803833008 11.430000305175781 1.6000000238418579,
              -5.9000000953674316 11.430000305175781 1.6000000238418579,
              -3.3599998950958252 8.8900003433227539 1.6000000238418579,
              -0.81999999284744263 8.8900003433227539 1.6000000238418579,
              -3.3599998950958252 11.430000305175781 1.6000000238418579,
              -0.81999999284744263 11.430000305175781 1.6000000238418579,
              9.3400001525878906 1.2699999809265137 1.6000000238418579,
              11.880000114440918 1.2699999809265137 1.6000000238418579,
              9.3400001525878906 3.809999942779541 1.6000000238418579,
              11.880000114440918 3.809999942779541 1.6000000238418579,
              1.7200000286102295 8.8900003433227539 1.6000000238418579,
              4.2600002288818359 8.8900003433227539 1.6000000238418579,
              1.7200000286102295 11.430000305175781 1.6000000238418579,
              4.2600002288818359 11.430000305175781 1.6000000238418579,
              9.3400001525878906 6.3499999046325684 1.6000000238418579,
              6.8000001907348633 8.8900003433227539 1.6000000238418579,
              9.3400001525878906 8.8900003433227539 1.6000000238418579,
              11.880000114440918 6.3499999046325684 1.6000000238418579,
              11.880000114440918 8.8900003433227539 1.6000000238418579,
              6.8000001907348633 11.430000305175781 1.6000000238418579,
              9.3400001525878906 11.430000305175781 1.6000000238418579,
              11.880000114440918 11.430000305175781 1.6000000238418579,
              -11.199999809265137 -12.699999809265137 0,
              -11.199999809265137 -12.699999809265137 1.6000000238418579,
              12.699999809265137 -12.699999809265137 0,
              12.699999809265137 -12.699999809265137 1.6000000238418579,
              -11.199999809265137 -12.699999809265137 0,
              12.699999809265137 -12.699999809265137 0,
              -11.199999809265137 -12.699999809265137 1.6000000238418579,
              12.699999809265137 -12.699999809265137 1.6000000238418579,
              -12.699999809265137 -11.199999809265137 0,
              -12.699999809265137 -11.199999809265137 1.6000000238418579,
              -12.699999809265137 -11.199999809265137 0,
              -11.199999809265137 -12.699999809265137 0,
              -12.699999809265137 -11.199999809265137 1.6000000238418579,
              -11.199999809265137 -12.699999809265137 1.6000000238418579,
              12.699999809265137 12.699999809265137 0,
              12.699999809265137 12.699999809265137 1.6000000238418579,
              12.699999809265137 -12.699999809265137 0,
              12.699999809265137 12.699999809265137 0,
              12.699999809265137 -12.699999809265137 1.6000000238418579,
              12.699999809265137 12.699999809265137 1.6000000238418579,
              -12.699999809265137 12.699999809265137 0,
              -12.699999809265137 -11.199999809265137 0,
              12.699999809265137 12.699999809265137 0,
              -12.699999809265137 12.699999809265137 0,
              -10.979999542236328 -11.430000305175781 0,
              -11.430000305175781 -11.880000114440918 0,
              -11.880000114440918 -11.430000305175781 0,
              -11.430000305175781 -10.979999542236328 0,
              -10.979999542236328 -11.430000305175781 0,
              -8.4399995803833008 -11.430000305175781 0,
              -8.8900003433227539 -11.880000114440918 0,
              -9.3400001525878906 -11.430000305175781 0,
              -8.8900003433227539 -10.979999542236328 0,
              -8.4399995803833008 -11.430000305175781 0,
              -5.9000000953674316 -11.430000305175781 0,
              -6.3499999046325684 -11.880000114440918 0,
              -6.8000001907348633 -11.430000305175781 0,
              -6.3499999046325684 -10.979999542236328 0,
              -5.9000000953674316 -11.430000305175781 0,
              -10.979999542236328 -8.8900003433227539 0,
              -11.430000305175781 -9.3400001525878906 0,
              -11.880000114440918 -8.8900003433227539 0,
              -11.430000305175781 -8.4399995803833008 0,
              -10.979999542236328 -8.8900003433227539 0,
              -10.979999542236328 -6.3499999046325684 0,
              -11.430000305175781 -6.8000001907348633 0,
              -11.880000114440918 -6.3499999046325684 0,
              -11.430000305175781 -5.9000000953674316 0,
              -10.979999542236328 -6.3499999046325684 0,
              -8.4399995803833008 -8.8900003433227539 0,
              -8.8900003433227539 -9.3400001525878906 0,
              -9.3400001525878906 -8.8900003433227539 0,
              -8.8900003433227539 -8.4399995803833008 0,
              -8.4399995803833008 -8.8900003433227539 0,
              -5.9000000953674316 -8.8900003433227539 0,
              -6.3499999046325684 -9.3400001525878906 0,
              -6.8000001907348633 -8.8900003433227539 0,
              -6.3499999046325684 -8.4399995803833008 0,
              -5.9000000953674316 -8.8900003433227539 0,
              -8.4399995803833008 -6.3499999046325684 0,
              -8.8900003433227539 -6.8000001907348633 0,
              -9.3400001525878906 -6.3499999046325684 0,
              -8.8900003433227539 -5.9000000953674316 0,
              -8.4399995803833008 -6.3499999046325684 0,
              -3.3599998950958252 -11.430000305175781 0,
              -3.809999942779541 -11.880000114440918 0,
              -4.2600002288818359 -11.430000305175781 0,
              -3.809999942779541 -10.979999542236328 0,
              -3.3599998950958252 -11.430000305175781 0,
              -0.81999999284744263 -11.430000305175781 0,
              -1.2699999809265137 -11.880000114440918 0,
              -1.7200000286102295 -11.430000305175781 0,
              -1.2699999809265137 -10.979999542236328 0,
              -0.81999999284744263 -11.430000305175781 0,
              -3.3599998950958252 -8.8900003433227539 0,
              -3.809999942779541 -9.3400001525878906 0,
              -4.2600002288818359 -8.8900003433227539 0,
              -3.809999942779541 -8.4399995803833008 0,
              -3.3599998950958252 -8.8900003433227539 0,
              -0.81999999284744263 -8.8900003433227539 0,
              -1.2699999809265137 -9.3400001525878906 0,
              -1.7200000286102295 -8.8900003433227539 0,
              -1.2699999809265137 -8.4399995803833008 0,
              -0.81999999284744263 -8.8900003433227539 0,
              -10.979999542236328 -3.809999942779541 0,
              -11.430000305175781 -4.2600002288818359 0,
              -11.880000114440918 -3.809999942779541 0,
              -11.430000305175781 -3.3599998950958252 0,
              -10.979999542236328 -3.809999942779541 0,
              -8.4399995803833008 -3.809999942779541 0,
              -8.8900003433227539 -4.2600002288818359 0,
              -9.3400001525878906 -3.809999942779541 0,
              -8.8900003433227539 -3.3599998950958252 0,
              -8.4399995803833008 -3.809999942779541 0,
              -10.979999542236328 -1.2699999809265137 0,
              -11.430000305175781 -1.7200000286102295 0,
              -11.880000114440918 -1.2699999809265137 0,
              -11.430000305175781 -0.81999999284744263 0,
              -10.979999542236328 -1.2699999809265137 0,
              -8.4399995803833008 -1.2699999809265137 0,
              -8.8900003433227539 -1.7200000286102295 0,
              -9.3400001525878906 -1.2699999809265137 0,
              -8.8900003433227539 -0.81999999284744263 0,
              -8.4399995803833008 -1.2699999809265137 0,
              1.7200000286102295 -11.430000305175781 0,
              1.2699999809265137 -11.880000114440918 0,
              0.81999999284744263 -11.430000305175781 0,
              1.2699999809265137 -10.979999542236328 0,
              1.7200000286102295 -11.430000305175781 0,
              4.2600002288818359 -11.430000305175781 0,
              3.809999942779541 -11.880000114440918 0,
              3.3599998950958252 -11.430000305175781 0,
              3.809999942779541 -10.979999542236328 0,
              4.2600002288818359 -11.430000305175781 0,
              1.7200000286102295 -8.8900003433227539 0,
              1.2699999809265137 -9.3400001525878906 0,
              0.81999999284744263 -8.8900003433227539 0,
              1.2699999809265137 -8.4399995803833008 0,
              1.7200000286102295 -8.8900003433227539 0,
              4.2600002288818359 -8.8900003433227539 0,
              3.809999942779541 -9.3400001525878906 0,
              3.3599998950958252 -8.8900003433227539 0,
              3.809999942779541 -8.4399995803833008 0,
              4.2600002288818359 -8.8900003433227539 0,
              6.8000001907348633 -11.430000305175781 0,
              6.3499999046325684 -11.880000114440918 0,
              5.9000000953674316 -11.430000305175781 0,
              6.3499999046325684 -10.979999542236328 0,
              6.8000001907348633 -11.430000305175781 0,
              9.3400001525878906 -11.430000305175781 0,
              8.8900003433227539 -11.880000114440918 0,
              8.4399995803833008 -11.430000305175781 0,
              8.8900003433227539 -10.979999542236328 0,
              9.3400001525878906 -11.430000305175781 0,
              11.880000114440918 -11.430000305175781 0,
              11.430000305175781 -11.880000114440918 0,
              10.979999542236328 -11.430000305175781 0,
              11.430000305175781 -10.979999542236328 0,
              11.880000114440918 -11.430000305175781 0,
              6.8000001907348633 -8.8900003433227539 0,
              6.3499999046325684 -9.3400001525878906 0,
              5.9000000953674316 -8.8900003433227539 0,
              6.3499999046325684 -8.4399995803833008 0,
              6.8000001907348633 -8.8900003433227539 0,
              9.3400001525878906 -8.8900003433227539 0,
              8.8900003433227539 -9.3400001525878906 0,
              8.4399995803833008 -8.8900003433227539 0,
              8.8900003433227539 -8.4399995803833008 0,
              9.3400001525878906 -8.8900003433227539 0,
              9.3400001525878906 -6.3499999046325684 0,
              8.8900003433227539 -6.8000001907348633 0,
              8.4399995803833008 -6.3499999046325684 0,
              8.8900003433227539 -5.9000000953674316 0,
              9.3400001525878906 -6.3499999046325684 0,
              11.880000114440918 -8.8900003433227539 0,
              11.430000305175781 -9.3400001525878906 0,
              10.979999542236328 -8.8900003433227539 0,
              11.430000305175781 -8.4399995803833008 0,
              11.880000114440918 -8.8900003433227539 0,
              11.880000114440918 -6.3499999046325684 0,
              11.430000305175781 -6.8000001907348633 0,
              10.979999542236328 -6.3499999046325684 0,
              11.430000305175781 -5.9000000953674316 0,
              11.880000114440918 -6.3499999046325684 0,
              9.3400001525878906 -3.809999942779541 0,
              8.8900003433227539 -4.2600002288818359 0,
              8.4399995803833008 -3.809999942779541 0,
              8.8900003433227539 -3.3599998950958252 0,
              9.3400001525878906 -3.809999942779541 0,
              11.880000114440918 -3.809999942779541 0,
              11.430000305175781 -4.2600002288818359 0,
              10.979999542236328 -3.809999942779541 0,
              11.430000305175781 -3.3599998950958252 0,
              11.880000114440918 -3.809999942779541 0,
              9.3400001525878906 -1.2699999809265137 0,
              8.8900003433227539 -1.7200000286102295 0,
              8.4399995803833008 -1.2699999809265137 0,
              8.8900003433227539 -0.81999999284744263 0,
              9.3400001525878906 -1.2699999809265137 0,
              11.880000114440918 -1.2699999809265137 0,
              11.430000305175781 -1.7200000286102295 0,
              10.979999542236328 -1.2699999809265137 0,
              11.430000305175781 -0.81999999284744263 0,
              11.880000114440918 -1.2699999809265137 0,
              -10.979999542236328 1.2699999809265137 0,
              -11.430000305175781 0.81999999284744263 0,
              -11.880000114440918 1.2699999809265137 0,
              -11.430000305175781 1.7200000286102295 0,
              -10.979999542236328 1.2699999809265137 0,
              -8.4399995803833008 1.2699999809265137 0,
              -8.8900003433227539 0.81999999284744263 0,
              -9.3400001525878906 1.2699999809265137 0,
              -8.8900003433227539 1.7200000286102295 0,
              -8.4399995803833008 1.2699999809265137 0,
              -10.979999542236328 3.809999942779541 0,
              -11.430000305175781 3.3599998950958252 0,
              -11.880000114440918 3.809999942779541 0,
              -11.430000305175781 4.2600002288818359 0,
              -10.979999542236328 3.809999942779541 0,
              -8.4399995803833008 3.809999942779541 0,
              -8.8900003433227539 3.3599998950958252 0,
              -9.3400001525878906 3.809999942779541 0,
              -8.8900003433227539 4.2600002288818359 0,
              -8.4399995803833008 3.809999942779541 0,
              -10.979999542236328 6.3499999046325684 0,
              -11.430000305175781 5.9000000953674316 0,
              -11.880000114440918 6.3499999046325684 0,
              -11.430000305175781 6.8000001907348633 0,
              -10.979999542236328 6.3499999046325684 0,
              -10.979999542236328 8.8900003433227539 0,
              -11.430000305175781 8.4399995803833008 0,
              -11.880000114440918 8.8900003433227539 0,
              -11.430000305175781 9.3400001525878906 0,
              -10.979999542236328 8.8900003433227539 0,
              -8.4399995803833008 6.3499999046325684 0,
              -8.8900003433227539 5.9000000953674316 0,
              -9.3400001525878906 6.3499999046325684 0,
              -8.8900003433227539 6.8000001907348633 0,
              -8.4399995803833008 6.3499999046325684 0,
              -8.4399995803833008 8.8900003433227539 0,
              -8.8900003433227539 8.4399995803833008 0,
              -9.3400001525878906 8.8900003433227539 0,
              -8.8900003433227539 9.3400001525878906 0,
              -8.4399995803833008 8.8900003433227539 0,
              -5.9000000953674316 8.8900003433227539 0,
              -6.3499999046325684 8.4399995803833008 0,
              -6.8000001907348633 8.8900003433227539 0,
              -6.3499999046325684 9.3400001525878906 0,
              -5.9000000953674316 8.8900003433227539 0,
              -10.979999542236328 11.430000305175781 0,
              -11.430000305175781 10.979999542236328 0,
              -11.880000114440918 11.430000305175781 0,
              -11.430000305175781 11.880000114440918 0,
              -10.979999542236328 11.430000305175781 0,
              -8.4399995803833008 11.430000305175781 0,
              -8.8900003433227539 10.979999542236328 0,
              -9.3400001525878906 11.430000305175781 0,
              -8.8900003433227539 11.880000114440918 0,
              -8.4399995803833008 11.430000305175781 0,
              -5.9000000953674316 11.430000305175781 0,
              -6.3499999046325684 10.979999542236328 0,
              -6.8000001907348633 11.430000305175781 0,
              -6.3499999046325684 11.880000114440918 0,
              -5.9000000953674316 11.430000305175781 0,
              -3.3599998950958252 8.8900003433227539 0,
              -3.809999942779541 8.4399995803833008 0,
              -4.2600002288818359 8.8900003433227539 0,
              -3.809999942779541 9.3400001525878906 0,
              -3.3599998950958252 8.8900003433227539 0,
              -0.81999999284744263 8.8900003433227539 0,
              -1.2699999809265137 8.4399995803833008 0,
              -1.7200000286102295 8.8900003433227539 0,
              -1.2699999809265137 9.3400001525878906 0,
              -0.81999999284744263 8.8900003433227539 0,
              -3.3599998950958252 11.430000305175781 0,
              -3.809999942779541 10.979999542236328 0,
              -4.2600002288818359 11.430000305175781 0,
              -3.809999942779541 11.880000114440918 0,
              -3.3599998950958252 11.430000305175781 0,
              -0.81999999284744263 11.430000305175781 0,
              -1.2699999809265137 10.979999542236328 0,
              -1.7200000286102295 11.430000305175781 0,
              -1.2699999809265137 11.880000114440918 0,
              -0.81999999284744263 11.430000305175781 0,
              9.3400001525878906 1.2699999809265137 0,
              8.8900003433227539 0.81999999284744263 0,
              8.4399995803833008 1.2699999809265137 0,
              8.8900003433227539 1.7200000286102295 0,
              9.3400001525878906 1.2699999809265137 0,
              11.880000114440918 1.2699999809265137 0,
              11.430000305175781 0.81999999284744263 0,
              10.979999542236328 1.2699999809265137 0,
              11.430000305175781 1.7200000286102295 0,
              11.880000114440918 1.2699999809265137 0,
              9.3400001525878906 3.809999942779541 0,
              8.8900003433227539 3.3599998950958252 0,
              8.4399995803833008 3.809999942779541 0,
              8.8900003433227539 4.2600002288818359 0,
              9.3400001525878906 3.809999942779541 0,
              11.880000114440918 3.809999942779541 0,
              11.430000305175781 3.3599998950958252 0,
              10.979999542236328 3.809999942779541 0,
              11.430000305175781 4.2600002288818359 0,
              11.880000114440918 3.809999942779541 0,
              1.7200000286102295 8.8900003433227539 0,
              1.2699999809265137 8.4399995803833008 0,
              0.81999999284744263 8.8900003433227539 0,
              1.2699999809265137 9.3400001525878906 0,
              1.7200000286102295 8.8900003433227539 0,
              4.2600002288818359 8.8900003433227539 0,
              3.809999942779541 8.4399995803833008 0,
              3.3599998950958252 8.8900003433227539 0,
              3.809999942779541 9.3400001525878906 0,
              4.2600002288818359 8.8900003433227539 0,
              1.7200000286102295 11.430000305175781 0,
              1.2699999809265137 10.979999542236328 0,
              0.81999999284744263 11.430000305175781 0,
              1.2699999809265137 11.880000114440918 0,
              1.7200000286102295 11.430000305175781 0,
              4.2600002288818359 11.430000305175781 0,
              3.809999942779541 10.979999542236328 0,
              3.3599998950958252 11.430000305175781 0,
              3.809999942779541 11.880000114440918 0,
              4.2600002288818359 11.430000305175781 0,
              9.3400001525878906 6.3499999046325684 0,
              8.8900003433227539 5.9000000953674316 0,
              8.4399995803833008 6.3499999046325684 0,
              8.8900003433227539 6.8000001907348633 0,
              9.3400001525878906 6.3499999046325684 0,
              6.8000001907348633 8.8900003433227539 0,
              6.3499999046325684 8.4399995803833008 0,
              5.9000000953674316 8.8900003433227539 0,
              6.3499999046325684 9.3400001525878906 0,
              6.8000001907348633 8.8900003433227539 0,
              9.3400001525878906 8.8900003433227539 0,
              8.8900003433227539 8.4399995803833008 0,
              8.4399995803833008 8.8900003433227539 0,
              8.8900003433227539 9.3400001525878906 0,
              9.3400001525878906 8.8900003433227539 0,
              11.880000114440918 6.3499999046325684 0,
              11.430000305175781 5.9000000953674316 0,
              10.979999542236328 6.3499999046325684 0,
              11.430000305175781 6.8000001907348633 0,
              11.880000114440918 6.3499999046325684 0,
              11.880000114440918 8.8900003433227539 0,
              11.430000305175781 8.4399995803833008 0,
              10.979999542236328 8.8900003433227539 0,
              11.430000305175781 9.3400001525878906 0,
              11.880000114440918 8.8900003433227539 0,
              6.8000001907348633 11.430000305175781 0,
              6.3499999046325684 10.979999542236328 0,
              5.9000000953674316 11.430000305175781 0,
              6.3499999046325684 11.880000114440918 0,
              6.8000001907348633 11.430000305175781 0,
              9.3400001525878906 11.430000305175781 0,
              8.8900003433227539 10.979999542236328 0,
              8.4399995803833008 11.430000305175781 0,
              8.8900003433227539 11.880000114440918 0,
              9.3400001525878906 11.430000305175781 0,
              11.880000114440918 11.430000305175781 0,
              11.430000305175781 10.979999542236328 0,
              10.979999542236328 11.430000305175781 0,
              11.430000305175781 11.880000114440918 0,
              11.880000114440918 11.430000305175781 0,
              -12.699999809265137 12.699999809265137 1.6000000238418579,
              -12.699999809265137 -11.199999809265137 1.6000000238418579,
              12.699999809265137 12.699999809265137 1.6000000238418579,
              -12.699999809265137 12.699999809265137 1.6000000238418579,
              -10.979999542236328 -11.430000305175781 1.6000000238418579,
              -11.430000305175781 -11.880000114440918 1.6000000238418579,
              -11.880000114440918 -11.430000305175781 1.6000000238418579,
              -11.430000305175781 -10.979999542236328 1.6000000238418579,
              -10.979999542236328 -11.430000305175781 1.6000000238418579,
              -8.4399995803833008 -11.430000305175781 1.6000000238418579,
              -8.8900003433227539 -11.880000114440918 1.6000000238418579,
              -9.3400001525878906 -11.430000305175781 1.6000000238418579,
              -8.8900003433227539 -10.979999542236328 1.6000000238418579,
              -8.4399995803833008 -11.430000305175781 1.6000000238418579,
              -5.9000000953674316 -11.430000305175781 1.6000000238418579,
              -6.3499999046325684 -11.880000114440918 1.6000000238418579,
              -6.8000001907348633 -11.430000305175781 1.6000000238418579,
              -6.3499999046325684 -10.979999542236328 1.6000000238418579,
              -5.9000000953674316 -11.430000305175781 1.6000000238418579,
              -10.979999542236328 -8.8900003433227539 1.6000000238418579,
              -11.430000305175781 -9.3400001525878906 1.6000000238418579,
              -11.880000114440918 -8.8900003433227539 1.6000000238418579,
              -11.430000305175781 -8.4399995803833008 1.6000000238418579,
              -10.979999542236328 -8.8900003433227539 1.6000000238418579,
              -10.979999542236328 -6.3499999046325684 1.6000000238418579,
              -11.430000305175781 -6.8000001907348633 1.6000000238418579,
              -11.880000114440918 -6.3499999046325684 1.6000000238418579,
              -11.430000305175781 -5.9000000953674316 1.6000000238418579,
              -10.979999542236328 -6.3499999046325684 1.6000000238418579,
              -8.4399995803833008 -8.8900003433227539 1.6000000238418579,
              -8.8900003433227539 -9.3400001525878906 1.6000000238418579,
              -9.3400001525878906 -8.8900003433227539 1.6000000238418579,
              -8.8900003433227539 -8.4399995803833008 1.6000000238418579,
              -8.4399995803833008 -8.8900003433227539 1.6000000238418579,
              -5.9000000953674316 -8.8900003433227539 1.6000000238418579,
              -6.3499999046325684 -9.3400001525878906 1.6000000238418579,
              -6.8000001907348633 -8.8900003433227539 1.6000000238418579,
              -6.3499999046325684 -8.4399995803833008 1.6000000238418579,
              -5.9000000953674316 -8.8900003433227539 1.6000000238418579,
              -8.4399995803833008 -6.3499999046325684 1.6000000238418579,
              -8.8900003433227539 -6.8000001907348633 1.6000000238418579,
              -9.3400001525878906 -6.3499999046325684 1.6000000238418579,
              -8.8900003433227539 -5.9000000953674316 1.6000000238418579,
              -8.4399995803833008 -6.3499999046325684 1.6000000238418579,
              -3.3599998950958252 -11.430000305175781 1.6000000238418579,
              -3.809999942779541 -11.880000114440918 1.6000000238418579,
              -4.2600002288818359 -11.430000305175781 1.6000000238418579,
              -3.809999942779541 -10.979999542236328 1.6000000238418579,
              -3.3599998950958252 -11.430000305175781 1.6000000238418579,
              -0.81999999284744263 -11.430000305175781 1.6000000238418579,
              -1.2699999809265137 -11.880000114440918 1.6000000238418579,
              -1.7200000286102295 -11.430000305175781 1.6000000238418579,
              -1.2699999809265137 -10.979999542236328 1.6000000238418579,
              -0.81999999284744263 -11.430000305175781 1.6000000238418579,
              -3.3599998950958252 -8.8900003433227539 1.6000000238418579,
              -3.809999942779541 -9.3400001525878906 1.6000000238418579,
              -4.2600002288818359 -8.8900003433227539 1.6000000238418579,
              -3.809999942779541 -8.4399995803833008 1.6000000238418579,
              -3.3599998950958252 -8.8900003433227539 1.6000000238418579,
              -0.81999999284744263 -8.8900003433227539 1.6000000238418579,
              -1.2699999809265137 -9.3400001525878906 1.6000000238418579,
              -1.7200000286102295 -8.8900003433227539 1.6000000238418579,
              -1.2699999809265137 -8.4399995803833008 1.6000000238418579,
              -0.81999999284744263 -8.8900003433227539 1.6000000238418579,
              -10.979999542236328 -3.809999942779541 1.6000000238418579,
              -11.430000305175781 -4.2600002288818359 1.6000000238418579,
              -11.880000114440918 -3.809999942779541 1.6000000238418579,
              -11.430000305175781 -3.3599998950958252 1.6000000238418579,
              -10.979999542236328 -3.809999942779541 1.6000000238418579,
              -8.4399995803833008 -3.809999942779541 1.6000000238418579,
              -8.8900003433227539 -4.2600002288818359 1.6000000238418579,
              -9.3400001525878906 -3.809999942779541 1.6000000238418579,
              -8.8900003433227539 -3.3599998950958252 1.6000000238418579,
              -8.4399995803833008 -3.809999942779541 1.6000000238418579,
              -10.979999542236328 -1.2699999809265137 1.6000000238418579,
              -11.430000305175781 -1.7200000286102295 1.6000000238418579,
              -11.880000114440918 -1.2699999809265137 1.6000000238418579,
              -11.430000305175781 -0.81999999284744263 1.6000000238418579,
              -10.979999542236328 -1.2699999809265137 1.6000000238418579,
              -8.4399995803833008 -1.2699999809265137 1.6000000238418579,
              -8.8900003433227539 -1.7200000286102295 1.6000000238418579,
              -9.3400001525878906 -1.2699999809265137 1.6000000238418579,
              -8.8900003433227539 -0.81999999284744263 1.6000000238418579,
              -8.4399995803833008 -1.2699999809265137 1.6000000238418579,
              1.7200000286102295 -11.430000305175781 1.6000000238418579,
              1.2699999809265137 -11.880000114440918 1.6000000238418579,
              0.81999999284744263 -11.430000305175781 1.6000000238418579,
              1.2699999809265137 -10.979999542236328 1.6000000238418579,
              1.7200000286102295 -11.430000305175781 1.6000000238418579,
              4.2600002288818359 -11.430000305175781 1.6000000238418579,
              3.809999942779541 -11.880000114440918 1.6000000238418579,
              3.3599998950958252 -11.430000305175781 1.6000000238418579,
              3.809999942779541 -10.979999542236328 1.6000000238418579,
              4.2600002288818359 -11.430000305175781 1.6000000238418579,
              1.7200000286102295 -8.8900003433227539 1.6000000238418579,
              1.2699999809265137 -9.3400001525878906 1.6000000238418579,
              0.81999999284744263 -8.8900003433227539 1.6000000238418579,
              1.2699999809265137 -8.4399995803833008 1.6000000238418579,
              1.7200000286102295 -8.8900003433227539 1.6000000238418579,
              4.2600002288818359 -8.8900003433227539 1.6000000238418579,
              3.809999942779541 -9.3400001525878906 1.6000000238418579,
              3.3599998950958252 -8.8900003433227539 1.6000000238418579,
              3.809999942779541 -8.4399995803833008 1.6000000238418579,
              4.2600002288818359 -8.8900003433227539 1.6000000238418579,
              6.8000001907348633 -11.430000305175781 1.6000000238418579,
              6.3499999046325684 -11.880000114440918 1.6000000238418579,
              5.9000000953674316 -11.430000305175781 1.6000000238418579,
              6.3499999046325684 -10.979999542236328 1.6000000238418579,
              6.8000001907348633 -11.430000305175781 1.6000000238418579,
              9.3400001525878906 -11.430000305175781 1.6000000238418579,
              8.8900003433227539 -11.880000114440918 1.6000000238418579,
              8.4399995803833008 -11.430000305175781 1.6000000238418579,
              8.8900003433227539 -10.979999542236328 1.6000000238418579,
              9.3400001525878906 -11.430000305175781 1.6000000238418579,
              11.880000114440918 -11.430000305175781 1.6000000238418579,
              11.430000305175781 -11.880000114440918 1.6000000238418579,
              10.979999542236328 -11.430000305175781 1.6000000238418579,
              11.430000305175781 -10.979999542236328 1.6000000238418579,
              11.880000114440918 -11.430000305175781 1.6000000238418579,
              6.8000001907348633 -8.8900003433227539 1.6000000238418579,
              6.3499999046325684 -9.3400001525878906 1.6000000238418579,
              5.9000000953674316 -8.8900003433227539 1.6000000238418579,
              6.3499999046325684 -8.4399995803833008 1.6000000238418579,
              6.8000001907348633 -8.8900003433227539 1.6000000238418579,
              9.3400001525878906 -8.8900003433227539 1.6000000238418579,
              8.8900003433227539 -9.3400001525878906 1.6000000238418579,
              8.4399995803833008 -8.8900003433227539 1.6000000238418579,
              8.8900003433227539 -8.4399995803833008 1.6000000238418579,
              9.3400001525878906 -8.8900003433227539 1.6000000238418579,
              9.3400001525878906 -6.3499999046325684 1.6000000238418579,
              8.8900003433227539 -6.8000001907348633 1.6000000238418579,
              8.4399995803833008 -6.3499999046325684 1.6000000238418579,
              8.8900003433227539 -5.9000000953674316 1.6000000238418579,
              9.3400001525878906 -6.3499999046325684 1.6000000238418579,
              11.880000114440918 -8.8900003433227539 1.6000000238418579,
              11.430000305175781 -9.3400001525878906 1.6000000238418579,
              10.979999542236328 -8.8900003433227539 1.6000000238418579,
              11.430000305175781 -8.4399995803833008 1.6000000238418579,
              11.880000114440918 -8.8900003433227539 1.6000000238418579,
              11.880000114440918 -6.3499999046325684 1.6000000238418579,
              11.430000305175781 -6.8000001907348633 1.6000000238418579,
              10.979999542236328 -6.3499999046325684 1.6000000238418579,
              11.430000305175781 -5.9000000953674316 1.6000000238418579,
              11.880000114440918 -6.3499999046325684 1.6000000238418579,
              9.3400001525878906 -3.809999942779541 1.6000000238418579,
              8.8900003433227539 -4.2600002288818359 1.6000000238418579,
              8.4399995803833008 -3.809999942779541 1.6000000238418579,
              8.8900003433227539 -3.3599998950958252 1.6000000238418579,
              9.3400001525878906 -3.809999942779541 1.6000000238418579,
              11.880000114440918 -3.809999942779541 1.6000000238418579,
              11.430000305175781 -4.2600002288818359 1.6000000238418579,
              10.979999542236328 -3.809999942779541 1.6000000238418579,
              11.430000305175781 -3.3599998950958252 1.6000000238418579,
              11.880000114440918 -3.809999942779541 1.6000000238418579,
              9.3400001525878906 -1.2699999809265137 1.6000000238418579,
              8.8900003433227539 -1.7200000286102295 1.6000000238418579,
              8.4399995803833008 -1.2699999809265137 1.6000000238418579,
              8.8900003433227539 -0.81999999284744263 1.6000000238418579,
              9.3400001525878906 -1.2699999809265137 1.6000000238418579,
              11.880000114440918 -1.2699999809265137 1.6000000238418579,
              11.430000305175781 -1.7200000286102295 1.6000000238418579,
              10.979999542236328 -1.2699999809265137 1.6000000238418579,
              11.430000305175781 -0.81999999284744263 1.6000000238418579,
              11.880000114440918 -1.2699999809265137 1.6000000238418579,
              -10.979999542236328 1.2699999809265137 1.6000000238418579,
              -11.430000305175781 0.81999999284744263 1.6000000238418579,
              -11.880000114440918 1.2699999809265137 1.6000000238418579,
              -11.430000305175781 1.7200000286102295 1.6000000238418579,
              -10.979999542236328 1.2699999809265137 1.6000000238418579,
              -8.4399995803833008 1.2699999809265137 1.6000000238418579,
              -8.8900003433227539 0.81999999284744263 1.6000000238418579,
              -9.3400001525878906 1.2699999809265137 1.6000000238418579,
              -8.8900003433227539 1.7200000286102295 1.6000000238418579,
              -8.4399995803833008 1.2699999809265137 1.6000000238418579,
              -10.979999542236328 3.809999942779541 1.6000000238418579,
              -11.430000305175781 3.3599998950958252 1.6000000238418579,
              -11.880000114440918 3.809999942779541 1.6000000238418579,
              -11.430000305175781 4.2600002288818359 1.6000000238418579,
              -10.979999542236328 3.809999942779541 1.6000000238418579,
              -8.4399995803833008 3.809999942779541 1.6000000238418579,
              -8.8900003433227539 3.3599998950958252 1.6000000238418579,
              -9.3400001525878906 3.809999942779541 1.6000000238418579,
              -8.8900003433227539 4.2600002288818359 1.6000000238418579,
              -8.4399995803833008 3.809999942779541 1.6000000238418579,
              -10.979999542236328 6.3499999046325684 1.6000000238418579,
              -11.430000305175781 5.9000000953674316 1.6000000238418579,
              -11.880000114440918 6.3499999046325684 1.6000000238418579,
              -11.430000305175781 6.8000001907348633 1.6000000238418579,
              -10.979999542236328 6.3499999046325684 1.6000000238418579,
              -10.979999542236328 8.8900003433227539 1.6000000238418579,
              -11.430000305175781 8.4399995803833008 1.6000000238418579,
              -11.880000114440918 8.8900003433227539 1.6000000238418579,
              -11.430000305175781 9.3400001525878906 1.6000000238418579,
              -10.979999542236328 8.8900003433227539 1.6000000238418579,
              -8.4399995803833008 6.3499999046325684 1.6000000238418579,
              -8.8900003433227539 5.9000000953674316 1.6000000238418579,
              -9.3400001525878906 6.3499999046325684 1.6000000238418579,
              -8.8900003433227539 6.8000001907348633 1.6000000238418579,
              -8.4399995803833008 6.3499999046325684 1.6000000238418579,
              -8.4399995803833008 8.8900003433227539 1.6000000238418579,
              -8.8900003433227539 8.4399995803833008 1.6000000238418579,
              -9.3400001525878906 8.8900003433227539 1.6000000238418579,
              -8.8900003433227539 9.3400001525878906 1.6000000238418579,
              -8.4399995803833008 8.8900003433227539 1.6000000238418579,
              -5.9000000953674316 8.8900003433227539 1.6000000238418579,
              -6.3499999046325684 8.4399995803833008 1.6000000238418579,
              -6.8000001907348633 8.8900003433227539 1.6000000238418579,
              -6.3499999046325684 9.3400001525878906 1.6000000238418579,
              -5.9000000953674316 8.8900003433227539 1.6000000238418579,
              -10.979999542236328 11.430000305175781 1.6000000238418579,
              -11.430000305175781 10.979999542236328 1.6000000238418579,
              -11.880000114440918 11.430000305175781 1.6000000238418579,
              -11.430000305175781 11.880000114440918 1.6000000238418579,
              -10.979999542236328 11.430000305175781 1.6000000238418579,
              -8.4399995803833008 11.430000305175781 1.6000000238418579,
              -8.8900003433227539 10.979999542236328 1.6000000238418579,
              -9.3400001525878906 11.430000305175781 1.6000000238418579,
              -8.8900003433227539 11.880000114440918 1.6000000238418579,
              -8.4399995803833008 11.430000305175781 1.6000000238418579,
              -5.9000000953674316 11.430000305175781 1.6000000238418579,
              -6.3499999046325684 10.979999542236328 1.6000000238418579,
              -6.8000001907348633 11.430000305175781 1.6000000238418579,
              -6.3499999046325684 11.880000114440918 1.6000000238418579,
              -5.9000000953674316 11.430000305175781 1.6000000238418579,
              -3.3599998950958252 8.8900003433227539 1.6000000238418579,
              -3.809999942779541 8.4399995803833008 1.6000000238418579,
              -4.2600002288818359 8.8900003433227539 1.6000000238418579,
              -3.809999942779541 9.3400001525878906 1.6000000238418579,
              -3.3599998950958252 8.8900003433227539 1.6000000238418579,
              -0.81999999284744263 8.8900003433227539 1.6000000238418579,
              -1.2699999809265137 8.4399995803833008 1.6000000238418579,
              -1.7200000286102295 8.8900003433227539 1.6000000238418579,
              -1.2699999809265137 9.3400001525878906 1.6000000238418579,
              -0.81999999284744263 8.8900003433227539 1.6000000238418579,
              -3.3599998950958252 11.430000305175781 1.6000000238418579,
              -3.809999942779541 10.979999542236328 1.6000000238418579,
              -4.2600002288818359 11.430000305175781 1.6000000238418579,
              -3.809999942779541 11.880000114440918 1.6000000238418579,
              -3.3599998950958252 11.430000305175781 1.6000000238418579,
              -0.81999999284744263 11.430000305175781 1.6000000238418579,
              -1.2699999809265137 10.979999542236328 1.6000000238418579,
              -1.7200000286102295 11.430000305175781 1.6000000238418579,
              -1.2699999809265137 11.880000114440918 1.6000000238418579,
              -0.81999999284744263 11.430000305175781 1.6000000238418579,
              9.3400001525878906 1.2699999809265137 1.6000000238418579,
              8.8900003433227539 0.81999999284744263 1.6000000238418579,
              8.4399995803833008 1.2699999809265137 1.6000000238418579,
              8.8900003433227539 1.7200000286102295 1.6000000238418579,
              9.3400001525878906 1.2699999809265137 1.6000000238418579,
              11.880000114440918 1.2699999809265137 1.6000000238418579,
              11.430000305175781 0.81999999284744263 1.6000000238418579,
              10.979999542236328 1.2699999809265137 1.6000000238418579,
              11.430000305175781 1.7200000286102295 1.6000000238418579,
              11.880000114440918 1.2699999809265137 1.6000000238418579,
              9.3400001525878906 3.809999942779541 1.6000000238418579,
              8.8900003433227539 3.3599998950958252 1.6000000238418579,
              8.4399995803833008 3.809999942779541 1.6000000238418579,
              8.8900003433227539 4.2600002288818359 1.6000000238418579,
              9.3400001525878906 3.809999942779541 1.6000000238418579,
              11.880000114440918 3.809999942779541 1.6000000238418579,
              11.430000305175781 3.3599998950958252 1.6000000238418579,
              10.979999542236328 3.809999942779541 1.6000000238418579,
              11.430000305175781 4.2600002288818359 1.6000000238418579,
              11.880000114440918 3.809999942779541 1.6000000238418579,
              1.7200000286102295 8.8900003433227539 1.6000000238418579,
              1.2699999809265137 8.4399995803833008 1.6000000238418579,
              0.81999999284744263 8.8900003433227539 1.6000000238418579,
              1.2699999809265137 9.3400001525878906 1.6000000238418579,
              1.7200000286102295 8.8900003433227539 1.6000000238418579,
              4.2600002288818359 8.8900003433227539 1.6000000238418579,
              3.809999942779541 8.4399995803833008 1.6000000238418579,
              3.3599998950958252 8.8900003433227539 1.6000000238418579,
              3.809999942779541 9.3400001525878906 1.6000000238418579,
              4.2600002288818359 8.8900003433227539 1.6000000238418579,
              1.7200000286102295 11.430000305175781 1.6000000238418579,
              1.2699999809265137 10.979999542236328 1.6000000238418579,
              0.81999999284744263 11.430000305175781 1.6000000238418579,
              1.2699999809265137 11.880000114440918 1.6000000238418579,
              1.7200000286102295 11.430000305175781 1.6000000238418579,
              4.2600002288818359 11.430000305175781 1.6000000238418579,
              3.809999942779541 10.979999542236328 1.6000000238418579,
              3.3599998950958252 11.430000305175781 1.6000000238418579,
              3.809999942779541 11.880000114440918 1.6000000238418579,
              4.2600002288818359 11.430000305175781 1.6000000238418579,
              9.3400001525878906 6.3499999046325684 1.6000000238418579,
              8.8900003433227539 5.9000000953674316 1.6000000238418579,
              8.4399995803833008 6.3499999046325684 1.6000000238418579,
              8.8900003433227539 6.8000001907348633 1.6000000238418579,
              9.3400001525878906 6.3499999046325684 1.6000000238418579,
              6.8000001907348633 8.8900003433227539 1.6000000238418579,
              6.3499999046325684 8.4399995803833008 1.6000000238418579,
              5.9000000953674316 8.8900003433227539 1.6000000238418579,
              6.3499999046325684 9.3400001525878906 1.6000000238418579,
              6.8000001907348633 8.8900003433227539 1.6000000238418579,
              9.3400001525878906 8.8900003433227539 1.6000000238418579,
              8.8900003433227539 8.4399995803833008 1.6000000238418579,
              8.4399995803833008 8.8900003433227539 1.6000000238418579,
              8.8900003433227539 9.3400001525878906 1.6000000238418579,
              9.3400001525878906 8.8900003433227539 1.6000000238418579,
              11.880000114440918 6.3499999046325684 1.6000000238418579,
              11.430000305175781 5.9000000953674316 1.6000000238418579,
              10.979999542236328 6.3499999046325684 1.6000000238418579,
              11.430000305175781 6.8000001907348633 1.6000000238418579,
              11.880000114440918 6.3499999046325684 1.6000000238418579,
              11.880000114440918 8.8900003433227539 1.6000000238418579,
              11.430000305175781 8.4399995803833008 1.6000000238418579,
              10.979999542236328 8.8900003433227539 1.6000000238418579,
              11.430000305175781 9.3400001525878906 1.6000000238418579,
              11.880000114440918 8.8900003433227539 1.6000000238418579,
              6.8000001907348633 11.430000305175781 1.6000000238418579,
              6.3499999046325684 10.979999542236328 1.6000000238418579,
              5.9000000953674316 11.430000305175781 1.6000000238418579,
              6.3499999046325684 11.880000114440918 1.6000000238418579,
              6.8000001907348633 11.430000305175781 1.6000000238418579,
              9.3400001525878906 11.430000305175781 1.6000000238418579,
              8.8900003433227539 10.979999542236328 1.6000000238418579,
              8.4399995803833008 11.430000305175781 1.6000000238418579,
              8.8900003433227539 11.880000114440918 1.6000000238418579,
              9.3400001525878906 11.430000305175781 1.6000000238418579,
              11.880000114440918 11.430000305175781 1.6000000238418579,
              11.430000305175781 10.979999542236328 1.6000000238418579,
              10.979999542236328 11.430000305175781 1.6000000238418579,
              11.430000305175781 11.880000114440918 1.6000000238418579,
              11.880000114440918 11.430000305175781 1.6000000238418579,
              -12.699999809265137 12.699999809265137 0,
              -12.699999809265137 12.699999809265137 1.6000000238418579,
              -10.979999542236328 -11.430000305175781 0,
              -10.979999542236328 -11.430000305175781 1.6000000238418579,
              -8.4399995803833008 -11.430000305175781 0,
              -8.4399995803833008 -11.430000305175781 1.6000000238418579,
              -5.9000000953674316 -11.430000305175781 0,
              -5.9000000953674316 -11.430000305175781 1.6000000238418579,
              -10.979999542236328 -8.8900003433227539 0,
              -10.979999542236328 -8.8900003433227539 1.6000000238418579,
              -10.979999542236328 -6.3499999046325684 0,
              -10.979999542236328 -6.3499999046325684 1.6000000238418579,
              -8.4399995803833008 -8.8900003433227539 0,
              -8.4399995803833008 -8.8900003433227539 1.6000000238418579,
              -5.9000000953674316 -8.8900003433227539 0,
              -5.9000000953674316 -8.8900003433227539 1.6000000238418579,
              -8.4399995803833008 -6.3499999046325684 0,
              -8.4399995803833008 -6.3499999046325684 1.6000000238418579,
              -3.3599998950958252 -11.430000305175781 0,
              -3.3599998950958252 -11.430000305175781 1.6000000238418579,
              -0.81999999284744263 -11.430000305175781 0,
              -0.81999999284744263 -11.430000305175781 1.6000000238418579,
              -3.3599998950958252 -8.8900003433227539 0,
              -3.3599998950958252 -8.8900003433227539 1.6000000238418579,
              -0.81999999284744263 -8.8900003433227539 0,
              -0.81999999284744263 -8.8900003433227539 1.6000000238418579,
              -10.979999542236328 -3.809999942779541 0,
              -10.979999542236328 -3.809999942779541 1.6000000238418579,
              -8.4399995803833008 -3.809999942779541 0,
              -8.4399995803833008 -3.809999942779541 1.6000000238418579,
              -10.979999542236328 -1.2699999809265137 0,
              -10.979999542236328 -1.2699999809265137 1.6000000238418579,
              -8.4399995803833008 -1.2699999809265137 0,
              -8.4399995803833008 -1.2699999809265137 1.6000000238418579,
              1.7200000286102295 -11.430000305175781 0,
              1.7200000286102295 -11.430000305175781 1.6000000238418579,
              4.2600002288818359 -11.430000305175781 0,
              4.2600002288818359 -11.430000305175781 1.6000000238418579,
              1.7200000286102295 -8.8900003433227539 0,
              1.7200000286102295 -8.8900003433227539 1.6000000238418579,
              4.2600002288818359 -8.8900003433227539 0,
              4.2600002288818359 -8.8900003433227539 1.6000000238418579,
              6.8000001907348633 -11.430000305175781 0,
              6.8000001907348633 -11.430000305175781 1.6000000238418579,
              9.3400001525878906 -11.430000305175781 0,
              9.3400001525878906 -11.430000305175781 1.6000000238418579,
              11.880000114440918 -11.430000305175781 0,
              11.880000114440918 -11.430000305175781 1.6000000238418579,
              6.8000001907348633 -8.8900003433227539 0,
              6.8000001907348633 -8.8900003433227539 1.6000000238418579,
              9.3400001525878906 -8.8900003433227539 0,
              9.3400001525878906 -8.8900003433227539 1.6000000238418579,
              9.3400001525878906 -6.3499999046325684 0,
              9.3400001525878906 -6.3499999046325684 1.6000000238418579,
              11.880000114440918 -8.8900003433227539 0,
              11.880000114440918 -8.8900003433227539 1.6000000238418579,
              11.880000114440918 -6.3499999046325684 0,
              11.880000114440918 -6.3499999046325684 1.6000000238418579,
              9.3400001525878906 -3.809999942779541 0,
              9.3400001525878906 -3.809999942779541 1.6000000238418579,
              11.880000114440918 -3.809999942779541 0,
              11.880000114440918 -3.809999942779541 1.6000000238418579,
              9.3400001525878906 -1.2699999809265137 0,
              9.3400001525878906 -1.2699999809265137 1.6000000238418579,
              11.880000114440918 -1.2699999809265137 0,
              11.880000114440918 -1.2699999809265137 1.6000000238418579,
              -10.979999542236328 1.2699999809265137 0,
              -10.979999542236328 1.2699999809265137 1.6000000238418579,
              -8.4399995803833008 1.2699999809265137 0,
              -8.4399995803833008 1.2699999809265137 1.6000000238418579,
              -10.979999542236328 3.809999942779541 0,
              -10.979999542236328 3.809999942779541 1.6000000238418579,
              -8.4399995803833008 3.809999942779541 0,
              -8.4399995803833008 3.809999942779541 1.6000000238418579,
              -10.979999542236328 6.3499999046325684 0,
              -10.979999542236328 6.3499999046325684 1.6000000238418579,
              -10.979999542236328 8.8900003433227539 0,
              -10.979999542236328 8.8900003433227539 1.6000000238418579,
              -8.4399995803833008 6.3499999046325684 0,
              -8.4399995803833008 6.3499999046325684 1.6000000238418579,
              -8.4399995803833008 8.8900003433227539 0,
              -8.4399995803833008 8.8900003433227539 1.6000000238418579,
              -5.9000000953674316 8.8900003433227539 0,
              -5.9000000953674316 8.8900003433227539 1.6000000238418579,
              -10.979999542236328 11.430000305175781 0,
              -10.979999542236328 11.430000305175781 1.6000000238418579,
              -8.4399995803833008 11.430000305175781 0,
              -8.4399995803833008 11.430000305175781 1.6000000238418579,
              -5.9000000953674316 11.430000305175781 0,
              -5.9000000953674316 11.430000305175781 1.6000000238418579,
              -3.3599998950958252 8.8900003433227539 0,
              -3.3599998950958252 8.8900003433227539 1.6000000238418579,
              -0.81999999284744263 8.8900003433227539 0,
              -0.81999999284744263 8.8900003433227539 1.6000000238418579,
              -3.3599998950958252 11.430000305175781 0,
              -3.3599998950958252 11.430000305175781 1.6000000238418579,
              -0.81999999284744263 11.430000305175781 0,
              -0.81999999284744263 11.430000305175781 1.6000000238418579,
              9.3400001525878906 1.2699999809265137 0,
              9.3400001525878906 1.2699999809265137 1.6000000238418579,
              11.880000114440918 1.2699999809265137 0,
              11.880000114440918 1.2699999809265137 1.6000000238418579,
              9.3400001525878906 3.809999942779541 0,
              9.3400001525878906 3.809999942779541 1.6000000238418579,
              11.880000114440918 3.809999942779541 0,
              11.880000114440918 3.809999942779541 1.6000000238418579,
              1.7200000286102295 8.8900003433227539 0,
              1.7200000286102295 8.8900003433227539 1.6000000238418579,
              4.2600002288818359 8.8900003433227539 0,
              4.2600002288818359 8.8900003433227539 1.6000000238418579,
              1.7200000286102295 11.430000305175781 0,
              1.7200000286102295 11.430000305175781 1.6000000238418579,
              4.2600002288818359 11.430000305175781 0,
              4.2600002288818359 11.430000305175781 1.6000000238418579,
              9.3400001525878906 6.3499999046325684 0,
              9.3400001525878906 6.3499999046325684 1.6000000238418579,
              6.8000001907348633 8.8900003433227539 0,
              6.8000001907348633 8.8900003433227539 1.6000000238418579,
              9.3400001525878906 8.8900003433227539 0,
              9.3400001525878906 8.8900003433227539 1.6000000238418579,
              11.880000114440918 6.3499999046325684 0,
              11.880000114440918 6.3499999046325684 1.6000000238418579,
              11.880000114440918 8.8900003433227539 0,
              11.880000114440918 8.8900003433227539 1.6000000238418579,
              6.8000001907348633 11.430000305175781 0,
              6.8000001907348633 11.430000305175781 1.6000000238418579,
              9.3400001525878906 11.430000305175781 0,
              9.3400001525878906 11.430000305175781 1.6000000238418579,
              11.880000114440918 11.430000305175781 0,
              11.880000114440918 11.430000305175781 1.6000000238418579,
              -11.199999809265137 -12.699999809265137 0,
              -11.199999809265137 -12.699999809265137 1.6000000238418579,
              12.699999809265137 -12.699999809265137 0,
              12.699999809265137 -12.699999809265137 1.6000000238418579,
              -11.199999809265137 -12.699999809265137 0,
              12.699999809265137 -12.699999809265137 0,
              -11.199999809265137 -12.699999809265137 1.6000000238418579,
              12.699999809265137 -12.699999809265137 1.6000000238418579,
              -12.699999809265137 -11.199999809265137 0,
              -12.699999809265137 -11.199999809265137 1.6000000238418579,
              -11.199999809265137 -12.699999809265137 0,
              -11.199999809265137 -12.699999809265137 1.6000000238418579,
              -12.699999809265137 -11.199999809265137 0,
              -11.199999809265137 -12.699999809265137 0,
              -12.699999809265137 -11.199999809265137 1.6000000238418579,
              -11.199999809265137 -12.699999809265137 1.6000000238418579,
              12.699999809265137 -12.699999809265137 0,
              12.699999809265137 -12.699999809265137 1.6000000238418579,
              12.699999809265137 12.699999809265137 0,
              12.699999809265137 12.699999809265137 1.6000000238418579,
              12.699999809265137 -12.699999809265137 0,
              12.699999809265137 12.699999809265137 0,
              12.699999809265137 -12.699999809265137 1.6000000238418579,
              12.699999809265137 12.699999809265137 1.6000000238418579,
              -11.199999809265137 -12.699999809265137 0,
              12.699999809265137 -12.699999809265137 0,
              -12.699999809265137 -11.199999809265137 0,
              -11.199999809265137 -12.699999809265137 0,
              12.699999809265137 -12.699999809265137 0,
              12.699999809265137 12.699999809265137 0,
              -12.699999809265137 12.699999809265137 0,
              -12.699999809265137 -11.199999809265137 0,
              12.699999809265137 12.699999809265137 0,
              -12.699999809265137 12.699999809265137 0,
              -10.979999542236328 -11.430000305175781 0,
              -11.430000305175781 -11.880000114440918 0,
              -11.880000114440918 -11.430000305175781 0,
              -11.430000305175781 -10.979999542236328 0,
              -10.979999542236328 -11.430000305175781 0,
              -8.4399995803833008 -11.430000305175781 0,
              -8.8900003433227539 -11.880000114440918 0,
              -9.3400001525878906 -11.430000305175781 0,
              -8.8900003433227539 -10.979999542236328 0,
              -8.4399995803833008 -11.430000305175781 0,
              -5.9000000953674316 -11.430000305175781 0,
              -6.3499999046325684 -11.880000114440918 0,
              -6.8000001907348633 -11.430000305175781 0,
              -6.3499999046325684 -10.979999542236328 0,
              -5.9000000953674316 -11.430000305175781 0,
              -10.979999542236328 -8.8900003433227539 0,
              -11.430000305175781 -9.3400001525878906 0,
              -11.880000114440918 -8.8900003433227539 0,
              -11.430000305175781 -8.4399995803833008 0,
              -10.979999542236328 -8.8900003433227539 0,
              -10.979999542236328 -6.3499999046325684 0,
              -11.430000305175781 -6.8000001907348633 0,
              -11.880000114440918 -6.3499999046325684 0,
              -11.430000305175781 -5.9000000953674316 0,
              -10.979999542236328 -6.3499999046325684 0,
              -8.4399995803833008 -8.8900003433227539 0,
              -8.8900003433227539 -9.3400001525878906 0,
              -9.3400001525878906 -8.8900003433227539 0,
              -8.8900003433227539 -8.4399995803833008 0,
              -8.4399995803833008 -8.8900003433227539 0,
              -5.9000000953674316 -8.8900003433227539 0,
              -6.3499999046325684 -9.3400001525878906 0,
              -6.8000001907348633 -8.8900003433227539 0,
              -6.3499999046325684 -8.4399995803833008 0,
              -5.9000000953674316 -8.8900003433227539 0,
              -8.4399995803833008 -6.3499999046325684 0,
              -8.8900003433227539 -6.8000001907348633 0,
              -9.3400001525878906 -6.3499999046325684 0,
              -8.8900003433227539 -5.9000000953674316 0,
              -8.4399995803833008 -6.3499999046325684 0,
              -3.3599998950958252 -11.430000305175781 0,
              -3.809999942779541 -11.880000114440918 0,
              -4.2600002288818359 -11.430000305175781 0,
              -3.809999942779541 -10.979999542236328 0,
              -3.3599998950958252 -11.430000305175781 0,
              -0.81999999284744263 -11.430000305175781 0,
              -1.2699999809265137 -11.880000114440918 0,
              -1.7200000286102295 -11.430000305175781 0,
              -1.2699999809265137 -10.979999542236328 0,
              -0.81999999284744263 -11.430000305175781 0,
              -3.3599998950958252 -8.8900003433227539 0,
              -3.809999942779541 -9.3400001525878906 0,
              -4.2600002288818359 -8.8900003433227539 0,
              -3.809999942779541 -8.4399995803833008 0,
              -3.3599998950958252 -8.8900003433227539 0,
              -0.81999999284744263 -8.8900003433227539 0,
              -1.2699999809265137 -9.3400001525878906 0,
              -1.7200000286102295 -8.8900003433227539 0,
              -1.2699999809265137 -8.4399995803833008 0,
              -0.81999999284744263 -8.8900003433227539 0,
              -10.979999542236328 -3.809999942779541 0,
              -11.430000305175781 -4.2600002288818359 0,
              -11.880000114440918 -3.809999942779541 0,
              -11.430000305175781 -3.3599998950958252 0,
              -10.979999542236328 -3.809999942779541 0,
              -8.4399995803833008 -3.809999942779541 0,
              -8.8900003433227539 -4.2600002288818359 0,
              -9.3400001525878906 -3.809999942779541 0,
              -8.8900003433227539 -3.3599998950958252 0,
              -8.4399995803833008 -3.809999942779541 0,
              -10.979999542236328 -1.2699999809265137 0,
              -11.430000305175781 -1.7200000286102295 0,
              -11.880000114440918 -1.2699999809265137 0,
              -11.430000305175781 -0.81999999284744263 0,
              -10.979999542236328 -1.2699999809265137 0,
              -8.4399995803833008 -1.2699999809265137 0,
              -8.8900003433227539 -1.7200000286102295 0,
              -9.3400001525878906 -1.2699999809265137 0,
              -8.8900003433227539 -0.81999999284744263 0,
              -8.4399995803833008 -1.2699999809265137 0,
              1.7200000286102295 -11.430000305175781 0,
              1.2699999809265137 -11.880000114440918 0,
              0.81999999284744263 -11.430000305175781 0,
              1.2699999809265137 -10.979999542236328 0,
              1.7200000286102295 -11.430000305175781 0,
              4.2600002288818359 -11.430000305175781 0,
              3.809999942779541 -11.880000114440918 0,
              3.3599998950958252 -11.430000305175781 0,
              3.809999942779541 -10.979999542236328 0,
              4.2600002288818359 -11.430000305175781 0,
              1.7200000286102295 -8.8900003433227539 0,
              1.2699999809265137 -9.3400001525878906 0,
              0.81999999284744263 -8.8900003433227539 0,
              1.2699999809265137 -8.4399995803833008 0,
              1.7200000286102295 -8.8900003433227539 0,
              4.2600002288818359 -8.8900003433227539 0,
              3.809999942779541 -9.3400001525878906 0,
              3.3599998950958252 -8.8900003433227539 0,
              3.809999942779541 -8.4399995803833008 0,
              4.2600002288818359 -8.8900003433227539 0,
              6.8000001907348633 -11.430000305175781 0,
              6.3499999046325684 -11.880000114440918 0,
              5.9000000953674316 -11.430000305175781 0,
              6.3499999046325684 -10.979999542236328 0,
              6.8000001907348633 -11.430000305175781 0,
              9.3400001525878906 -11.430000305175781 0,
              8.8900003433227539 -11.880000114440918 0,
              8.4399995803833008 -11.430000305175781 0,
              8.8900003433227539 -10.979999542236328 0,
              9.3400001525878906 -11.430000305175781 0,
              11.880000114440918 -11.430000305175781 0,
              11.430000305175781 -11.880000114440918 0,
              10.979999542236328 -11.430000305175781 0,
              11.430000305175781 -10.979999542236328 0,
              11.880000114440918 -11.430000305175781 0,
              6.8000001907348633 -8.8900003433227539 0,
              6.3499999046325684 -9.3400001525878906 0,
              5.9000000953674316 -8.8900003433227539 0,
              6.3499999046325684 -8.4399995803833008 0,
              6.8000001907348633 -8.8900003433227539 0,
              9.3400001525878906 -8.8900003433227539 0,
              8.8900003433227539 -9.3400001525878906 0,
              8.4399995803833008 -8.8900003433227539 0,
              8.8900003433227539 -8.4399995803833008 0,
              9.3400001525878906 -8.8900003433227539 0,
              9.3400001525878906 -6.3499999046325684 0,
              8.8900003433227539 -6.8000001907348633 0,
              8.4399995803833008 -6.3499999046325684 0,
              8.8900003433227539 -5.9000000953674316 0,
              9.3400001525878906 -6.3499999046325684 0,
              11.880000114440918 -8.8900003433227539 0,
              11.430000305175781 -9.3400001525878906 0,
              10.979999542236328 -8.8900003433227539 0,
              11.430000305175781 -8.4399995803833008 0,
              11.880000114440918 -8.8900003433227539 0,
              11.880000114440918 -6.3499999046325684 0,
              11.430000305175781 -6.8000001907348633 0,
              10.979999542236328 -6.3499999046325684 0,
              11.430000305175781 -5.9000000953674316 0,
              11.880000114440918 -6.3499999046325684 0,
              9.3400001525878906 -3.809999942779541 0,
              8.8900003433227539 -4.2600002288818359 0,
              8.4399995803833008 -3.809999942779541 0,
              8.8900003433227539 -3.3599998950958252 0,
              9.3400001525878906 -3.809999942779541 0,
              11.880000114440918 -3.809999942779541 0,
              11.430000305175781 -4.2600002288818359 0,
              10.979999542236328 -3.809999942779541 0,
              11.430000305175781 -3.3599998950958252 0,
              11.880000114440918 -3.809999942779541 0,
              9.3400001525878906 -1.2699999809265137 0,
              8.8900003433227539 -1.7200000286102295 0,
              8.4399995803833008 -1.2699999809265137 0,
              8.8900003433227539 -0.81999999284744263 0,
              9.3400001525878906 -1.2699999809265137 0,
              11.880000114440918 -1.2699999809265137 0,
              11.430000305175781 -1.7200000286102295 0,
              10.979999542236328 -1.2699999809265137 0,
              11.430000305175781 -0.81999999284744263 0,
              11.880000114440918 -1.2699999809265137 0,
              -10.979999542236328 1.2699999809265137 0,
              -11.430000305175781 0.81999999284744263 0,
              -11.880000114440918 1.2699999809265137 0,
              -11.430000305175781 1.7200000286102295 0,
              -10.979999542236328 1.2699999809265137 0,
              -8.4399995803833008 1.2699999809265137 0,
              -8.8900003433227539 0.81999999284744263 0,
              -9.3400001525878906 1.2699999809265137 0,
              -8.8900003433227539 1.7200000286102295 0,
              -8.4399995803833008 1.2699999809265137 0,
              -10.979999542236328 3.809999942779541 0,
              -11.430000305175781 3.3599998950958252 0,
              -11.880000114440918 3.809999942779541 0,
              -11.430000305175781 4.2600002288818359 0,
              -10.979999542236328 3.809999942779541 0,
              -8.4399995803833008 3.809999942779541 0,
              -8.8900003433227539 3.3599998950958252 0,
              -9.3400001525878906 3.809999942779541 0,
              -8.8900003433227539 4.2600002288818359 0,
              -8.4399995803833008 3.809999942779541 0,
              -10.979999542236328 6.3499999046325684 0,
              -11.430000305175781 5.9000000953674316 0,
              -11.880000114440918 6.3499999046325684 0,
              -11.430000305175781 6.8000001907348633 0,
              -10.979999542236328 6.3499999046325684 0,
              -10.979999542236328 8.8900003433227539 0,
              -11.430000305175781 8.4399995803833008 0,
              -11.880000114440918 8.8900003433227539 0,
              -11.430000305175781 9.3400001525878906 0,
              -10.979999542236328 8.8900003433227539 0,
              -8.4399995803833008 6.3499999046325684 0,
              -8.8900003433227539 5.9000000953674316 0,
              -9.3400001525878906 6.3499999046325684 0,
              -8.8900003433227539 6.8000001907348633 0,
              -8.4399995803833008 6.3499999046325684 0,
              -8.4399995803833008 8.8900003433227539 0,
              -8.8900003433227539 8.4399995803833008 0,
              -9.3400001525878906 8.8900003433227539 0,
              -8.8900003433227539 9.3400001525878906 0,
              -8.4399995803833008 8.8900003433227539 0,
              -5.9000000953674316 8.8900003433227539 0,
              -6.3499999046325684 8.4399995803833008 0,
              -6.8000001907348633 8.8900003433227539 0,
              -6.3499999046325684 9.3400001525878906 0,
              -5.9000000953674316 8.8900003433227539 0,
              -10.979999542236328 11.430000305175781 0,
              -11.430000305175781 10.979999542236328 0,
              -11.880000114440918 11.430000305175781 0,
              -11.430000305175781 11.880000114440918 0,
              -10.979999542236328 11.430000305175781 0,
              -8.4399995803833008 11.430000305175781 0,
              -8.8900003433227539 10.979999542236328 0,
              -9.3400001525878906 11.430000305175781 0,
              -8.8900003433227539 11.880000114440918 0,
              -8.4399995803833008 11.430000305175781 0,
              -5.9000000953674316 11.430000305175781 0,
              -6.3499999046325684 10.979999542236328 0,
              -6.8000001907348633 11.430000305175781 0,
              -6.3499999046325684 11.880000114440918 0,
              -5.9000000953674316 11.430000305175781 0,
              -3.3599998950958252 8.8900003433227539 0,
              -3.809999942779541 8.4399995803833008 0,
              -4.2600002288818359 8.8900003433227539 0,
              -3.809999942779541 9.3400001525878906 0,
              -3.3599998950958252 8.8900003433227539 0,
              -0.81999999284744263 8.8900003433227539 0,
              -1.2699999809265137 8.4399995803833008 0,
              -1.7200000286102295 8.8900003433227539 0,
              -1.2699999809265137 9.3400001525878906 0,
              -0.81999999284744263 8.8900003433227539 0,
              -3.3599998950958252 11.430000305175781 0,
              -3.809999942779541 10.979999542236328 0,
              -4.2600002288818359 11.430000305175781 0,
              -3.809999942779541 11.880000114440918 0,
              -3.3599998950958252 11.430000305175781 0,
              -0.81999999284744263 11.430000305175781 0,
              -1.2699999809265137 10.979999542236328 0,
              -1.7200000286102295 11.430000305175781 0,
              -1.2699999809265137 11.880000114440918 0,
              -0.81999999284744263 11.430000305175781 0,
              9.3400001525878906 1.2699999809265137 0,
              8.8900003433227539 0.81999999284744263 0,
              8.4399995803833008 1.2699999809265137 0,
              8.8900003433227539 1.7200000286102295 0,
              9.3400001525878906 1.2699999809265137 0,
              11.880000114440918 1.2699999809265137 0,
              11.430000305175781 0.81999999284744263 0,
              10.979999542236328 1.2699999809265137 0,
              11.430000305175781 1.7200000286102295 0,
              11.880000114440918 1.2699999809265137 0,
              9.3400001525878906 3.809999942779541 0,
              8.8900003433227539 3.3599998950958252 0,
              8.4399995803833008 3.809999942779541 0,
              8.8900003433227539 4.2600002288818359 0,
              9.3400001525878906 3.809999942779541 0,
              11.880000114440918 3.809999942779541 0,
              11.430000305175781 3.3599998950958252 0,
              10.979999542236328 3.809999942779541 0,
              11.430000305175781 4.2600002288818359 0,
              11.880000114440918 3.809999942779541 0,
              1.7200000286102295 8.8900003433227539 0,
              1.2699999809265137 8.4399995803833008 0,
              0.81999999284744263 8.8900003433227539 0,
              1.2699999809265137 9.3400001525878906 0,
              1.7200000286102295 8.8900003433227539 0,
              4.2600002288818359 8.8900003433227539 0,
              3.809999942779541 8.4399995803833008 0,
              3.3599998950958252 8.8900003433227539 0,
              3.809999942779541 9.3400001525878906 0,
              4.2600002288818359 8.8900003433227539 0,
              1.7200000286102295 11.430000305175781 0,
              1.2699999809265137 10.979999542236328 0,
              0.81999999284744263 11.430000305175781 0,
              1.2699999809265137 11.880000114440918 0,
              1.7200000286102295 11.430000305175781 0,
              4.2600002288818359 11.430000305175781 0,
              3.809999942779541 10.979999542236328 0,
              3.3599998950958252 11.430000305175781 0,
              3.809999942779541 11.880000114440918 0,
              4.2600002288818359 11.430000305175781 0,
              9.3400001525878906 6.3499999046325684 0,
              8.8900003433227539 5.9000000953674316 0,
              8.4399995803833008 6.3499999046325684 0,
              8.8900003433227539 6.8000001907348633 0,
              9.3400001525878906 6.3499999046325684 0,
              6.8000001907348633 8.8900003433227539 0,
              6.3499999046325684 8.4399995803833008 0,
              5.9000000953674316 8.8900003433227539 0,
              6.3499999046325684 9.3400001525878906 0,
              6.8000001907348633 8.8900003433227539 0,
              9.3400001525878906 8.8900003433227539 0,
              8.8900003433227539 8.4399995803833008 0,
              8.4399995803833008 8.8900003433227539 0,
              8.8900003433227539 9.3400001525878906 0,
              9.3400001525878906 8.8900003433227539 0,
              11.880000114440918 6.3499999046325684 0,
              11.430000305175781 5.9000000953674316 0,
              10.979999542236328 6.3499999046325684 0,
              11.430000305175781 6.8000001907348633 0,
              11.880000114440918 6.3499999046325684 0,
              11.880000114440918 8.8900003433227539 0,
              11.430000305175781 8.4399995803833008 0,
              10.979999542236328 8.8900003433227539 0,
              11.430000305175781 9.3400001525878906 0,
              11.880000114440918 8.8900003433227539 0,
              6.8000001907348633 11.430000305175781 0,
              6.3499999046325684 10.979999542236328 0,
              5.9000000953674316 11.430000305175781 0,
              6.3499999046325684 11.880000114440918 0,
              6.8000001907348633 11.430000305175781 0,
              9.3400001525878906 11.430000305175781 0,
              8.8900003433227539 10.979999542236328 0,
              8.4399995803833008 11.430000305175781 0,
              8.8900003433227539 11.880000114440918 0,
              9.3400001525878906 11.430000305175781 0,
              11.880000114440918 11.430000305175781 0,
              11.430000305175781 10.979999542236328 0,
              10.979999542236328 11.430000305175781 0,
              11.430000305175781 11.880000114440918 0,
              11.880000114440918 11.430000305175781 0,
              -11.199999809265137 -12.699999809265137 1.6000000238418579,
              12.699999809265137 -12.699999809265137 1.6000000238418579,
              -12.699999809265137 -11.199999809265137 1.6000000238418579,
              -11.199999809265137 -12.699999809265137 1.6000000238418579,
              12.699999809265137 -12.699999809265137 1.6000000238418579,
              12.699999809265137 12.699999809265137 1.6000000238418579,
              -12.699999809265137 12.699999809265137 1.6000000238418579,
              -12.699999809265137 -11.199999809265137 1.6000000238418579,
              12.699999809265137 12.699999809265137 1.6000000238418579,
              -12.699999809265137 12.699999809265137 1.6000000238418579,
              -10.979999542236328 -11.430000305175781 1.6000000238418579,
              -11.430000305175781 -11.880000114440918 1.6000000238418579,
              -11.880000114440918 -11.430000305175781 1.6000000238418579,
              -11.430000305175781 -10.979999542236328 1.6000000238418579,
              -10.979999542236328 -11.430000305175781 1.6000000238418579,
              -8.4399995803833008 -11.430000305175781 1.6000000238418579,
              -8.8900003433227539 -11.880000114440918 1.6000000238418579,
              -9.3400001525878906 -11.430000305175781 1.6000000238418579,
              -8.8900003433227539 -10.979999542236328 1.6000000238418579,
              -8.4399995803833008 -11.430000305175781 1.6000000238418579,
              -5.9000000953674316 -11.430000305175781 1.6000000238418579,
              -6.3499999046325684 -11.880000114440918 1.6000000238418579,
              -6.8000001907348633 -11.430000305175781 1.6000000238418579,
              -6.3499999046325684 -10.979999542236328 1.6000000238418579,
              -5.9000000953674316 -11.430000305175781 1.6000000238418579,
              -10.979999542236328 -8.8900003433227539 1.6000000238418579,
              -11.430000305175781 -9.3400001525878906 1.6000000238418579,
              -11.880000114440918 -8.8900003433227539 1.6000000238418579,
              -11.430000305175781 -8.4399995803833008 1.6000000238418579,
              -10.979999542236328 -8.8900003433227539 1.6000000238418579,
              -10.979999542236328 -6.3499999046325684 1.6000000238418579,
              -11.430000305175781 -6.8000001907348633 1.6000000238418579,
              -11.880000114440918 -6.3499999046325684 1.6000000238418579,
              -11.430000305175781 -5.9000000953674316 1.6000000238418579,
              -10.979999542236328 -6.3499999046325684 1.6000000238418579,
              -8.4399995803833008 -8.8900003433227539 1.6000000238418579,
              -8.8900003433227539 -9.3400001525878906 1.6000000238418579,
              -9.3400001525878906 -8.8900003433227539 1.6000000238418579,
              -8.8900003433227539 -8.4399995803833008 1.6000000238418579,
              -8.4399995803833008 -8.8900003433227539 1.6000000238418579,
              -5.9000000953674316 -8.8900003433227539 1.6000000238418579,
              -6.3499999046325684 -9.3400001525878906 1.6000000238418579,
              -6.8000001907348633 -8.8900003433227539 1.6000000238418579,
              -6.3499999046325684 -8.4399995803833008 1.6000000238418579,
              -5.9000000953674316 -8.8900003433227539 1.6000000238418579,
              -8.4399995803833008 -6.3499999046325684 1.6000000238418579,
              -8.8900003433227539 -6.8000001907348633 1.6000000238418579,
              -9.3400001525878906 -6.3499999046325684 1.6000000238418579,
              -8.8900003433227539 -5.9000000953674316 1.6000000238418579,
              -8.4399995803833008 -6.3499999046325684 1.6000000238418579,
              -3.3599998950958252 -11.430000305175781 1.6000000238418579,
              -3.809999942779541 -11.880000114440918 1.6000000238418579,
              -4.2600002288818359 -11.430000305175781 1.6000000238418579,
              -3.809999942779541 -10.979999542236328 1.6000000238418579,
              -3.3599998950958252 -11.430000305175781 1.6000000238418579,
              -0.81999999284744263 -11.430000305175781 1.6000000238418579,
              -1.2699999809265137 -11.880000114440918 1.6000000238418579,
              -1.7200000286102295 -11.430000305175781 1.6000000238418579,
              -1.2699999809265137 -10.979999542236328 1.6000000238418579,
              -0.81999999284744263 -11.430000305175781 1.6000000238418579,
              -3.3599998950958252 -8.8900003433227539 1.6000000238418579,
              -3.809999942779541 -9.3400001525878906 1.6000000238418579,
              -4.2600002288818359 -8.8900003433227539 1.6000000238418579,
              -3.809999942779541 -8.4399995803833008 1.6000000238418579,
              -3.3599998950958252 -8.8900003433227539 1.6000000238418579,
              -0.81999999284744263 -8.8900003433227539 1.6000000238418579,
              -1.2699999809265137 -9.3400001525878906 1.6000000238418579,
              -1.7200000286102295 -8.8900003433227539 1.6000000238418579,
              -1.2699999809265137 -8.4399995803833008 1.6000000238418579,
              -0.81999999284744263 -8.8900003433227539 1.6000000238418579,
              -10.979999542236328 -3.809999942779541 1.6000000238418579,
              -11.430000305175781 -4.2600002288818359 1.6000000238418579,
              -11.880000114440918 -3.809999942779541 1.6000000238418579,
              -11.430000305175781 -3.3599998950958252 1.6000000238418579,
              -10.979999542236328 -3.809999942779541 1.6000000238418579,
              -8.4399995803833008 -3.809999942779541 1.6000000238418579,
              -8.8900003433227539 -4.2600002288818359 1.6000000238418579,
              -9.3400001525878906 -3.809999942779541 1.6000000238418579,
              -8.8900003433227539 -3.3599998950958252 1.6000000238418579,
              -8.4399995803833008 -3.809999942779541 1.6000000238418579,
              -10.979999542236328 -1.2699999809265137 1.6000000238418579,
              -11.430000305175781 -1.7200000286102295 1.6000000238418579,
              -11.880000114440918 -1.2699999809265137 1.6000000238418579,
              -11.430000305175781 -0.81999999284744263 1.6000000238418579,
              -10.979999542236328 -1.2699999809265137 1.6000000238418579,
              -8.4399995803833008 -1.2699999809265137 1.6000000238418579,
              -8.8900003433227539 -1.7200000286102295 1.6000000238418579,
              -9.3400001525878906 -1.2699999809265137 1.6000000238418579,
              -8.8900003433227539 -0.81999999284744263 1.6000000238418579,
              -8.4399995803833008 -1.2699999809265137 1.6000000238418579,
              1.7200000286102295 -11.430000305175781 1.6000000238418579,
              1.2699999809265137 -11.880000114440918 1.6000000238418579,
              0.81999999284744263 -11.430000305175781 1.6000000238418579,
              1.2699999809265137 -10.979999542236328 1.6000000238418579,
              1.7200000286102295 -11.430000305175781 1.6000000238418579,
              4.2600002288818359 -11.430000305175781 1.6000000238418579,
              3.809999942779541 -11.880000114440918 1.6000000238418579,
              3.3599998950958252 -11.430000305175781 1.6000000238418579,
              3.809999942779541 -10.979999542236328 1.6000000238418579,
              4.2600002288818359 -11.430000305175781 1.6000000238418579,
              1.7200000286102295 -8.8900003433227539 1.6000000238418579,
              1.2699999809265137 -9.3400001525878906 1.6000000238418579,
              0.81999999284744263 -8.8900003433227539 1.6000000238418579,
              1.2699999809265137 -8.4399995803833008 1.6000000238418579,
              1.7200000286102295 -8.8900003433227539 1.6000000238418579,
              4.2600002288818359 -8.8900003433227539 1.6000000238418579,
              3.809999942779541 -9.3400001525878906 1.6000000238418579,
              3.3599998950958252 -8.8900003433227539 1.6000000238418579,
              3.809999942779541 -8.4399995803833008 1.6000000238418579,
              4.2600002288818359 -8.8900003433227539 1.6000000238418579,
              6.8000001907348633 -11.430000305175781 1.6000000238418579,
              6.3499999046325684 -11.880000114440918 1.6000000238418579,
              5.9000000953674316 -11.430000305175781 1.6000000238418579,
              6.3499999046325684 -10.979999542236328 1.6000000238418579,
              6.8000001907348633 -11.430000305175781 1.6000000238418579,
              9.3400001525878906 -11.430000305175781 1.6000000238418579,
              8.8900003433227539 -11.880000114440918 1.6000000238418579,
              8.4399995803833008 -11.430000305175781 1.6000000238418579,
              8.8900003433227539 -10.979999542236328 1.6000000238418579,
              9.3400001525878906 -11.430000305175781 1.6000000238418579,
              11.880000114440918 -11.430000305175781 1.6000000238418579,
              11.430000305175781 -11.880000114440918 1.6000000238418579,
              10.979999542236328 -11.430000305175781 1.6000000238418579,
              11.430000305175781 -10.979999542236328 1.6000000238418579,
              11.880000114440918 -11.430000305175781 1.6000000238418579,
              6.8000001907348633 -8.8900003433227539 1.6000000238418579,
              6.3499999046325684 -9.3400001525878906 1.6000000238418579,
              5.9000000953674316 -8.8900003433227539 1.6000000238418579,
              6.3499999046325684 -8.4399995803833008 1.6000000238418579,
              6.8000001907348633 -8.8900003433227539 1.6000000238418579,
              9.3400001525878906 -8.8900003433227539 1.6000000238418579,
              8.8900003433227539 -9.3400001525878906 1.6000000238418579,
              8.4399995803833008 -8.8900003433227539 1.6000000238418579,
              8.8900003433227539 -8.4399995803833008 1.6000000238418579,
              9.3400001525878906 -8.8900003433227539 1.6000000238418579,
              9.3400001525878906 -6.3499999046325684 1.6000000238418579,
              8.8900003433227539 -6.8000001907348633 1.6000000238418579,
              8.4399995803833008 -6.3499999046325684 1.6000000238418579,
              8.8900003433227539 -5.9000000953674316 1.6000000238418579,
              9.3400001525878906 -6.3499999046325684 1.6000000238418579,
              11.880000114440918 -8.8900003433227539 1.6000000238418579,
              11.430000305175781 -9.3400001525878906 1.6000000238418579,
              10.979999542236328 -8.8900003433227539 1.6000000238418579,
              11.430000305175781 -8.4399995803833008 1.6000000238418579,
              11.880000114440918 -8.8900003433227539 1.6000000238418579,
              11.880000114440918 -6.3499999046325684 1.6000000238418579,
              11.430000305175781 -6.8000001907348633 1.6000000238418579,
              10.979999542236328 -6.3499999046325684 1.6000000238418579,
              11.430000305175781 -5.9000000953674316 1.6000000238418579,
              11.880000114440918 -6.3499999046325684 1.6000000238418579,
              9.3400001525878906 -3.809999942779541 1.6000000238418579,
              8.8900003433227539 -4.2600002288818359 1.6000000238418579,
              8.4399995803833008 -3.809999942779541 1.6000000238418579,
              8.8900003433227539 -3.3599998950958252 1.6000000238418579,
              9.3400001525878906 -3.809999942779541 1.6000000238418579,
              11.880000114440918 -3.809999942779541 1.6000000238418579,
              11.430000305175781 -4.2600002288818359 1.6000000238418579,
              10.979999542236328 -3.809999942779541 1.6000000238418579,
              11.430000305175781 -3.3599998950958252 1.6000000238418579,
              11.880000114440918 -3.809999942779541 1.6000000238418579,
              9.3400001525878906 -1.2699999809265137 1.6000000238418579,
              8.8900003433227539 -1.7200000286102295 1.6000000238418579,
              8.4399995803833008 -1.2699999809265137 1.6000000238418579,
              8.8900003433227539 -0.81999999284744263 1.6000000238418579,
              9.3400001525878906 -1.2699999809265137 1.6000000238418579,
              11.880000114440918 -1.2699999809265137 1.6000000238418579,
              11.430000305175781 -1.7200000286102295 1.6000000238418579,
              10.979999542236328 -1.2699999809265137 1.6000000238418579,
              11.430000305175781 -0.81999999284744263 1.6000000238418579,
              11.880000114440918 -1.2699999809265137 1.6000000238418579,
              -10.979999542236328 1.2699999809265137 1.6000000238418579,
              -11.430000305175781 0.81999999284744263 1.6000000238418579,
              -11.880000114440918 1.2699999809265137 1.6000000238418579,
              -11.430000305175781 1.7200000286102295 1.6000000238418579,
              -10.979999542236328 1.2699999809265137 1.6000000238418579,
              -8.4399995803833008 1.2699999809265137 1.6000000238418579,
              -8.8900003433227539 0.81999999284744263 1.6000000238418579,
              -9.3400001525878906 1.2699999809265137 1.6000000238418579,
              -8.8900003433227539 1.7200000286102295 1.6000000238418579,
              -8.4399995803833008 1.2699999809265137 1.6000000238418579,
              -10.979999542236328 3.809999942779541 1.6000000238418579,
              -11.430000305175781 3.3599998950958252 1.6000000238418579,
              -11.880000114440918 3.809999942779541 1.6000000238418579,
              -11.430000305175781 4.2600002288818359 1.6000000238418579,
              -10.979999542236328 3.809999942779541 1.6000000238418579,
              -8.4399995803833008 3.809999942779541 1.6000000238418579,
              -8.8900003433227539 3.3599998950958252 1.6000000238418579,
              -9.3400001525878906 3.809999942779541 1.6000000238418579,
              -8.8900003433227539 4.2600002288818359 1.6000000238418579,
              -8.4399995803833008 3.809999942779541 1.6000000238418579,
              -10.979999542236328 6.3499999046325684 1.6000000238418579,
              -11.430000305175781 5.9000000953674316 1.6000000238418579,
              -11.880000114440918 6.3499999046325684 1.6000000238418579,
              -11.430000305175781 6.8000001907348633 1.6000000238418579,
              -10.979999542236328 6.3499999046325684 1.6000000238418579,
              -10.979999542236328 8.8900003433227539 1.6000000238418579,
              -11.430000305175781 8.4399995803833008 1.6000000238418579,
              -11.880000114440918 8.8900003433227539 1.6000000238418579,
              -11.430000305175781 9.3400001525878906 1.6000000238418579,
              -10.979999542236328 8.8900003433227539 1.6000000238418579,
              -8.4399995803833008 6.3499999046325684 1.6000000238418579,
              -8.8900003433227539 5.9000000953674316 1.6000000238418579,
              -9.3400001525878906 6.3499999046325684 1.6000000238418579,
              -8.8900003433227539 6.8000001907348633 1.6000000238418579,
              -8.4399995803833008 6.3499999046325684 1.6000000238418579,
              -8.4399995803833008 8.8900003433227539 1.6000000238418579,
              -8.8900003433227539 8.4399995803833008 1.6000000238418579,
              -9.3400001525878906 8.8900003433227539 1.6000000238418579,
              -8.8900003433227539 9.3400001525878906 1.6000000238418579,
              -8.4399995803833008 8.8900003433227539 1.6000000238418579,
              -5.9000000953674316 8.8900003433227539 1.6000000238418579,
              -6.3499999046325684 8.4399995803833008 1.6000000238418579,
              -6.8000001907348633 8.8900003433227539 1.6000000238418579,
              -6.3499999046325684 9.3400001525878906 1.6000000238418579,
              -5.9000000953674316 8.8900003433227539 1.6000000238418579,
              -10.979999542236328 11.430000305175781 1.6000000238418579,
              -11.430000305175781 10.979999542236328 1.6000000238418579,
              -11.880000114440918 11.430000305175781 1.6000000238418579,
              -11.430000305175781 11.880000114440918 1.6000000238418579,
              -10.979999542236328 11.430000305175781 1.6000000238418579,
              -8.4399995803833008 11.430000305175781 1.6000000238418579,
              -8.8900003433227539 10.979999542236328 1.6000000238418579,
              -9.3400001525878906 11.430000305175781 1.6000000238418579,
              -8.8900003433227539 11.880000114440918 1.6000000238418579,
              -8.4399995803833008 11.430000305175781 1.6000000238418579,
              -5.9000000953674316 11.430000305175781 1.6000000238418579,
              -6.3499999046325684 10.979999542236328 1.6000000238418579,
              -6.8000001907348633 11.430000305175781 1.6000000238418579,
              -6.3499999046325684 11.880000114440918 1.6000000238418579,
              -5.9000000953674316 11.430000305175781 1.6000000238418579,
              -3.3599998950958252 8.8900003433227539 1.6000000238418579,
              -3.809999942779541 8.4399995803833008 1.6000000238418579,
              -4.2600002288818359 8.8900003433227539 1.6000000238418579,
              -3.809999942779541 9.3400001525878906 1.6000000238418579,
              -3.3599998950958252 8.8900003433227539 1.6000000238418579,
              -0.81999999284744263 8.8900003433227539 1.6000000238418579,
              -1.2699999809265137 8.4399995803833008 1.6000000238418579,
              -1.7200000286102295 8.8900003433227539 1.6000000238418579,
              -1.2699999809265137 9.3400001525878906 1.6000000238418579,
              -0.81999999284744263 8.8900003433227539 1.6000000238418579,
              -3.3599998950958252 11.430000305175781 1.6000000238418579,
              -3.809999942779541 10.979999542236328 1.6000000238418579,
              -4.2600002288818359 11.430000305175781 1.6000000238418579,
              -3.809999942779541 11.880000114440918 1.6000000238418579,
              -3.3599998950958252 11.430000305175781 1.6000000238418579,
              -0.81999999284744263 11.430000305175781 1.6000000238418579,
              -1.2699999809265137 10.979999542236328 1.6000000238418579,
              -1.7200000286102295 11.430000305175781 1.6000000238418579,
              -1.2699999809265137 11.880000114440918 1.6000000238418579,
              -0.81999999284744263 11.430000305175781 1.6000000238418579,
              9.3400001525878906 1.2699999809265137 1.6000000238418579,
              8.8900003433227539 0.81999999284744263 1.6000000238418579,
              8.4399995803833008 1.2699999809265137 1.6000000238418579,
              8.8900003433227539 1.7200000286102295 1.6000000238418579,
              9.3400001525878906 1.2699999809265137 1.6000000238418579,
              11.880000114440918 1.2699999809265137 1.6000000238418579,
              11.430000305175781 0.81999999284744263 1.6000000238418579,
              10.979999542236328 1.2699999809265137 1.6000000238418579,
              11.430000305175781 1.7200000286102295 1.6000000238418579,
              11.880000114440918 1.2699999809265137 1.6000000238418579,
              9.3400001525878906 3.809999942779541 1.6000000238418579,
              8.8900003433227539 3.3599998950958252 1.6000000238418579,
              8.4399995803833008 3.809999942779541 1.6000000238418579,
              8.8900003433227539 4.2600002288818359 1.6000000238418579,
              9.3400001525878906 3.809999942779541 1.6000000238418579,
              11.880000114440918 3.809999942779541 1.6000000238418579,
              11.430000305175781 3.3599998950958252 1.6000000238418579,
              10.979999542236328 3.809999942779541 1.6000000238418579,
              11.430000305175781 4.2600002288818359 1.6000000238418579,
              11.880000114440918 3.809999942779541 1.6000000238418579,
              1.7200000286102295 8.8900003433227539 1.6000000238418579,
              1.2699999809265137 8.4399995803833008 1.6000000238418579,
              0.81999999284744263 8.8900003433227539 1.6000000238418579,
              1.2699999809265137 9.3400001525878906 1.6000000238418579,
              1.7200000286102295 8.8900003433227539 1.6000000238418579,
              4.2600002288818359 8.8900003433227539 1.6000000238418579,
              3.809999942779541 8.4399995803833008 1.6000000238418579,
              3.3599998950958252 8.8900003433227539 1.6000000238418579,
              3.809999942779541 9.3400001525878906 1.6000000238418579,
              4.2600002288818359 8.8900003433227539 1.6000000238418579,
              1.7200000286102295 11.430000305175781 1.6000000238418579,
              1.2699999809265137 10.979999542236328 1.6000000238418579,
              0.81999999284744263 11.430000305175781 1.6000000238418579,
              1.2699999809265137 11.880000114440918 1.6000000238418579,
              1.7200000286102295 11.430000305175781 1.6000000238418579,
              4.2600002288818359 11.430000305175781 1.6000000238418579,
              3.809999942779541 10.979999542236328 1.6000000238418579,
              3.3599998950958252 11.430000305175781 1.6000000238418579,
              3.809999942779541 11.880000114440918 1.6000000238418579,
              4.2600002288818359 11.430000305175781 1.6000000238418579,
              9.3400001525878906 6.3499999046325684 1.6000000238418579,
              8.8900003433227539 5.9000000953674316 1.6000000238418579,
              8.4399995803833008 6.3499999046325684 1.6000000238418579,
              8.8900003433227539 6.8000001907348633 1.6000000238418579,
              9.3400001525878906 6.3499999046325684 1.6000000238418579,
              6.8000001907348633 8.8900003433227539 1.6000000238418579,
              6.3499999046325684 8.4399995803833008 1.6000000238418579,
              5.9000000953674316 8.8900003433227539 1.6000000238418579,
              6.3499999046325684 9.3400001525878906 1.6000000238418579,
              6.8000001907348633 8.8900003433227539 1.6000000238418579,
              9.3400001525878906 8.8900003433227539 1.6000000238418579,
              8.8900003433227539 8.4399995803833008 1.6000000238418579,
              8.4399995803833008 8.8900003433227539 1.6000000238418579,
              8.8900003433227539 9.3400001525878906 1.6000000238418579,
              9.3400001525878906 8.8900003433227539 1.6000000238418579,
              11.880000114440918 6.3499999046325684 1.6000000238418579,
              11.430000305175781 5.9000000953674316 1.6000000238418579,
              10.979999542236328 6.3499999046325684 1.6000000238418579,
              11.430000305175781 6.8000001907348633 1.6000000238418579,
              11.880000114440918 6.3499999046325684 1.6000000238418579,
              11.880000114440918 8.8900003433227539 1.6000000238418579,
              11.430000305175781 8.4399995803833008 1.6000000238418579,
              10.979999542236328 8.8900003433227539 1.6000000238418579,
              11.430000305175781 9.3400001525878906 1.6000000238418579,
              11.880000114440918 8.8900003433227539 1.6000000238418579,
              6.8000001907348633 11.430000305175781 1.6000000238418579,
              6.3499999046325684 10.979999542236328 1.6000000238418579,
              5.9000000953674316 11.430000305175781 1.6000000238418579,
              6.3499999046325684 11.880000114440918 1.6000000238418579,
              6.8000001907348633 11.430000305175781 1.6000000238418579,
              9.3400001525878906 11.430000305175781 1.6000000238418579,
              8.8900003433227539 10.979999542236328 1.6000000238418579,
              8.4399995803833008 11.430000305175781 1.6000000238418579,
              8.8900003433227539 11.880000114440918 1.6000000238418579,
              9.3400001525878906 11.430000305175781 1.6000000238418579,
              11.880000114440918 11.430000305175781 1.6000000238418579,
              11.430000305175781 10.979999542236328 1.6000000238418579,
              10.979999542236328 11.430000305175781 1.6000000238418579,
              11.430000305175781 11.880000114440918 1.6000000238418579,
              11.880000114440918 11.430000305175781 1.6000000238418579,
              -12.699999809265137 12.699999809265137 0,
              -12.699999809265137 12.699999809265137 1.6000000238418579,
              -12.699999809265137 -11.199999809265137 0,
              -12.699999809265137 -11.199999809265137 1.6000000238418579,
              -12.699999809265137 12.699999809265137 0,
              -12.699999809265137 -11.199999809265137 0,
              -12.699999809265137 12.699999809265137 1.6000000238418579,
              -12.699999809265137 -11.199999809265137 1.6000000238418579,
              12.699999809265137 12.699999809265137 0,
              12.699999809265137 12.699999809265137 1.6000000238418579,
              -12.699999809265137 12.699999809265137 0,
              -12.699999809265137 12.699999809265137 1.6000000238418579,
              12.699999809265137 12.699999809265137 0,
              -12.699999809265137 12.699999809265137 0,
              12.699999809265137 12.699999809265137 1.6000000238418579,
              -12.699999809265137 12.699999809265137 1.6000000238418579,
              -10.979999542236328 -11.430000305175781 0,
              -11.430000305175781 -11.880000114440918 0,
              -11.880000114440918 -11.430000305175781 0,
              -11.430000305175781 -10.979999542236328 0,
              -10.979999542236328 -11.430000305175781 0,
              -10.979999542236328 -11.430000305175781 0,
              -10.979999542236328 -11.430000305175781 1.6000000238418579,
              -10.979999542236328 -11.430000305175781 1.6000000238418579,
              -11.430000305175781 -11.880000114440918 1.6000000238418579,
              -11.880000114440918 -11.430000305175781 1.6000000238418579,
              -11.430000305175781 -10.979999542236328 1.6000000238418579,
              -10.979999542236328 -11.430000305175781 1.6000000238418579,
              -10.979999542236328 -11.430000305175781 0,
              -10.979999542236328 -11.430000305175781 1.6000000238418579,
              -8.4399995803833008 -11.430000305175781 0,
              -8.8900003433227539 -11.880000114440918 0,
              -9.3400001525878906 -11.430000305175781 0,
              -8.8900003433227539 -10.979999542236328 0,
              -8.4399995803833008 -11.430000305175781 0,
              -8.4399995803833008 -11.430000305175781 0,
              -8.4399995803833008 -11.430000305175781 1.6000000238418579,
              -8.4399995803833008 -11.430000305175781 1.6000000238418579,
              -8.8900003433227539 -11.880000114440918 1.6000000238418579,
              -9.3400001525878906 -11.430000305175781 1.6000000238418579,
              -8.8900003433227539 -10.979999542236328 1.6000000238418579,
              -8.4399995803833008 -11.430000305175781 1.6000000238418579,
              -8.4399995803833008 -11.430000305175781 0,
              -8.4399995803833008 -11.430000305175781 1.6000000238418579,
              -5.9000000953674316 -11.430000305175781 0,
              -6.3499999046325684 -11.880000114440918 0,
              -6.8000001907348633 -11.430000305175781 0,
              -6.3499999046325684 -10.979999542236328 0,
              -5.9000000953674316 -11.430000305175781 0,
              -5.9000000953674316 -11.430000305175781 0,
              -5.9000000953674316 -11.430000305175781 1.6000000238418579,
              -5.9000000953674316 -11.430000305175781 1.6000000238418579,
              -6.3499999046325684 -11.880000114440918 1.6000000238418579,
              -6.8000001907348633 -11.430000305175781 1.6000000238418579,
              -6.3499999046325684 -10.979999542236328 1.6000000238418579,
              -5.9000000953674316 -11.430000305175781 1.6000000238418579,
              -5.9000000953674316 -11.430000305175781 0,
              -5.9000000953674316 -11.430000305175781 1.6000000238418579,
              -10.979999542236328 -8.8900003433227539 0,
              -11.430000305175781 -9.3400001525878906 0,
              -11.880000114440918 -8.8900003433227539 0,
              -11.430000305175781 -8.4399995803833008 0,
              -10.979999542236328 -8.8900003433227539 0,
              -10.979999542236328 -8.8900003433227539 0,
              -10.979999542236328 -8.8900003433227539 1.6000000238418579,
              -10.979999542236328 -8.8900003433227539 1.6000000238418579,
              -11.430000305175781 -9.3400001525878906 1.6000000238418579,
              -11.880000114440918 -8.8900003433227539 1.6000000238418579,
              -11.430000305175781 -8.4399995803833008 1.6000000238418579,
              -10.979999542236328 -8.8900003433227539 1.6000000238418579,
              -10.979999542236328 -8.8900003433227539 0,
              -10.979999542236328 -8.8900003433227539 1.6000000238418579,
              -10.979999542236328 -6.3499999046325684 0,
              -11.430000305175781 -6.8000001907348633 0,
              -11.880000114440918 -6.3499999046325684 0,
              -11.430000305175781 -5.9000000953674316 0,
              -10.979999542236328 -6.3499999046325684 0,
              -10.979999542236328 -6.3499999046325684 0,
              -10.979999542236328 -6.3499999046325684 1.6000000238418579,
              -10.979999542236328 -6.3499999046325684 1.6000000238418579,
              -11.430000305175781 -6.8000001907348633 1.6000000238418579,
              -11.880000114440918 -6.3499999046325684 1.6000000238418579,
              -11.430000305175781 -5.9000000953674316 1.6000000238418579,
              -10.979999542236328 -6.3499999046325684 1.6000000238418579,
              -10.979999542236328 -6.3499999046325684 0,
              -10.979999542236328 -6.3499999046325684 1.6000000238418579,
              -8.4399995803833008 -8.8900003433227539 0,
              -8.8900003433227539 -9.3400001525878906 0,
              -9.3400001525878906 -8.8900003433227539 0,
              -8.8900003433227539 -8.4399995803833008 0,
              -8.4399995803833008 -8.8900003433227539 0,
              -8.4399995803833008 -8.8900003433227539 0,
              -8.4399995803833008 -8.8900003433227539 1.6000000238418579,
              -8.4399995803833008 -8.8900003433227539 1.6000000238418579,
              -8.8900003433227539 -9.3400001525878906 1.6000000238418579,
              -9.3400001525878906 -8.8900003433227539 1.6000000238418579,
              -8.8900003433227539 -8.4399995803833008 1.6000000238418579,
              -8.4399995803833008 -8.8900003433227539 1.6000000238418579,
              -8.4399995803833008 -8.8900003433227539 0,
              -8.4399995803833008 -8.8900003433227539 1.6000000238418579,
              -5.9000000953674316 -8.8900003433227539 0,
              -6.3499999046325684 -9.3400001525878906 0,
              -6.8000001907348633 -8.8900003433227539 0,
              -6.3499999046325684 -8.4399995803833008 0,
              -5.9000000953674316 -8.8900003433227539 0,
              -5.9000000953674316 -8.8900003433227539 0,
              -5.9000000953674316 -8.8900003433227539 1.6000000238418579,
              -5.9000000953674316 -8.8900003433227539 1.6000000238418579,
              -6.3499999046325684 -9.3400001525878906 1.6000000238418579,
              -6.8000001907348633 -8.8900003433227539 1.6000000238418579,
              -6.3499999046325684 -8.4399995803833008 1.6000000238418579,
              -5.9000000953674316 -8.8900003433227539 1.6000000238418579,
              -5.9000000953674316 -8.8900003433227539 0,
              -5.9000000953674316 -8.8900003433227539 1.6000000238418579,
              -8.4399995803833008 -6.3499999046325684 0,
              -8.8900003433227539 -6.8000001907348633 0,
              -9.3400001525878906 -6.3499999046325684 0,
              -8.8900003433227539 -5.9000000953674316 0,
              -8.4399995803833008 -6.3499999046325684 0,
              -8.4399995803833008 -6.3499999046325684 0,
              -8.4399995803833008 -6.3499999046325684 1.6000000238418579,
              -8.4399995803833008 -6.3499999046325684 1.6000000238418579,
              -8.8900003433227539 -6.8000001907348633 1.6000000238418579,
              -9.3400001525878906 -6.3499999046325684 1.6000000238418579,
              -8.8900003433227539 -5.9000000953674316 1.6000000238418579,
              -8.4399995803833008 -6.3499999046325684 1.6000000238418579,
              -8.4399995803833008 -6.3499999046325684 0,
              -8.4399995803833008 -6.3499999046325684 1.6000000238418579,
              -3.3599998950958252 -11.430000305175781 0,
              -3.809999942779541 -11.880000114440918 0,
              -4.2600002288818359 -11.430000305175781 0,
              -3.809999942779541 -10.979999542236328 0,
              -3.3599998950958252 -11.430000305175781 0,
              -3.3599998950958252 -11.430000305175781 0,
              -3.3599998950958252 -11.430000305175781 1.6000000238418579,
              -3.3599998950958252 -11.430000305175781 1.6000000238418579,
              -3.809999942779541 -11.880000114440918 1.6000000238418579,
              -4.2600002288818359 -11.430000305175781 1.6000000238418579,
              -3.809999942779541 -10.979999542236328 1.6000000238418579,
              -3.3599998950958252 -11.430000305175781 1.6000000238418579,
              -3.3599998950958252 -11.430000305175781 0,
              -3.3599998950958252 -11.430000305175781 1.6000000238418579,
              -0.81999999284744263 -11.430000305175781 0,
              -1.2699999809265137 -11.880000114440918 0,
              -1.7200000286102295 -11.430000305175781 0,
              -1.2699999809265137 -10.979999542236328 0,
              -0.81999999284744263 -11.430000305175781 0,
              -0.81999999284744263 -11.430000305175781 0,
              -0.81999999284744263 -11.430000305175781 1.6000000238418579,
              -0.81999999284744263 -11.430000305175781 1.6000000238418579,
              -1.2699999809265137 -11.880000114440918 1.6000000238418579,
              -1.7200000286102295 -11.430000305175781 1.6000000238418579,
              -1.2699999809265137 -10.979999542236328 1.6000000238418579,
              -0.81999999284744263 -11.430000305175781 1.6000000238418579,
              -0.81999999284744263 -11.430000305175781 0,
              -0.81999999284744263 -11.430000305175781 1.6000000238418579,
              -3.3599998950958252 -8.8900003433227539 0,
              -3.809999942779541 -9.3400001525878906 0,
              -4.2600002288818359 -8.8900003433227539 0,
              -3.809999942779541 -8.4399995803833008 0,
              -3.3599998950958252 -8.8900003433227539 0,
              -3.3599998950958252 -8.8900003433227539 0,
              -3.3599998950958252 -8.8900003433227539 1.6000000238418579,
              -3.3599998950958252 -8.8900003433227539 1.6000000238418579,
              -3.809999942779541 -9.3400001525878906 1.6000000238418579,
              -4.2600002288818359 -8.8900003433227539 1.6000000238418579,
              -3.809999942779541 -8.4399995803833008 1.6000000238418579,
              -3.3599998950958252 -8.8900003433227539 1.6000000238418579,
              -3.3599998950958252 -8.8900003433227539 0,
              -3.3599998950958252 -8.8900003433227539 1.6000000238418579,
              -0.81999999284744263 -8.8900003433227539 0,
              -1.2699999809265137 -9.3400001525878906 0,
              -1.7200000286102295 -8.8900003433227539 0,
              -1.2699999809265137 -8.4399995803833008 0,
              -0.81999999284744263 -8.8900003433227539 0,
              -0.81999999284744263 -8.8900003433227539 0,
              -0.81999999284744263 -8.8900003433227539 1.6000000238418579,
              -0.81999999284744263 -8.8900003433227539 1.6000000238418579,
              -1.2699999809265137 -9.3400001525878906 1.6000000238418579,
              -1.7200000286102295 -8.8900003433227539 1.6000000238418579,
              -1.2699999809265137 -8.4399995803833008 1.6000000238418579,
              -0.81999999284744263 -8.8900003433227539 1.6000000238418579,
              -0.81999999284744263 -8.8900003433227539 0,
              -0.81999999284744263 -8.8900003433227539 1.6000000238418579,
              -10.979999542236328 -3.809999942779541 0,
              -11.430000305175781 -4.2600002288818359 0,
              -11.880000114440918 -3.809999942779541 0,
              -11.430000305175781 -3.3599998950958252 0,
              -10.979999542236328 -3.809999942779541 0,
              -10.979999542236328 -3.809999942779541 0,
              -10.979999542236328 -3.809999942779541 1.6000000238418579,
              -10.979999542236328 -3.809999942779541 1.6000000238418579,
              -11.430000305175781 -4.2600002288818359 1.6000000238418579,
              -11.880000114440918 -3.809999942779541 1.6000000238418579,
              -11.430000305175781 -3.3599998950958252 1.6000000238418579,
              -10.979999542236328 -3.809999942779541 1.6000000238418579,
              -10.979999542236328 -3.809999942779541 0,
              -10.979999542236328 -3.809999942779541 1.6000000238418579,
              -8.4399995803833008 -3.809999942779541 0,
              -8.8900003433227539 -4.2600002288818359 0,
              -9.3400001525878906 -3.809999942779541 0,
              -8.8900003433227539 -3.3599998950958252 0,
              -8.4399995803833008 -3.809999942779541 0,
              -8.4399995803833008 -3.809999942779541 0,
              -8.4399995803833008 -3.809999942779541 1.6000000238418579,
              -8.4399995803833008 -3.809999942779541 1.6000000238418579,
              -8.8900003433227539 -4.2600002288818359 1.6000000238418579,
              -9.3400001525878906 -3.809999942779541 1.6000000238418579,
              -8.8900003433227539 -3.3599998950958252 1.6000000238418579,
              -8.4399995803833008 -3.809999942779541 1.6000000238418579,
              -8.4399995803833008 -3.809999942779541 0,
              -8.4399995803833008 -3.809999942779541 1.6000000238418579,
              -10.979999542236328 -1.2699999809265137 0,
              -11.430000305175781 -1.7200000286102295 0,
              -11.880000114440918 -1.2699999809265137 0,
              -11.430000305175781 -0.81999999284744263 0,
              -10.979999542236328 -1.2699999809265137 0,
              -10.979999542236328 -1.2699999809265137 0,
              -10.979999542236328 -1.2699999809265137 1.6000000238418579,
              -10.979999542236328 -1.2699999809265137 1.6000000238418579,
              -11.430000305175781 -1.7200000286102295 1.6000000238418579,
              -11.880000114440918 -1.2699999809265137 1.6000000238418579,
              -11.430000305175781 -0.81999999284744263 1.6000000238418579,
              -10.979999542236328 -1.2699999809265137 1.6000000238418579,
              -10.979999542236328 -1.2699999809265137 0,
              -10.979999542236328 -1.2699999809265137 1.6000000238418579,
              -8.4399995803833008 -1.2699999809265137 0,
              -8.8900003433227539 -1.7200000286102295 0,
              -9.3400001525878906 -1.2699999809265137 0,
              -8.8900003433227539 -0.81999999284744263 0,
              -8.4399995803833008 -1.2699999809265137 0,
              -8.4399995803833008 -1.2699999809265137 0,
              -8.4399995803833008 -1.2699999809265137 1.6000000238418579,
              -8.4399995803833008 -1.2699999809265137 1.6000000238418579,
              -8.8900003433227539 -1.7200000286102295 1.6000000238418579,
              -9.3400001525878906 -1.2699999809265137 1.6000000238418579,
              -8.8900003433227539 -0.81999999284744263 1.6000000238418579,
              -8.4399995803833008 -1.2699999809265137 1.6000000238418579,
              -8.4399995803833008 -1.2699999809265137 0,
              -8.4399995803833008 -1.2699999809265137 1.6000000238418579,
              1.7200000286102295 -11.430000305175781 0,
              1.2699999809265137 -11.880000114440918 0,
              0.81999999284744263 -11.430000305175781 0,
              1.2699999809265137 -10.979999542236328 0,
              1.7200000286102295 -11.430000305175781 0,
              1.7200000286102295 -11.430000305175781 0,
              1.7200000286102295 -11.430000305175781 1.6000000238418579,
              1.7200000286102295 -11.430000305175781 1.6000000238418579,
              1.2699999809265137 -11.880000114440918 1.6000000238418579,
              0.81999999284744263 -11.430000305175781 1.6000000238418579,
              1.2699999809265137 -10.979999542236328 1.6000000238418579,
              1.7200000286102295 -11.430000305175781 1.6000000238418579,
              1.7200000286102295 -11.430000305175781 0,
              1.7200000286102295 -11.430000305175781 1.6000000238418579,
              4.2600002288818359 -11.430000305175781 0,
              3.809999942779541 -11.880000114440918 0,
              3.3599998950958252 -11.430000305175781 0,
              3.809999942779541 -10.979999542236328 0,
              4.2600002288818359 -11.430000305175781 0,
              4.2600002288818359 -11.430000305175781 0,
              4.2600002288818359 -11.430000305175781 1.6000000238418579,
              4.2600002288818359 -11.430000305175781 1.6000000238418579,
              3.809999942779541 -11.880000114440918 1.6000000238418579,
              3.3599998950958252 -11.430000305175781 1.6000000238418579,
              3.809999942779541 -10.979999542236328 1.6000000238418579,
              4.2600002288818359 -11.430000305175781 1.6000000238418579,
              4.2600002288818359 -11.430000305175781 0,
              4.2600002288818359 -11.430000305175781 1.6000000238418579,
              1.7200000286102295 -8.8900003433227539 0,
              1.2699999809265137 -9.3400001525878906 0,
              0.81999999284744263 -8.8900003433227539 0,
              1.2699999809265137 -8.4399995803833008 0,
              1.7200000286102295 -8.8900003433227539 0,
              1.7200000286102295 -8.8900003433227539 0,
              1.7200000286102295 -8.8900003433227539 1.6000000238418579,
              1.7200000286102295 -8.8900003433227539 1.6000000238418579,
              1.2699999809265137 -9.3400001525878906 1.6000000238418579,
              0.81999999284744263 -8.8900003433227539 1.6000000238418579,
              1.2699999809265137 -8.4399995803833008 1.6000000238418579,
              1.7200000286102295 -8.8900003433227539 1.6000000238418579,
              1.7200000286102295 -8.8900003433227539 0,
              1.7200000286102295 -8.8900003433227539 1.6000000238418579,
              4.2600002288818359 -8.8900003433227539 0,
              3.809999942779541 -9.3400001525878906 0,
              3.3599998950958252 -8.8900003433227539 0,
              3.809999942779541 -8.4399995803833008 0,
              4.2600002288818359 -8.8900003433227539 0,
              4.2600002288818359 -8.8900003433227539 0,
              4.2600002288818359 -8.8900003433227539 1.6000000238418579,
              4.2600002288818359 -8.8900003433227539 1.6000000238418579,
              3.809999942779541 -9.3400001525878906 1.6000000238418579,
              3.3599998950958252 -8.8900003433227539 1.6000000238418579,
              3.809999942779541 -8.4399995803833008 1.6000000238418579,
              4.2600002288818359 -8.8900003433227539 1.6000000238418579,
              4.2600002288818359 -8.8900003433227539 0,
              4.2600002288818359 -8.8900003433227539 1.6000000238418579,
              6.8000001907348633 -11.430000305175781 0,
              6.3499999046325684 -11.880000114440918 0,
              5.9000000953674316 -11.430000305175781 0,
              6.3499999046325684 -10.979999542236328 0,
              6.8000001907348633 -11.430000305175781 0,
              6.8000001907348633 -11.430000305175781 0,
              6.8000001907348633 -11.430000305175781 1.6000000238418579,
              6.8000001907348633 -11.430000305175781 1.6000000238418579,
              6.3499999046325684 -11.880000114440918 1.6000000238418579,
              5.9000000953674316 -11.430000305175781 1.6000000238418579,
              6.3499999046325684 -10.979999542236328 1.6000000238418579,
              6.8000001907348633 -11.430000305175781 1.6000000238418579,
              6.8000001907348633 -11.430000305175781 0,
              6.8000001907348633 -11.430000305175781 1.6000000238418579,
              9.3400001525878906 -11.430000305175781 0,
              8.8900003433227539 -11.880000114440918 0,
              8.4399995803833008 -11.430000305175781 0,
              8.8900003433227539 -10.979999542236328 0,
              9.3400001525878906 -11.430000305175781 0,
              9.3400001525878906 -11.430000305175781 0,
              9.3400001525878906 -11.430000305175781 1.6000000238418579,
              9.3400001525878906 -11.430000305175781 1.6000000238418579,
              8.8900003433227539 -11.880000114440918 1.6000000238418579,
              8.4399995803833008 -11.430000305175781 1.6000000238418579,
              8.8900003433227539 -10.979999542236328 1.6000000238418579,
              9.3400001525878906 -11.430000305175781 1.6000000238418579,
              9.3400001525878906 -11.430000305175781 0,
              9.3400001525878906 -11.430000305175781 1.6000000238418579,
              11.880000114440918 -11.430000305175781 0,
              11.430000305175781 -11.880000114440918 0,
              10.979999542236328 -11.430000305175781 0,
              11.430000305175781 -10.979999542236328 0,
              11.880000114440918 -11.430000305175781 0,
              11.880000114440918 -11.430000305175781 0,
              11.880000114440918 -11.430000305175781 1.6000000238418579,
              11.880000114440918 -11.430000305175781 1.6000000238418579,
              11.430000305175781 -11.880000114440918 1.6000000238418579,
              10.979999542236328 -11.430000305175781 1.6000000238418579,
              11.430000305175781 -10.979999542236328 1.6000000238418579,
              11.880000114440918 -11.430000305175781 1.6000000238418579,
              11.880000114440918 -11.430000305175781 0,
              11.880000114440918 -11.430000305175781 1.6000000238418579,
              6.8000001907348633 -8.8900003433227539 0,
              6.3499999046325684 -9.3400001525878906 0,
              5.9000000953674316 -8.8900003433227539 0,
              6.3499999046325684 -8.4399995803833008 0,
              6.8000001907348633 -8.8900003433227539 0,
              6.8000001907348633 -8.8900003433227539 0,
              6.8000001907348633 -8.8900003433227539 1.6000000238418579,
              6.8000001907348633 -8.8900003433227539 1.6000000238418579,
              6.3499999046325684 -9.3400001525878906 1.6000000238418579,
              5.9000000953674316 -8.8900003433227539 1.6000000238418579,
              6.3499999046325684 -8.4399995803833008 1.6000000238418579,
              6.8000001907348633 -8.8900003433227539 1.6000000238418579,
              6.8000001907348633 -8.8900003433227539 0,
              6.8000001907348633 -8.8900003433227539 1.6000000238418579,
              9.3400001525878906 -8.8900003433227539 0,
              8.8900003433227539 -9.3400001525878906 0,
              8.4399995803833008 -8.8900003433227539 0,
              8.8900003433227539 -8.4399995803833008 0,
              9.3400001525878906 -8.8900003433227539 0,
              9.3400001525878906 -8.8900003433227539 0,
              9.3400001525878906 -8.8900003433227539 1.6000000238418579,
              9.3400001525878906 -8.8900003433227539 1.6000000238418579,
              8.8900003433227539 -9.3400001525878906 1.6000000238418579,
              8.4399995803833008 -8.8900003433227539 1.6000000238418579,
              8.8900003433227539 -8.4399995803833008 1.6000000238418579,
              9.3400001525878906 -8.8900003433227539 1.6000000238418579,
              9.3400001525878906 -8.8900003433227539 0,
              9.3400001525878906 -8.8900003433227539 1.6000000238418579,
              9.3400001525878906 -6.3499999046325684 0,
              8.8900003433227539 -6.8000001907348633 0,
              8.4399995803833008 -6.3499999046325684 0,
              8.8900003433227539 -5.9000000953674316 0,
              9.3400001525878906 -6.3499999046325684 0,
              9.3400001525878906 -6.3499999046325684 0,
              9.3400001525878906 -6.3499999046325684 1.6000000238418579,
              9.3400001525878906 -6.3499999046325684 1.6000000238418579,
              8.8900003433227539 -6.8000001907348633 1.6000000238418579,
              8.4399995803833008 -6.3499999046325684 1.6000000238418579,
              8.8900003433227539 -5.9000000953674316 1.6000000238418579,
              9.3400001525878906 -6.3499999046325684 1.6000000238418579,
              9.3400001525878906 -6.3499999046325684 0,
              9.3400001525878906 -6.3499999046325684 1.6000000238418579,
              11.880000114440918 -8.8900003433227539 0,
              11.430000305175781 -9.3400001525878906 0,
              10.979999542236328 -8.8900003433227539 0,
              11.430000305175781 -8.4399995803833008 0,
              11.880000114440918 -8.8900003433227539 0,
              11.880000114440918 -8.8900003433227539 0,
              11.880000114440918 -8.8900003433227539 1.6000000238418579,
              11.880000114440918 -8.8900003433227539 1.6000000238418579,
              11.430000305175781 -9.3400001525878906 1.6000000238418579,
              10.979999542236328 -8.8900003433227539 1.6000000238418579,
              11.430000305175781 -8.4399995803833008 1.6000000238418579,
              11.880000114440918 -8.8900003433227539 1.6000000238418579,
              11.880000114440918 -8.8900003433227539 0,
              11.880000114440918 -8.8900003433227539 1.6000000238418579,
              11.880000114440918 -6.3499999046325684 0,
              11.430000305175781 -6.8000001907348633 0,
              10.979999542236328 -6.3499999046325684 0,
              11.430000305175781 -5.9000000953674316 0,
              11.880000114440918 -6.3499999046325684 0,
              11.880000114440918 -6.3499999046325684 0,
              11.880000114440918 -6.3499999046325684 1.6000000238418579,
              11.880000114440918 -6.3499999046325684 1.6000000238418579,
              11.430000305175781 -6.8000001907348633 1.6000000238418579,
              10.979999542236328 -6.3499999046325684 1.6000000238418579,
              11.430000305175781 -5.9000000953674316 1.6000000238418579,
              11.880000114440918 -6.3499999046325684 1.6000000238418579,
              11.880000114440918 -6.3499999046325684 0,
              11.880000114440918 -6.3499999046325684 1.6000000238418579,
              9.3400001525878906 -3.809999942779541 0,
              8.8900003433227539 -4.2600002288818359 0,
              8.4399995803833008 -3.809999942779541 0,
              8.8900003433227539 -3.3599998950958252 0,
              9.3400001525878906 -3.809999942779541 0,
              9.3400001525878906 -3.809999942779541 0,
              9.3400001525878906 -3.809999942779541 1.6000000238418579,
              9.3400001525878906 -3.809999942779541 1.6000000238418579,
              8.8900003433227539 -4.2600002288818359 1.6000000238418579,
              8.4399995803833008 -3.809999942779541 1.6000000238418579,
              8.8900003433227539 -3.3599998950958252 1.6000000238418579,
              9.3400001525878906 -3.809999942779541 1.6000000238418579,
              9.3400001525878906 -3.809999942779541 0,
              9.3400001525878906 -3.809999942779541 1.6000000238418579,
              11.880000114440918 -3.809999942779541 0,
              11.430000305175781 -4.2600002288818359 0,
              10.979999542236328 -3.809999942779541 0,
              11.430000305175781 -3.3599998950958252 0,
              11.880000114440918 -3.809999942779541 0,
              11.880000114440918 -3.809999942779541 0,
              11.880000114440918 -3.809999942779541 1.6000000238418579,
              11.880000114440918 -3.809999942779541 1.6000000238418579,
              11.430000305175781 -4.2600002288818359 1.6000000238418579,
              10.979999542236328 -3.809999942779541 1.6000000238418579,
              11.430000305175781 -3.3599998950958252 1.6000000238418579,
              11.880000114440918 -3.809999942779541 1.6000000238418579,
              11.880000114440918 -3.809999942779541 0,
              11.880000114440918 -3.809999942779541 1.6000000238418579,
              9.3400001525878906 -1.2699999809265137 0,
              8.8900003433227539 -1.7200000286102295 0,
              8.4399995803833008 -1.2699999809265137 0,
              8.8900003433227539 -0.81999999284744263 0,
              9.3400001525878906 -1.2699999809265137 0,
              9.3400001525878906 -1.2699999809265137 0,
              9.3400001525878906 -1.2699999809265137 1.6000000238418579,
              9.3400001525878906 -1.2699999809265137 1.6000000238418579,
              8.8900003433227539 -1.7200000286102295 1.6000000238418579,
              8.4399995803833008 -1.2699999809265137 1.6000000238418579,
              8.8900003433227539 -0.81999999284744263 1.6000000238418579,
              9.3400001525878906 -1.2699999809265137 1.6000000238418579,
              9.3400001525878906 -1.2699999809265137 0,
              9.3400001525878906 -1.2699999809265137 1.6000000238418579,
              11.880000114440918 -1.2699999809265137 0,
              11.430000305175781 -1.7200000286102295 0,
              10.979999542236328 -1.2699999809265137 0,
              11.430000305175781 -0.81999999284744263 0,
              11.880000114440918 -1.2699999809265137 0,
              11.880000114440918 -1.2699999809265137 0,
              11.880000114440918 -1.2699999809265137 1.6000000238418579,
              11.880000114440918 -1.2699999809265137 1.6000000238418579,
              11.430000305175781 -1.7200000286102295 1.6000000238418579,
              10.979999542236328 -1.2699999809265137 1.6000000238418579,
              11.430000305175781 -0.81999999284744263 1.6000000238418579,
              11.880000114440918 -1.2699999809265137 1.6000000238418579,
              11.880000114440918 -1.2699999809265137 0,
              11.880000114440918 -1.2699999809265137 1.6000000238418579,
              -10.979999542236328 1.2699999809265137 0,
              -11.430000305175781 0.81999999284744263 0,
              -11.880000114440918 1.2699999809265137 0,
              -11.430000305175781 1.7200000286102295 0,
              -10.979999542236328 1.2699999809265137 0,
              -10.979999542236328 1.2699999809265137 0,
              -10.979999542236328 1.2699999809265137 1.6000000238418579,
              -10.979999542236328 1.2699999809265137 1.6000000238418579,
              -11.430000305175781 0.81999999284744263 1.6000000238418579,
              -11.880000114440918 1.2699999809265137 1.6000000238418579,
              -11.430000305175781 1.7200000286102295 1.6000000238418579,
              -10.979999542236328 1.2699999809265137 1.6000000238418579,
              -10.979999542236328 1.2699999809265137 0,
              -10.979999542236328 1.2699999809265137 1.6000000238418579,
              -8.4399995803833008 1.2699999809265137 0,
              -8.8900003433227539 0.81999999284744263 0,
              -9.3400001525878906 1.2699999809265137 0,
              -8.8900003433227539 1.7200000286102295 0,
              -8.4399995803833008 1.2699999809265137 0,
              -8.4399995803833008 1.2699999809265137 0,
              -8.4399995803833008 1.2699999809265137 1.6000000238418579,
              -8.4399995803833008 1.2699999809265137 1.6000000238418579,
              -8.8900003433227539 0.81999999284744263 1.6000000238418579,
              -9.3400001525878906 1.2699999809265137 1.6000000238418579,
              -8.8900003433227539 1.7200000286102295 1.6000000238418579,
              -8.4399995803833008 1.2699999809265137 1.6000000238418579,
              -8.4399995803833008 1.2699999809265137 0,
              -8.4399995803833008 1.2699999809265137 1.6000000238418579,
              -10.979999542236328 3.809999942779541 0,
              -11.430000305175781 3.3599998950958252 0,
              -11.880000114440918 3.809999942779541 0,
              -11.430000305175781 4.2600002288818359 0,
              -10.979999542236328 3.809999942779541 0,
              -10.979999542236328 3.809999942779541 0,
              -10.979999542236328 3.809999942779541 1.6000000238418579,
              -10.979999542236328 3.809999942779541 1.6000000238418579,
              -11.430000305175781 3.3599998950958252 1.6000000238418579,
              -11.880000114440918 3.809999942779541 1.6000000238418579,
              -11.430000305175781 4.2600002288818359 1.6000000238418579,
              -10.979999542236328 3.809999942779541 1.6000000238418579,
              -10.979999542236328 3.809999942779541 0,
              -10.979999542236328 3.809999942779541 1.6000000238418579,
              -8.4399995803833008 3.809999942779541 0,
              -8.8900003433227539 3.3599998950958252 0,
              -9.3400001525878906 3.809999942779541 0,
              -8.8900003433227539 4.2600002288818359 0,
              -8.4399995803833008 3.809999942779541 0,
              -8.4399995803833008 3.809999942779541 0,
              -8.4399995803833008 3.809999942779541 1.6000000238418579,
              -8.4399995803833008 3.809999942779541 1.6000000238418579,
              -8.8900003433227539 3.3599998950958252 1.6000000238418579,
              -9.3400001525878906 3.809999942779541 1.6000000238418579,
              -8.8900003433227539 4.2600002288818359 1.6000000238418579,
              -8.4399995803833008 3.809999942779541 1.6000000238418579,
              -8.4399995803833008 3.809999942779541 0,
              -8.4399995803833008 3.809999942779541 1.6000000238418579,
              -10.979999542236328 6.3499999046325684 0,
              -11.430000305175781 5.9000000953674316 0,
              -11.880000114440918 6.3499999046325684 0,
              -11.430000305175781 6.8000001907348633 0,
              -10.979999542236328 6.3499999046325684 0,
              -10.979999542236328 6.3499999046325684 0,
              -10.979999542236328 6.3499999046325684 1.6000000238418579,
              -10.979999542236328 6.3499999046325684 1.6000000238418579,
              -11.430000305175781 5.9000000953674316 1.6000000238418579,
              -11.880000114440918 6.3499999046325684 1.6000000238418579,
              -11.430000305175781 6.8000001907348633 1.6000000238418579,
              -10.979999542236328 6.3499999046325684 1.6000000238418579,
              -10.979999542236328 6.3499999046325684 0,
              -10.979999542236328 6.3499999046325684 1.6000000238418579,
              -10.979999542236328 8.8900003433227539 0,
              -11.430000305175781 8.4399995803833008 0,
              -11.880000114440918 8.8900003433227539 0,
              -11.430000305175781 9.3400001525878906 0,
              -10.979999542236328 8.8900003433227539 0,
              -10.979999542236328 8.8900003433227539 0,
              -10.979999542236328 8.8900003433227539 1.6000000238418579,
              -10.979999542236328 8.8900003433227539 1.6000000238418579,
              -11.430000305175781 8.4399995803833008 1.6000000238418579,
              -11.880000114440918 8.8900003433227539 1.6000000238418579,
              -11.430000305175781 9.3400001525878906 1.6000000238418579,
              -10.979999542236328 8.8900003433227539 1.6000000238418579,
              -10.979999542236328 8.8900003433227539 0,
              -10.979999542236328 8.8900003433227539 1.6000000238418579,
              -8.4399995803833008 6.3499999046325684 0,
              -8.8900003433227539 5.9000000953674316 0,
              -9.3400001525878906 6.3499999046325684 0,
              -8.8900003433227539 6.8000001907348633 0,
              -8.4399995803833008 6.3499999046325684 0,
              -8.4399995803833008 6.3499999046325684 0,
              -8.4399995803833008 6.3499999046325684 1.6000000238418579,
              -8.4399995803833008 6.3499999046325684 1.6000000238418579,
              -8.8900003433227539 5.9000000953674316 1.6000000238418579,
              -9.3400001525878906 6.3499999046325684 1.6000000238418579,
              -8.8900003433227539 6.8000001907348633 1.6000000238418579,
              -8.4399995803833008 6.3499999046325684 1.6000000238418579,
              -8.4399995803833008 6.3499999046325684 0,
              -8.4399995803833008 6.3499999046325684 1.6000000238418579,
              -8.4399995803833008 8.8900003433227539 0,
              -8.8900003433227539 8.4399995803833008 0,
              -9.3400001525878906 8.8900003433227539 0,
              -8.8900003433227539 9.3400001525878906 0,
              -8.4399995803833008 8.8900003433227539 0,
              -8.4399995803833008 8.8900003433227539 0,
              -8.4399995803833008 8.8900003433227539 1.6000000238418579,
              -8.4399995803833008 8.8900003433227539 1.6000000238418579,
              -8.8900003433227539 8.4399995803833008 1.6000000238418579,
              -9.3400001525878906 8.8900003433227539 1.6000000238418579,
              -8.8900003433227539 9.3400001525878906 1.6000000238418579,
              -8.4399995803833008 8.8900003433227539 1.6000000238418579,
              -8.4399995803833008 8.8900003433227539 0,
              -8.4399995803833008 8.8900003433227539 1.6000000238418579,
              -5.9000000953674316 8.8900003433227539 0,
              -6.3499999046325684 8.4399995803833008 0,
              -6.8000001907348633 8.8900003433227539 0,
              -6.3499999046325684 9.3400001525878906 0,
              -5.9000000953674316 8.8900003433227539 0,
              -5.9000000953674316 8.8900003433227539 0,
              -5.9000000953674316 8.8900003433227539 1.6000000238418579,
              -5.9000000953674316 8.8900003433227539 1.6000000238418579,
              -6.3499999046325684 8.4399995803833008 1.6000000238418579,
              -6.8000001907348633 8.8900003433227539 1.6000000238418579,
              -6.3499999046325684 9.3400001525878906 1.6000000238418579,
              -5.9000000953674316 8.8900003433227539 1.6000000238418579,
              -5.9000000953674316 8.8900003433227539 0,
              -5.9000000953674316 8.8900003433227539 1.6000000238418579,
              -10.979999542236328 11.430000305175781 0,
              -11.430000305175781 10.979999542236328 0,
              -11.880000114440918 11.430000305175781 0,
              -11.430000305175781 11.880000114440918 0,
              -10.979999542236328 11.430000305175781 0,
              -10.979999542236328 11.430000305175781 0,
              -10.979999542236328 11.430000305175781 1.6000000238418579,
              -10.979999542236328 11.430000305175781 1.6000000238418579,
              -11.430000305175781 10.979999542236328 1.6000000238418579,
              -11.880000114440918 11.430000305175781 1.6000000238418579,
              -11.430000305175781 11.880000114440918 1.6000000238418579,
              -10.979999542236328 11.430000305175781 1.6000000238418579,
              -10.979999542236328 11.430000305175781 0,
              -10.979999542236328 11.430000305175781 1.6000000238418579,
              -8.4399995803833008 11.430000305175781 0,
              -8.8900003433227539 10.979999542236328 0,
              -9.3400001525878906 11.430000305175781 0,
              -8.8900003433227539 11.880000114440918 0,
              -8.4399995803833008 11.430000305175781 0,
              -8.4399995803833008 11.430000305175781 0,
              -8.4399995803833008 11.430000305175781 1.6000000238418579,
              -8.4399995803833008 11.430000305175781 1.6000000238418579,
              -8.8900003433227539 10.979999542236328 1.6000000238418579,
              -9.3400001525878906 11.430000305175781 1.6000000238418579,
              -8.8900003433227539 11.880000114440918 1.6000000238418579,
              -8.4399995803833008 11.430000305175781 1.6000000238418579,
              -8.4399995803833008 11.430000305175781 0,
              -8.4399995803833008 11.430000305175781 1.6000000238418579,
              -5.9000000953674316 11.430000305175781 0,
              -6.3499999046325684 10.979999542236328 0,
              -6.8000001907348633 11.430000305175781 0,
              -6.3499999046325684 11.880000114440918 0,
              -5.9000000953674316 11.430000305175781 0,
              -5.9000000953674316 11.430000305175781 0,
              -5.9000000953674316 11.430000305175781 1.6000000238418579,
              -5.9000000953674316 11.430000305175781 1.6000000238418579,
              -6.3499999046325684 10.979999542236328 1.6000000238418579,
              -6.8000001907348633 11.430000305175781 1.6000000238418579,
              -6.3499999046325684 11.880000114440918 1.6000000238418579,
              -5.9000000953674316 11.430000305175781 1.6000000238418579,
              -5.9000000953674316 11.430000305175781 0,
              -5.9000000953674316 11.430000305175781 1.6000000238418579,
              -3.3599998950958252 8.8900003433227539 0,
              -3.809999942779541 8.4399995803833008 0,
              -4.2600002288818359 8.8900003433227539 0,
              -3.809999942779541 9.3400001525878906 0,
              -3.3599998950958252 8.8900003433227539 0,
              -3.3599998950958252 8.8900003433227539 0,
              -3.3599998950958252 8.8900003433227539 1.6000000238418579,
              -3.3599998950958252 8.8900003433227539 1.6000000238418579,
              -3.809999942779541 8.4399995803833008 1.6000000238418579,
              -4.2600002288818359 8.8900003433227539 1.6000000238418579,
              -3.809999942779541 9.3400001525878906 1.6000000238418579,
              -3.3599998950958252 8.8900003433227539 1.6000000238418579,
              -3.3599998950958252 8.8900003433227539 0,
              -3.3599998950958252 8.8900003433227539 1.6000000238418579,
              -0.81999999284744263 8.8900003433227539 0,
              -1.2699999809265137 8.4399995803833008 0,
              -1.7200000286102295 8.8900003433227539 0,
              -1.2699999809265137 9.3400001525878906 0,
              -0.81999999284744263 8.8900003433227539 0,
              -0.81999999284744263 8.8900003433227539 0,
              -0.81999999284744263 8.8900003433227539 1.6000000238418579,
              -0.81999999284744263 8.8900003433227539 1.6000000238418579,
              -1.2699999809265137 8.4399995803833008 1.6000000238418579,
              -1.7200000286102295 8.8900003433227539 1.6000000238418579,
              -1.2699999809265137 9.3400001525878906 1.6000000238418579,
              -0.81999999284744263 8.8900003433227539 1.6000000238418579,
              -0.81999999284744263 8.8900003433227539 0,
              -0.81999999284744263 8.8900003433227539 1.6000000238418579,
              -3.3599998950958252 11.430000305175781 0,
              -3.809999942779541 10.979999542236328 0,
              -4.2600002288818359 11.430000305175781 0,
              -3.809999942779541 11.880000114440918 0,
              -3.3599998950958252 11.430000305175781 0,
              -3.3599998950958252 11.430000305175781 0,
              -3.3599998950958252 11.430000305175781 1.6000000238418579,
              -3.3599998950958252 11.430000305175781 1.6000000238418579,
              -3.809999942779541 10.979999542236328 1.6000000238418579,
              -4.2600002288818359 11.430000305175781 1.6000000238418579,
              -3.809999942779541 11.880000114440918 1.6000000238418579,
              -3.3599998950958252 11.430000305175781 1.6000000238418579,
              -3.3599998950958252 11.430000305175781 0,
              -3.3599998950958252 11.430000305175781 1.6000000238418579,
              -0.81999999284744263 11.430000305175781 0,
              -1.2699999809265137 10.979999542236328 0,
              -1.7200000286102295 11.430000305175781 0,
              -1.2699999809265137 11.880000114440918 0,
              -0.81999999284744263 11.430000305175781 0,
              -0.81999999284744263 11.430000305175781 0,
              -0.81999999284744263 11.430000305175781 1.6000000238418579,
              -0.81999999284744263 11.430000305175781 1.6000000238418579,
              -1.2699999809265137 10.979999542236328 1.6000000238418579,
              -1.7200000286102295 11.430000305175781 1.6000000238418579,
              -1.2699999809265137 11.880000114440918 1.6000000238418579,
              -0.81999999284744263 11.430000305175781 1.6000000238418579,
              -0.81999999284744263 11.430000305175781 0,
              -0.81999999284744263 11.430000305175781 1.6000000238418579,
              9.3400001525878906 1.2699999809265137 0,
              8.8900003433227539 0.81999999284744263 0,
              8.4399995803833008 1.2699999809265137 0,
              8.8900003433227539 1.7200000286102295 0,
              9.3400001525878906 1.2699999809265137 0,
              9.3400001525878906 1.2699999809265137 0,
              9.3400001525878906 1.2699999809265137 1.6000000238418579,
              9.3400001525878906 1.2699999809265137 1.6000000238418579,
              8.8900003433227539 0.81999999284744263 1.6000000238418579,
              8.4399995803833008 1.2699999809265137 1.6000000238418579,
              8.8900003433227539 1.7200000286102295 1.6000000238418579,
              9.3400001525878906 1.2699999809265137 1.6000000238418579,
              9.3400001525878906 1.2699999809265137 0,
              9.3400001525878906 1.2699999809265137 1.6000000238418579,
              11.880000114440918 1.2699999809265137 0,
              11.430000305175781 0.81999999284744263 0,
              10.979999542236328 1.2699999809265137 0,
              11.430000305175781 1.7200000286102295 0,
              11.880000114440918 1.2699999809265137 0,
              11.880000114440918 1.2699999809265137 0,
              11.880000114440918 1.2699999809265137 1.6000000238418579,
              11.880000114440918 1.2699999809265137 1.6000000238418579,
              11.430000305175781 0.81999999284744263 1.6000000238418579,
              10.979999542236328 1.2699999809265137 1.6000000238418579,
              11.430000305175781 1.7200000286102295 1.6000000238418579,
              11.880000114440918 1.2699999809265137 1.6000000238418579,
              11.880000114440918 1.2699999809265137 0,
              11.880000114440918 1.2699999809265137 1.6000000238418579,
              9.3400001525878906 3.809999942779541 0,
              8.8900003433227539 3.3599998950958252 0,
              8.4399995803833008 3.809999942779541 0,
              8.8900003433227539 4.2600002288818359 0,
              9.3400001525878906 3.809999942779541 0,
              9.3400001525878906 3.809999942779541 0,
              9.3400001525878906 3.809999942779541 1.6000000238418579,
              9.3400001525878906 3.809999942779541 1.6000000238418579,
              8.8900003433227539 3.3599998950958252 1.6000000238418579,
              8.4399995803833008 3.809999942779541 1.6000000238418579,
              8.8900003433227539 4.2600002288818359 1.6000000238418579,
              9.3400001525878906 3.809999942779541 1.6000000238418579,
              9.3400001525878906 3.809999942779541 0,
              9.3400001525878906 3.809999942779541 1.6000000238418579,
              11.880000114440918 3.809999942779541 0,
              11.430000305175781 3.3599998950958252 0,
              10.979999542236328 3.809999942779541 0,
              11.430000305175781 4.2600002288818359 0,
              11.880000114440918 3.809999942779541 0,
              11.880000114440918 3.809999942779541 0,
              11.880000114440918 3.809999942779541 1.6000000238418579,
              11.880000114440918 3.809999942779541 1.6000000238418579,
              11.430000305175781 3.3599998950958252 1.6000000238418579,
              10.979999542236328 3.809999942779541 1.6000000238418579,
              11.430000305175781 4.2600002288818359 1.6000000238418579,
              11.880000114440918 3.809999942779541 1.6000000238418579,
              11.880000114440918 3.809999942779541 0,
              11.880000114440918 3.809999942779541 1.6000000238418579,
              1.7200000286102295 8.8900003433227539 0,
              1.2699999809265137 8.4399995803833008 0,
              0.81999999284744263 8.8900003433227539 0,
              1.2699999809265137 9.3400001525878906 0,
              1.7200000286102295 8.8900003433227539 0,
              1.7200000286102295 8.8900003433227539 0,
              1.7200000286102295 8.8900003433227539 1.6000000238418579,
              1.7200000286102295 8.8900003433227539 1.6000000238418579,
              1.2699999809265137 8.4399995803833008 1.6000000238418579,
              0.81999999284744263 8.8900003433227539 1.6000000238418579,
              1.2699999809265137 9.3400001525878906 1.6000000238418579,
              1.7200000286102295 8.8900003433227539 1.6000000238418579,
              1.7200000286102295 8.8900003433227539 0,
              1.7200000286102295 8.8900003433227539 1.6000000238418579,
              4.2600002288818359 8.8900003433227539 0,
              3.809999942779541 8.4399995803833008 0,
              3.3599998950958252 8.8900003433227539 0,
              3.809999942779541 9.3400001525878906 0,
              4.2600002288818359 8.8900003433227539 0,
              4.2600002288818359 8.8900003433227539 0,
              4.2600002288818359 8.8900003433227539 1.6000000238418579,
              4.2600002288818359 8.8900003433227539 1.6000000238418579,
              3.809999942779541 8.4399995803833008 1.6000000238418579,
              3.3599998950958252 8.8900003433227539 1.6000000238418579,
              3.809999942779541 9.3400001525878906 1.6000000238418579,
              4.2600002288818359 8.8900003433227539 1.6000000238418579,
              4.2600002288818359 8.8900003433227539 0,
              4.2600002288818359 8.8900003433227539 1.6000000238418579,
              1.7200000286102295 11.430000305175781 0,
              1.2699999809265137 10.979999542236328 0,
              0.81999999284744263 11.430000305175781 0,
              1.2699999809265137 11.880000114440918 0,
              1.7200000286102295 11.430000305175781 0,
              1.7200000286102295 11.430000305175781 0,
              1.7200000286102295 11.430000305175781 1.6000000238418579,
              1.7200000286102295 11.430000305175781 1.6000000238418579,
              1.2699999809265137 10.979999542236328 1.6000000238418579,
              0.81999999284744263 11.430000305175781 1.6000000238418579,
              1.2699999809265137 11.880000114440918 1.6000000238418579,
              1.7200000286102295 11.430000305175781 1.6000000238418579,
              1.7200000286102295 11.430000305175781 0,
              1.7200000286102295 11.430000305175781 1.6000000238418579,
              4.2600002288818359 11.430000305175781 0,
              3.809999942779541 10.979999542236328 0,
              3.3599998950958252 11.430000305175781 0,
              3.809999942779541 11.880000114440918 0,
              4.2600002288818359 11.430000305175781 0,
              4.2600002288818359 11.430000305175781 0,
              4.2600002288818359 11.430000305175781 1.6000000238418579,
              4.2600002288818359 11.430000305175781 1.6000000238418579,
              3.809999942779541 10.979999542236328 1.6000000238418579,
              3.3599998950958252 11.430000305175781 1.6000000238418579,
              3.809999942779541 11.880000114440918 1.6000000238418579,
              4.2600002288818359 11.430000305175781 1.6000000238418579,
              4.2600002288818359 11.430000305175781 0,
              4.2600002288818359 11.430000305175781 1.6000000238418579,
              9.3400001525878906 6.3499999046325684 0,
              8.8900003433227539 5.9000000953674316 0,
              8.4399995803833008 6.3499999046325684 0,
              8.8900003433227539 6.8000001907348633 0,
              9.3400001525878906 6.3499999046325684 0,
              9.3400001525878906 6.3499999046325684 0,
              9.3400001525878906 6.3499999046325684 1.6000000238418579,
              9.3400001525878906 6.3499999046325684 1.6000000238418579,
              8.8900003433227539 5.9000000953674316 1.6000000238418579,
              8.4399995803833008 6.3499999046325684 1.6000000238418579,
              8.8900003433227539 6.8000001907348633 1.6000000238418579,
              9.3400001525878906 6.3499999046325684 1.6000000238418579,
              9.3400001525878906 6.3499999046325684 0,
              9.3400001525878906 6.3499999046325684 1.6000000238418579,
              6.8000001907348633 8.8900003433227539 0,
              6.3499999046325684 8.4399995803833008 0,
              5.9000000953674316 8.8900003433227539 0,
              6.3499999046325684 9.3400001525878906 0,
              6.8000001907348633 8.8900003433227539 0,
              6.8000001907348633 8.8900003433227539 0,
              6.8000001907348633 8.8900003433227539 1.6000000238418579,
              6.8000001907348633 8.8900003433227539 1.6000000238418579,
              6.3499999046325684 8.4399995803833008 1.6000000238418579,
              5.9000000953674316 8.8900003433227539 1.6000000238418579,
              6.3499999046325684 9.3400001525878906 1.6000000238418579,
              6.8000001907348633 8.8900003433227539 1.6000000238418579,
              6.8000001907348633 8.8900003433227539 0,
              6.8000001907348633 8.8900003433227539 1.6000000238418579,
              9.3400001525878906 8.8900003433227539 0,
              8.8900003433227539 8.4399995803833008 0,
              8.4399995803833008 8.8900003433227539 0,
              8.8900003433227539 9.3400001525878906 0,
              9.3400001525878906 8.8900003433227539 0,
              9.3400001525878906 8.8900003433227539 0,
              9.3400001525878906 8.8900003433227539 1.6000000238418579,
              9.3400001525878906 8.8900003433227539 1.6000000238418579,
              8.8900003433227539 8.4399995803833008 1.6000000238418579,
              8.4399995803833008 8.8900003433227539 1.6000000238418579,
              8.8900003433227539 9.3400001525878906 1.6000000238418579,
              9.3400001525878906 8.8900003433227539 1.6000000238418579,
              9.3400001525878906 8.8900003433227539 0,
              9.3400001525878906 8.8900003433227539 1.6000000238418579,
              11.880000114440918 6.3499999046325684 0,
              11.430000305175781 5.9000000953674316 0,
              10.979999542236328 6.3499999046325684 0,
              11.430000305175781 6.8000001907348633 0,
              11.880000114440918 6.3499999046325684 0,
              11.880000114440918 6.3499999046325684 0,
              11.880000114440918 6.3499999046325684 1.6000000238418579,
              11.880000114440918 6.3499999046325684 1.6000000238418579,
              11.430000305175781 5.9000000953674316 1.6000000238418579,
              10.979999542236328 6.3499999046325684 1.6000000238418579,
              11.430000305175781 6.8000001907348633 1.6000000238418579,
              11.880000114440918 6.3499999046325684 1.6000000238418579,
              11.880000114440918 6.3499999046325684 0,
              11.880000114440918 6.3499999046325684 1.6000000238418579,
              11.880000114440918 8.8900003433227539 0,
              11.430000305175781 8.4399995803833008 0,
              10.979999542236328 8.8900003433227539 0,
              11.430000305175781 9.3400001525878906 0,
              11.880000114440918 8.8900003433227539 0,
              11.880000114440918 8.8900003433227539 0,
              11.880000114440918 8.8900003433227539 1.6000000238418579,
              11.880000114440918 8.8900003433227539 1.6000000238418579,
              11.430000305175781 8.4399995803833008 1.6000000238418579,
              10.979999542236328 8.8900003433227539 1.6000000238418579,
              11.430000305175781 9.3400001525878906 1.6000000238418579,
              11.880000114440918 8.8900003433227539 1.6000000238418579,
              11.880000114440918 8.8900003433227539 0,
              11.880000114440918 8.8900003433227539 1.6000000238418579,
              6.8000001907348633 11.430000305175781 0,
              6.3499999046325684 10.979999542236328 0,
              5.9000000953674316 11.430000305175781 0,
              6.3499999046325684 11.880000114440918 0,
              6.8000001907348633 11.430000305175781 0,
              6.8000001907348633 11.430000305175781 0,
              6.8000001907348633 11.430000305175781 1.6000000238418579,
              6.8000001907348633 11.430000305175781 1.6000000238418579,
              6.3499999046325684 10.979999542236328 1.6000000238418579,
              5.9000000953674316 11.430000305175781 1.6000000238418579,
              6.3499999046325684 11.880000114440918 1.6000000238418579,
              6.8000001907348633 11.430000305175781 1.6000000238418579,
              6.8000001907348633 11.430000305175781 0,
              6.8000001907348633 11.430000305175781 1.6000000238418579,
              9.3400001525878906 11.430000305175781 0,
              8.8900003433227539 10.979999542236328 0,
              8.4399995803833008 11.430000305175781 0,
              8.8900003433227539 11.880000114440918 0,
              9.3400001525878906 11.430000305175781 0,
              9.3400001525878906 11.430000305175781 0,
              9.3400001525878906 11.430000305175781 1.6000000238418579,
              9.3400001525878906 11.430000305175781 1.6000000238418579,
              8.8900003433227539 10.979999542236328 1.6000000238418579,
              8.4399995803833008 11.430000305175781 1.6000000238418579,
              8.8900003433227539 11.880000114440918 1.6000000238418579,
              9.3400001525878906 11.430000305175781 1.6000000238418579,
              9.3400001525878906 11.430000305175781 0,
              9.3400001525878906 11.430000305175781 1.6000000238418579,
              11.880000114440918 11.430000305175781 0,
              11.430000305175781 10.979999542236328 0,
              10.979999542236328 11.430000305175781 0,
              11.430000305175781 11.880000114440918 0,
              11.880000114440918 11.430000305175781 0,
              11.880000114440918 11.430000305175781 0,
              11.880000114440918 11.430000305175781 1.6000000238418579,
              11.880000114440918 11.430000305175781 1.6000000238418579,
              11.430000305175781 10.979999542236328 1.6000000238418579,
              10.979999542236328 11.430000305175781 1.6000000238418579,
              11.430000305175781 11.880000114440918 1.6000000238418579,
              11.880000114440918 11.430000305175781 1.6000000238418579,
              11.880000114440918 11.430000305175781 0,
              11.880000114440918 11.430000305175781 1.6000000238418579,
              ]
            }
            coordIndex  [
              138, 139, -1,
              140, 141, -1,
              142, 143, -1,
              144, 145, -1,
              146, 147, -1,
              148, 149, -1,
              150, 151, -1,
              152, 153, -1,
              154, 155, -1,
              156, 157, -1,
              158, 159, -1,
              160, 161, -1,
              162, 163, 164, 165, 166, -1,
              167, 168, 169, 170, 171, -1,
              172, 173, 174, 175, 176, -1,
              177, 178, 179, 180, 181, -1,
              182, 183, 184, 185, 186, -1,
              187, 188, 189, 190, 191, -1,
              192, 193, 194, 195, 196, -1,
              197, 198, 199, 200, 201, -1,
              202, 203, 204, 205, 206, -1,
              207, 208, 209, 210, 211, -1,
              212, 213, 214, 215, 216, -1,
              217, 218, 219, 220, 221, -1,
              222, 223, 224, 225, 226, -1,
              227, 228, 229, 230, 231, -1,
              232, 233, 234, 235, 236, -1,
              237, 238, 239, 240, 241, -1,
              242, 243, 244, 245, 246, -1,
              247, 248, 249, 250, 251, -1,
              252, 253, 254, 255, 256, -1,
              257, 258, 259, 260, 261, -1,
              262, 263, 264, 265, 266, -1,
              267, 268, 269, 270, 271, -1,
              272, 273, 274, 275, 276, -1,
              277, 278, 279, 280, 281, -1,
              282, 283, 284, 285, 286, -1,
              287, 288, 289, 290, 291, -1,
              292, 293, 294, 295, 296, -1,
              297, 298, 299, 300, 301, -1,
              302, 303, 304, 305, 306, -1,
              307, 308, 309, 310, 311, -1,
              312, 313, 314, 315, 316, -1,
              317, 318, 319, 320, 321, -1,
              322, 323, 324, 325, 326, -1,
              327, 328, 329, 330, 331, -1,
              332, 333, 334, 335, 336, -1,
              337, 338, 339, 340, 341, -1,
              342, 343, 344, 345, 346, -1,
              347, 348, 349, 350, 351, -1,
              352, 353, 354, 355, 356, -1,
              357, 358, 359, 360, 361, -1,
              362, 363, 364, 365, 366, -1,
              367, 368, 369, 370, 371, -1,
              372, 373, 374, 375, 376, -1,
              377, 378, 379, 380, 381, -1,
              382, 383, 384, 385, 386, -1,
              387, 388, 389, 390, 391, -1,
              392, 393, 394, 395, 396, -1,
              397, 398, 399, 400, 401, -1,
              402, 403, 404, 405, 406, -1,
              407, 408, 409, 410, 411, -1,
              412, 413, 414, 415, 416, -1,
              417, 418, 419, 420, 421, -1,
              422, 423, 424, 425, 426, -1,
              427, 428, 429, 430, 431, -1,
              432, 433, 434, 435, 436, -1,
              437, 438, 439, 440, 441, -1,
              442, 443, 444, 445, 446, -1,
              447, 448, 449, 450, 451, -1,
              452, 453, 454, 455, 456, -1,
              457, 458, 459, 460, 461, -1,
              462, 463, 464, 465, 466, -1,
              467, 468, 469, 470, 471, -1,
              472, 473, 474, 475, 476, -1,
              477, 478, 479, 480, 481, -1,
              482, 483, -1,
              484, 485, -1,
              486, 487, 488, 489, 490, -1,
              491, 492, 493, 494, 495, -1,
              496, 497, 498, 499, 500, -1,
              501, 502, 503, 504, 505, -1,
              506, 507, 508, 509, 510, -1,
              511, 512, 513, 514, 515, -1,
              516, 517, 518, 519, 520, -1,
              521, 522, 523, 524, 525, -1,
              526, 527, 528, 529, 530, -1,
              531, 532, 533, 534, 535, -1,
              536, 537, 538, 539, 540, -1,
              541, 542, 543, 544, 545, -1,
              546, 547, 548, 549, 550, -1,
              551, 552, 553, 554, 555, -1,
              556, 557, 558, 559, 560, -1,
              561, 562, 563, 564, 565, -1,
              566, 567, 568, 569, 570, -1,
              571, 572, 573, 574, 575, -1,
              576, 577, 578, 579, 580, -1,
              581, 582, 583, 584, 585, -1,
              586, 587, 588, 589, 590, -1,
              591, 592, 593, 594, 595, -1,
              596, 597, 598, 599, 600, -1,
              601, 602, 603, 604, 605, -1,
              606, 607, 608, 609, 610, -1,
              611, 612, 613, 614, 615, -1,
              616, 617, 618, 619, 620, -1,
              621, 622, 623, 624, 625, -1,
              626, 627, 628, 629, 630, -1,
              631, 632, 633, 634, 635, -1,
              636, 637, 638, 639, 640, -1,
              641, 642, 643, 644, 645, -1,
              646, 647, 648, 649, 650, -1,
              651, 652, 653, 654, 655, -1,
              656, 657, 658, 659, 660, -1,
              661, 662, 663, 664, 665, -1,
              666, 667, 668, 669, 670, -1,
              671, 672, 673, 674, 675, -1,
              676, 677, 678, 679, 680, -1,
              681, 682, 683, 684, 685, -1,
              686, 687, 688, 689, 690, -1,
              691, 692, 693, 694, 695, -1,
              696, 697, 698, 699, 700, -1,
              701, 702, 703, 704, 705, -1,
              706, 707, 708, 709, 710, -1,
              711, 712, 713, 714, 715, -1,
              716, 717, 718, 719, 720, -1,
              721, 722, 723, 724, 725, -1,
              726, 727, 728, 729, 730, -1,
              731, 732, 733, 734, 735, -1,
              736, 737, 738, 739, 740, -1,
              741, 742, 743, 744, 745, -1,
              746, 747, 748, 749, 750, -1,
              751, 752, 753, 754, 755, -1,
              756, 757, 758, 759, 760, -1,
              761, 762, 763, 764, 765, -1,
              766, 767, 768, 769, 770, -1,
              771, 772, 773, 774, 775, -1,
              776, 777, 778, 779, 780, -1,
              781, 782, 783, 784, 785, -1,
              786, 787, 788, 789, 790, -1,
              791, 792, 793, 794, 795, -1,
              796, 797, 798, 799, 800, -1,
              801, 802, 803, 804, 805, -1,
              806, 807, -1,
              808, 809, -1,
              810, 811, -1,
              812, 813, -1,
              814, 815, -1,
              816, 817, -1,
              818, 819, -1,
              820, 821, -1,
              822, 823, -1,
              824, 825, -1,
              826, 827, -1,
              828, 829, -1,
              830, 831, -1,
              832, 833, -1,
              834, 835, -1,
              836, 837, -1,
              838, 839, -1,
              840, 841, -1,
              842, 843, -1,
              844, 845, -1,
              846, 847, -1,
              848, 849, -1,
              850, 851, -1,
              852, 853, -1,
              854, 855, -1,
              856, 857, -1,
              858, 859, -1,
              860, 861, -1,
              862, 863, -1,
              864, 865, -1,
              866, 867, -1,
              868, 869, -1,
              870, 871, -1,
              872, 873, -1,
              874, 875, -1,
              876, 877, -1,
              878, 879, -1,
              880, 881, -1,
              882, 883, -1,
              884, 885, -1,
              886, 887, -1,
              888, 889, -1,
              890, 891, -1,
              892, 893, -1,
              894, 895, -1,
              896, 897, -1,
              898, 899, -1,
              900, 901, -1,
              902, 903, -1,
              904, 905, -1,
              906, 907, -1,
              908, 909, -1,
              910, 911, -1,
              912, 913, -1,
              914, 915, -1,
              916, 917, -1,
              918, 919, -1,
              920, 921, -1,
              922, 923, -1,
              924, 925, -1,
              926, 927, -1,
              928, 929, -1,
              930, 931, -1,
              932, 933, -1,
              934, 935, -1,
              936, 937, -1,
              938, 939, -1,
              940, 941, -1,
              942, 943, -1,
              944, 945, -1,
              946, 947, -1,
              948, 949, -1,
              950, 951, -1,
              952, 953, -1,
              954, 955, -1,
              956, 957, -1,
              958, 959, -1,
              960, 961, -1,
              962, 963, -1,
              964, 965, -1,
              966, 967, -1,
              968, 969, -1,
              970, 971, 972, 973, 974, -1,
              975, 976, 977, 978, 979, -1,
              980, 981, 982, 983, 984, -1,
              985, 986, 987, 988, 989, -1,
              990, 991, 992, 993, 994, -1,
              995, 996, 997, 998, 999, -1,
              1000, 1001, 1002, 1003, 1004, -1,
              1005, 1006, 1007, 1008, 1009, -1,
              1010, 1011, 1012, 1013, 1014, -1,
              1015, 1016, 1017, 1018, 1019, -1,
              1020, 1021, 1022, 1023, 1024, -1,
              1025, 1026, 1027, 1028, 1029, -1,
              1030, 1031, 1032, 1033, 1034, -1,
              1035, 1036, 1037, 1038, 1039, -1,
              1040, 1041, 1042, 1043, 1044, -1,
              1045, 1046, 1047, 1048, 1049, -1,
              1050, 1051, 1052, 1053, 1054, -1,
              1055, 1056, 1057, 1058, 1059, -1,
              1060, 1061, 1062, 1063, 1064, -1,
              1065, 1066, 1067, 1068, 1069, -1,
              1070, 1071, 1072, 1073, 1074, -1,
              1075, 1076, 1077, 1078, 1079, -1,
              1080, 1081, 1082, 1083, 1084, -1,
              1085, 1086, 1087, 1088, 1089, -1,
              1090, 1091, 1092, 1093, 1094, -1,
              1095, 1096, 1097, 1098, 1099, -1,
              1100, 1101, 1102, 1103, 1104, -1,
              1105, 1106, 1107, 1108, 1109, -1,
              1110, 1111, 1112, 1113, 1114, -1,
              1115, 1116, 1117, 1118, 1119, -1,
              1120, 1121, 1122, 1123, 1124, -1,
              1125, 1126, 1127, 1128, 1129, -1,
              1130, 1131, 1132, 1133, 1134, -1,
              1135, 1136, 1137, 1138, 1139, -1,
              1140, 1141, 1142, 1143, 1144, -1,
              1145, 1146, 1147, 1148, 1149, -1,
              1150, 1151, 1152, 1153, 1154, -1,
              1155, 1156, 1157, 1158, 1159, -1,
              1160, 1161, 1162, 1163, 1164, -1,
              1165, 1166, 1167, 1168, 1169, -1,
              1170, 1171, 1172, 1173, 1174, -1,
              1175, 1176, 1177, 1178, 1179, -1,
              1180, 1181, 1182, 1183, 1184, -1,
              1185, 1186, 1187, 1188, 1189, -1,
              1190, 1191, 1192, 1193, 1194, -1,
              1195, 1196, 1197, 1198, 1199, -1,
              1200, 1201, 1202, 1203, 1204, -1,
              1205, 1206, 1207, 1208, 1209, -1,
              1210, 1211, 1212, 1213, 1214, -1,
              1215, 1216, 1217, 1218, 1219, -1,
              1220, 1221, 1222, 1223, 1224, -1,
              1225, 1226, 1227, 1228, 1229, -1,
              1230, 1231, 1232, 1233, 1234, -1,
              1235, 1236, 1237, 1238, 1239, -1,
              1240, 1241, 1242, 1243, 1244, -1,
              1245, 1246, 1247, 1248, 1249, -1,
              1250, 1251, 1252, 1253, 1254, -1,
              1255, 1256, 1257, 1258, 1259, -1,
              1260, 1261, 1262, 1263, 1264, -1,
              1265, 1266, 1267, 1268, 1269, -1,
              1270, 1271, 1272, 1273, 1274, -1,
              1275, 1276, 1277, 1278, 1279, -1,
              1280, 1281, 1282, 1283, 1284, -1,
              1285, 1286, 1287, 1288, 1289, -1,
              1290, 1291, -1,
              1292, 1293, -1,
              1294, 1295, -1,
              1296, 1297, -1,
              1298, 1299, -1,
              1300, 1301, 1302, 1303, 1304, -1,
              1305, 1306, 1307, 1308, 1309, -1,
              1310, 1311, 1312, 1313, 1314, -1,
              1315, 1316, 1317, 1318, 1319, -1,
              1320, 1321, 1322, 1323, 1324, -1,
              1325, 1326, 1327, 1328, 1329, -1,
              1330, 1331, 1332, 1333, 1334, -1,
              1335, 1336, 1337, 1338, 1339, -1,
              1340, 1341, 1342, 1343, 1344, -1,
              1345, 1346, 1347, 1348, 1349, -1,
              1350, 1351, 1352, 1353, 1354, -1,
              1355, 1356, 1357, 1358, 1359, -1,
              1360, 1361, 1362, 1363, 1364, -1,
              1365, 1366, 1367, 1368, 1369, -1,
              1370, 1371, 1372, 1373, 1374, -1,
              1375, 1376, 1377, 1378, 1379, -1,
              1380, 1381, 1382, 1383, 1384, -1,
              1385, 1386, 1387, 1388, 1389, -1,
              1390, 1391, 1392, 1393, 1394, -1,
              1395, 1396, 1397, 1398, 1399, -1,
              1400, 1401, 1402, 1403, 1404, -1,
              1405, 1406, 1407, 1408, 1409, -1,
              1410, 1411, 1412, 1413, 1414, -1,
              1415, 1416, 1417, 1418, 1419, -1,
              1420, 1421, 1422, 1423, 1424, -1,
              1425, 1426, 1427, 1428, 1429, -1,
              1430, 1431, 1432, 1433, 1434, -1,
              1435, 1436, 1437, 1438, 1439, -1,
              1440, 1441, 1442, 1443, 1444, -1,
              1445, 1446, 1447, 1448, 1449, -1,
              1450, 1451, 1452, 1453, 1454, -1,
              1455, 1456, 1457, 1458, 1459, -1,
              1460, 1461, 1462, 1463, 1464, -1,
              1465, 1466, 1467, 1468, 1469, -1,
              1470, 1471, 1472, 1473, 1474, -1,
              1475, 1476, 1477, 1478, 1479, -1,
              1480, 1481, 1482, 1483, 1484, -1,
              1485, 1486, 1487, 1488, 1489, -1,
              1490, 1491, 1492, 1493, 1494, -1,
              1495, 1496, 1497, 1498, 1499, -1,
              1500, 1501, 1502, 1503, 1504, -1,
              1505, 1506, 1507, 1508, 1509, -1,
              1510, 1511, 1512, 1513, 1514, -1,
              1515, 1516, 1517, 1518, 1519, -1,
              1520, 1521, 1522, 1523, 1524, -1,
              1525, 1526, 1527, 1528, 1529, -1,
              1530, 1531, 1532, 1533, 1534, -1,
              1535, 1536, 1537, 1538, 1539, -1,
              1540, 1541, 1542, 1543, 1544, -1,
              1545, 1546, 1547, 1548, 1549, -1,
              1550, 1551, 1552, 1553, 1554, -1,
              1555, 1556, 1557, 1558, 1559, -1,
              1560, 1561, 1562, 1563, 1564, -1,
              1565, 1566, 1567, 1568, 1569, -1,
              1570, 1571, 1572, 1573, 1574, -1,
              1575, 1576, 1577, 1578, 1579, -1,
              1580, 1581, 1582, 1583, 1584, -1,
              1585, 1586, 1587, 1588, 1589, -1,
              1590, 1591, 1592, 1593, 1594, -1,
              1595, 1596, 1597, 1598, 1599, -1,
              1600, 1601, 1602, 1603, 1604, -1,
              1605, 1606, 1607, 1608, 1609, -1,
              1610, 1611, 1612, 1613, 1614, -1,
              1615, 1616, 1617, 1618, 1619, -1,
              1620, 1621, -1,
              1622, 1623, -1,
              1624, 1625, -1,
              1626, 1627, -1,
              1628, 1629, -1,
              1630, 1631, -1,
              1632, 1633, -1,
              1634, 1635, -1,
              1636, 1637, 1638, 1639, 1640, -1,
              1641, 1642, -1,
              1643, 1644, 1645, 1646, 1647, -1,
              1648, 1649, -1,
              1650, 1651, 1652, 1653, 1654, -1,
              1655, 1656, -1,
              1657, 1658, 1659, 1660, 1661, -1,
              1662, 1663, -1,
              1664, 1665, 1666, 1667, 1668, -1,
              1669, 1670, -1,
              1671, 1672, 1673, 1674, 1675, -1,
              1676, 1677, -1,
              1678, 1679, 1680, 1681, 1682, -1,
              1683, 1684, -1,
              1685, 1686, 1687, 1688, 1689, -1,
              1690, 1691, -1,
              1692, 1693, 1694, 1695, 1696, -1,
              1697, 1698, -1,
              1699, 1700, 1701, 1702, 1703, -1,
              1704, 1705, -1,
              1706, 1707, 1708, 1709, 1710, -1,
              1711, 1712, -1,
              1713, 1714, 1715, 1716, 1717, -1,
              1718, 1719, -1,
              1720, 1721, 1722, 1723, 1724, -1,
              1725, 1726, -1,
              1727, 1728, 1729, 1730, 1731, -1,
              1732, 1733, -1,
              1734, 1735, 1736, 1737, 1738, -1,
              1739, 1740, -1,
              1741, 1742, 1743, 1744, 1745, -1,
              1746, 1747, -1,
              1748, 1749, 1750, 1751, 1752, -1,
              1753, 1754, -1,
              1755, 1756, 1757, 1758, 1759, -1,
              1760, 1761, -1,
              1762, 1763, 1764, 1765, 1766, -1,
              1767, 1768, -1,
              1769, 1770, 1771, 1772, 1773, -1,
              1774, 1775, -1,
              1776, 1777, 1778, 1779, 1780, -1,
              1781, 1782, -1,
              1783, 1784, 1785, 1786, 1787, -1,
              1788, 1789, -1,
              1790, 1791, 1792, 1793, 1794, -1,
              1795, 1796, -1,
              1797, 1798, 1799, 1800, 1801, -1,
              1802, 1803, -1,
              1804, 1805, 1806, 1807, 1808, -1,
              1809, 1810, -1,
              1811, 1812, 1813, 1814, 1815, -1,
              1816, 1817, -1,
              1818, 1819, 1820, 1821, 1822, -1,
              1823, 1824, -1,
              1825, 1826, 1827, 1828, 1829, -1,
              1830, 1831, -1,
              1832, 1833, 1834, 1835, 1836, -1,
              1837, 1838, -1,
              1839, 1840, 1841, 1842, 1843, -1,
              1844, 1845, -1,
              1846, 1847, 1848, 1849, 1850, -1,
              1851, 1852, -1,
              1853, 1854, 1855, 1856, 1857, -1,
              1858, 1859, -1,
              1860, 1861, 1862, 1863, 1864, -1,
              1865, 1866, -1,
              1867, 1868, 1869, 1870, 1871, -1,
              1872, 1873, -1,
              1874, 1875, 1876, 1877, 1878, -1,
              1879, 1880, -1,
              1881, 1882, 1883, 1884, 1885, -1,
              1886, 1887, -1,
              1888, 1889, 1890, 1891, 1892, -1,
              1893, 1894, -1,
              1895, 1896, 1897, 1898, 1899, -1,
              1900, 1901, -1,
              1902, 1903, 1904, 1905, 1906, -1,
              1907, 1908, -1,
              1909, 1910, 1911, 1912, 1913, -1,
              1914, 1915, -1,
              1916, 1917, 1918, 1919, 1920, -1,
              1921, 1922, -1,
              1923, 1924, 1925, 1926, 1927, -1,
              1928, 1929, -1,
              1930, 1931, 1932, 1933, 1934, -1,
              1935, 1936, -1,
              1937, 1938, 1939, 1940, 1941, -1,
              1942, 1943, -1,
              1944, 1945, 1946, 1947, 1948, -1,
              1949, 1950, -1,
              1951, 1952, 1953, 1954, 1955, -1,
              1956, 1957, -1,
              1958, 1959, 1960, 1961, 1962, -1,
              1963, 1964, -1,
              1965, 1966, 1967, 1968, 1969, -1,
              1970, 1971, -1,
              1972, 1973, 1974, 1975, 1976, -1,
              1977, 1978, -1,
              1979, 1980, 1981, 1982, 1983, -1,
              1984, 1985, -1,
              1986, 1987, 1988, 1989, 1990, -1,
              1991, 1992, -1,
              1993, 1994, 1995, 1996, 1997, -1,
              1998, 1999, -1,
              2000, 2001, 2002, 2003, 2004, -1,
              2005, 2006, -1,
              2007, 2008, 2009, 2010, 2011, -1,
              2012, 2013, -1,
              2014, 2015, 2016, 2017, 2018, -1,
              2019, 2020, -1,
              2021, 2022, 2023, 2024, 2025, -1,
              2026, 2027, -1,
              2028, 2029, 2030, 2031, 2032, -1,
              2033, 2034, -1,
              2035, 2036, 2037, 2038, 2039, -1,
              2040, 2041, -1,
              2042, 2043, 2044, 2045, 2046, -1,
              2047, 2048, -1,
              2049, 2050, 2051, 2052, 2053, -1,
              2054, 2055, -1,
              2056, 2057, 2058, 2059, 2060, -1,
              2061, 2062, -1,
              2063, 2064, 2065, 2066, 2067, -1,
              2068, 2069, -1,
              2070, 2071, 2072, 2073, 2074, -1,
              2075, 2076, -1,
              2077, 2078, 2079, 2080, 2081, -1,
              2082, 2083, -1,
              2084, 2085, 2086, 2087, 2088, -1,
              2089, 2090, -1,
              2091, 2092, 2093, 2094, 2095, -1,
              2096, 2097, -1,
              2098, 2099, 2100, 2101, 2102, -1,
              2103, 2104, -1,
              2105, 2106, 2107, 2108, 2109, -1,
              2110, 2111, -1,
              2112, 2113, 2114, 2115, 2116, -1,
              2117, 2118, -1,
              2119, 2120, 2121, 2122, 2123, -1,
              2124, 2125, -1,
              2126, 2127, 2128, 2129, 2130, -1,
              2131, 2132, -1,
              2133, 2134, 2135, 2136, 2137, -1,
              2138, 2139, -1,
              2140, 2141, 2142, 2143, 2144, -1,
              2145, 2146, -1,
              2147, 2148, 2149, 2150, 2151, -1,
              2152, 2153, -1,
              2154, 2155, 2156, 2157, 2158, -1,
              2159, 2160, -1,
              2161, 2162, 2163, 2164, 2165, -1,
              2166, 2167, -1,
              2168, 2169, 2170, 2171, 2172, -1,
              2173, 2174, -1,
              2175, 2176, 2177, 2178, 2179, -1,
              2180, 2181, -1,
              2182, 2183, 2184, 2185, 2186, -1,
              2187, 2188, -1,
              2189, 2190, 2191, 2192, 2193, -1,
              2194, 2195, -1,
              2196, 2197, 2198, 2199, 2200, -1,
              2201, 2202, -1,
              2203, 2204, 2205, 2206, 2207, -1,
              2208, 2209, -1,
              2210, 2211, 2212, 2213, 2214, -1,
              2215, 2216, -1,
              2217, 2218, 2219, 2220, 2221, -1,
              2222, 2223, -1,
              2224, 2225, 2226, 2227, 2228, -1,
              2229, 2230, -1,
              2231, 2232, 2233, 2234, 2235, -1,
              2236, 2237, -1,
              2238, 2239, 2240, 2241, 2242, -1,
              2243, 2244, -1,
              2245, 2246, 2247, 2248, 2249, -1,
              2250, 2251, -1,
              2252, 2253, 2254, 2255, 2256, -1,
              2257, 2258, -1,
              2259, 2260, 2261, 2262, 2263, -1,
              2264, 2265, -1,
              2266, 2267, 2268, 2269, 2270, -1,
              2271, 2272, -1,
              2273, 2274, 2275, 2276, 2277, -1,
              2278, 2279, -1,
              2280, 2281, 2282, 2283, 2284, -1,
              2285, 2286, -1,
              2287, 2288, 2289, 2290, 2291, -1,
              2292, 2293, -1,
              2294, 2295, 2296, 2297, 2298, -1,
              2299, 2300, -1,
              2301, 2302, 2303, 2304, 2305, -1,
              2306, 2307, -1,
              2308, 2309, 2310, 2311, 2312, -1,
              2313, 2314, -1,
              2315, 2316, 2317, 2318, 2319, -1,
              2320, 2321, -1,
              2322, 2323, 2324, 2325, 2326, -1,
              2327, 2328, -1,
              2329, 2330, 2331, 2332, 2333, -1,
              2334, 2335, -1,
              2336, 2337, 2338, 2339, 2340, -1,
              2341, 2342, -1,
              2343, 2344, 2345, 2346, 2347, -1,
              2348, 2349, -1,
              2350, 2351, 2352, 2353, 2354, -1,
              2355, 2356, -1,
              2357, 2358, 2359, 2360, 2361, -1,
              2362, 2363, -1,
              2364, 2365, 2366, 2367, 2368, -1,
              2369, 2370, -1,
              2371, 2372, 2373, 2374, 2375, -1,
              2376, 2377, -1,
              2378, 2379, 2380, 2381, 2382, -1,
              2383, 2384, -1,
              2385, 2386, 2387, 2388, 2389, -1,
              2390, 2391, -1,
              2392, 2393, 2394, 2395, 2396, -1,
              2397, 2398, -1,
              2399, 2400, 2401, 2402, 2403, -1,
              2404, 2405, -1,
              2406, 2407, 2408, 2409, 2410, -1,
              2411, 2412, -1,
              2413, 2414, 2415, 2416, 2417, -1,
              2418, 2419, -1,
              2420, 2421, 2422, 2423, 2424, -1,
              2425, 2426, -1,
              2427, 2428, 2429, 2430, 2431, -1,
              2432, 2433, -1,
              2434, 2435, 2436, 2437, 2438, -1,
              2439, 2440, -1,
              2441, 2442, 2443, 2444, 2445, -1,
              2446, 2447, -1,
              2448, 2449, 2450, 2451, 2452, -1,
              2453, 2454, -1,
              2455, 2456, 2457, 2458, 2459, -1,
              2460, 2461, -1,
              2462, 2463, 2464, 2465, 2466, -1,
              2467, 2468, -1,
              2469, 2470, 2471, 2472, 2473, -1,
              2474, 2475, -1,
              2476, 2477, 2478, 2479, 2480, -1,
              2481, 2482, -1,
              2483, 2484, 2485, 2486, 2487, -1,
              2488, 2489, -1,
              2490, 2491, 2492, 2493, 2494, -1,
              2495, 2496, -1,
              2497, 2498, 2499, 2500, 2501, -1,
              2502, 2503, -1,
              2504, 2505, 2506, 2507, 2508, -1,
              2509, 2510, -1,
              2511, 2512, 2513, 2514, 2515, -1,
              2516, 2517, -1,
              2518, 2519, 2520, 2521, 2522, -1,
              2523, 2524, -1,
              2525, 2526, 2527, 2528, 2529, -1,
              2530, 2531, -1,
            ]
          }
        }
        Shape {
          appearance Appearance {
            material Material {
              ambientIntensity 0
              emissiveColor 0 0 0
              diffuseColor 1 1 1
              specularColor 0 0 0
              shininess 0.0078125
              transparency 0
              }
            }
          geometry PointSet {
            coord Coordinate {              point [                            -11.199999809265137 -12.699999809265137 0,
                            -11.199999809265137 -12.699999809265137 1.6000000238418579,
                            12.699999809265137 -12.699999809265137 0,
                            12.699999809265137 -12.699999809265137 1.6000000238418579,
                            -12.699999809265137 -11.199999809265137 0,
                            -12.699999809265137 -11.199999809265137 1.6000000238418579,
                            12.699999809265137 12.699999809265137 0,
                            12.699999809265137 12.699999809265137 1.6000000238418579,
                            -12.699999809265137 12.699999809265137 0,
                            -10.979999542236328 -11.430000305175781 0,
                            -8.4399995803833008 -11.430000305175781 0,
                            -5.9000000953674316 -11.430000305175781 0,
                            -10.979999542236328 -8.8900003433227539 0,
                            -10.979999542236328 -6.3499999046325684 0,
                            -8.4399995803833008 -8.8900003433227539 0,
                            -5.9000000953674316 -8.8900003433227539 0,
                            -8.4399995803833008 -6.3499999046325684 0,
                            -3.3599998950958252 -11.430000305175781 0,
                            -0.81999999284744263 -11.430000305175781 0,
                            -3.3599998950958252 -8.8900003433227539 0,
                            -0.81999999284744263 -8.8900003433227539 0,
                            -10.979999542236328 -3.809999942779541 0,
                            -8.4399995803833008 -3.809999942779541 0,
                            -10.979999542236328 -1.2699999809265137 0,
                            -8.4399995803833008 -1.2699999809265137 0,
                            1.7200000286102295 -11.430000305175781 0,
                            4.2600002288818359 -11.430000305175781 0,
                            1.7200000286102295 -8.8900003433227539 0,
                            4.2600002288818359 -8.8900003433227539 0,
                            6.8000001907348633 -11.430000305175781 0,
                            9.3400001525878906 -11.430000305175781 0,
                            11.880000114440918 -11.430000305175781 0,
                            6.8000001907348633 -8.8900003433227539 0,
                            9.3400001525878906 -8.8900003433227539 0,
                            9.3400001525878906 -6.3499999046325684 0,
                            11.880000114440918 -8.8900003433227539 0,
                            11.880000114440918 -6.3499999046325684 0,
                            9.3400001525878906 -3.809999942779541 0,
                            11.880000114440918 -3.809999942779541 0,
                            9.3400001525878906 -1.2699999809265137 0,
                            11.880000114440918 -1.2699999809265137 0,
                            -10.979999542236328 1.2699999809265137 0,
                            -8.4399995803833008 1.2699999809265137 0,
                            -10.979999542236328 3.809999942779541 0,
                            -8.4399995803833008 3.809999942779541 0,
                            -10.979999542236328 6.3499999046325684 0,
                            -10.979999542236328 8.8900003433227539 0,
                            -8.4399995803833008 6.3499999046325684 0,
                            -8.4399995803833008 8.8900003433227539 0,
                            -5.9000000953674316 8.8900003433227539 0,
                            -10.979999542236328 11.430000305175781 0,
                            -8.4399995803833008 11.430000305175781 0,
                            -5.9000000953674316 11.430000305175781 0,
                            -3.3599998950958252 8.8900003433227539 0,
                            -0.81999999284744263 8.8900003433227539 0,
                            -3.3599998950958252 11.430000305175781 0,
                            -0.81999999284744263 11.430000305175781 0,
                            9.3400001525878906 1.2699999809265137 0,
                            11.880000114440918 1.2699999809265137 0,
                            9.3400001525878906 3.809999942779541 0,
                            11.880000114440918 3.809999942779541 0,
                            1.7200000286102295 8.8900003433227539 0,
                            4.2600002288818359 8.8900003433227539 0,
                            1.7200000286102295 11.430000305175781 0,
                            4.2600002288818359 11.430000305175781 0,
                            9.3400001525878906 6.3499999046325684 0,
                            6.8000001907348633 8.8900003433227539 0,
                            9.3400001525878906 8.8900003433227539 0,
                            11.880000114440918 6.3499999046325684 0,
                            11.880000114440918 8.8900003433227539 0,
                            6.8000001907348633 11.430000305175781 0,
                            9.3400001525878906 11.430000305175781 0,
                            11.880000114440918 11.430000305175781 0,
                            -12.699999809265137 12.699999809265137 1.6000000238418579,
                            -10.979999542236328 -11.430000305175781 1.6000000238418579,
                            -8.4399995803833008 -11.430000305175781 1.6000000238418579,
                            -5.9000000953674316 -11.430000305175781 1.6000000238418579,
                            -10.979999542236328 -8.8900003433227539 1.6000000238418579,
                            -10.979999542236328 -6.3499999046325684 1.6000000238418579,
                            -8.4399995803833008 -8.8900003433227539 1.6000000238418579,
                            -5.9000000953674316 -8.8900003433227539 1.6000000238418579,
                            -8.4399995803833008 -6.3499999046325684 1.6000000238418579,
                            -3.3599998950958252 -11.430000305175781 1.6000000238418579,
                            -0.81999999284744263 -11.430000305175781 1.6000000238418579,
                            -3.3599998950958252 -8.8900003433227539 1.6000000238418579,
                            -0.81999999284744263 -8.8900003433227539 1.6000000238418579,
                            -10.979999542236328 -3.809999942779541 1.6000000238418579,
                            -8.4399995803833008 -3.809999942779541 1.6000000238418579,
                            -10.979999542236328 -1.2699999809265137 1.6000000238418579,
                            -8.4399995803833008 -1.2699999809265137 1.6000000238418579,
                            1.7200000286102295 -11.430000305175781 1.6000000238418579,
                            4.2600002288818359 -11.430000305175781 1.6000000238418579,
                            1.7200000286102295 -8.8900003433227539 1.6000000238418579,
                            4.2600002288818359 -8.8900003433227539 1.6000000238418579,
                            6.8000001907348633 -11.430000305175781 1.6000000238418579,
                            9.3400001525878906 -11.430000305175781 1.6000000238418579,
                            11.880000114440918 -11.430000305175781 1.6000000238418579,
                            6.8000001907348633 -8.8900003433227539 1.6000000238418579,
                            9.3400001525878906 -8.8900003433227539 1.6000000238418579,
                            9.3400001525878906 -6.3499999046325684 1.6000000238418579,
                            11.880000114440918 -8.8900003433227539 1.6000000238418579,
                            11.880000114440918 -6.3499999046325684 1.6000000238418579,
                            9.3400001525878906 -3.809999942779541 1.6000000238418579,
                            11.880000114440918 -3.809999942779541 1.6000000238418579,
                            9.3400001525878906 -1.2699999809265137 1.6000000238418579,
                            11.880000114440918 -1.2699999809265137 1.6000000238418579,
                            -10.979999542236328 1.2699999809265137 1.6000000238418579,
                            -8.4399995803833008 1.2699999809265137 1.6000000238418579,
                            -10.979999542236328 3.809999942779541 1.6000000238418579,
                            -8.4399995803833008 3.809999942779541 1.6000000238418579,
                            -10.979999542236328 6.3499999046325684 1.6000000238418579,
                            -10.979999542236328 8.8900003433227539 1.6000000238418579,
                            -8.4399995803833008 6.3499999046325684 1.6000000238418579,
                            -8.4399995803833008 8.8900003433227539 1.6000000238418579,
                            -5.9000000953674316 8.8900003433227539 1.6000000238418579,
                            -10.979999542236328 11.430000305175781 1.6000000238418579,
                            -8.4399995803833008 11.430000305175781 1.6000000238418579,
                            -5.9000000953674316 11.430000305175781 1.6000000238418579,
                            -3.3599998950958252 8.8900003433227539 1.6000000238418579,
                            -0.81999999284744263 8.8900003433227539 1.6000000238418579,
                            -3.3599998950958252 11.430000305175781 1.6000000238418579,
                            -0.81999999284744263 11.430000305175781 1.6000000238418579,
                            9.3400001525878906 1.2699999809265137 1.6000000238418579,
                            11.880000114440918 1.2699999809265137 1.6000000238418579,
                            9.3400001525878906 3.809999942779541 1.6000000238418579,
                            11.880000114440918 3.809999942779541 1.6000000238418579,
                            1.7200000286102295 8.8900003433227539 1.6000000238418579,
                            4.2600002288818359 8.8900003433227539 1.6000000238418579,
                            1.7200000286102295 11.430000305175781 1.6000000238418579,
                            4.2600002288818359 11.430000305175781 1.6000000238418579,
                            9.3400001525878906 6.3499999046325684 1.6000000238418579,
                            6.8000001907348633 8.8900003433227539 1.6000000238418579,
                            9.3400001525878906 8.8900003433227539 1.6000000238418579,
                            11.880000114440918 6.3499999046325684 1.6000000238418579,
                            11.880000114440918 8.8900003433227539 1.6000000238418579,
                            6.8000001907348633 11.430000305175781 1.6000000238418579,
                            9.3400001525878906 11.430000305175781 1.6000000238418579,
                            11.880000114440918 11.430000305175781 1.6000000238418579,
              ]
            }
          }
        }
      ]
    }
    Transform {
      translation 0 0 0
      rotation 0 0 1 0
      scale 1 1 1
      children [
        Shape {
          appearance Appearance {
            material Material {
              ambientIntensity 0
              diffuseColor 0.050000001425756148 0.050000001425756148 0.050000001425756148
              specularColor 0 0 0
              shininess 0.0078125
              transparency 0
              }
            }
          geometry IndexedFaceSet {
            solid FALSE
            coord DEF VTKcoordinates Coordinate {
              point [
              3.5864999294281006 -3.2864999771118164 1.6000000238418579,
              -6.9864997863769531 -3.2864999771118164 2.5999999046325684,
              -6.9864997863769531 -3.2864999771118164 1.6000000238418579,
              3.5864999294281006 -3.2864999771118164 2.5999999046325684,
              3.5864999294281006 7.2864999771118164 1.6000000238418579,
              3.5864999294281006 -3.2864999771118164 2.5999999046325684,
              3.5864999294281006 -3.2864999771118164 1.6000000238418579,
              3.5864999294281006 7.2864999771118164 2.5999999046325684,
              -6.9864997863769531 7.2864999771118164 1.6000000238418579,
              3.5864999294281006 7.2864999771118164 2.5999999046325684,
              3.5864999294281006 7.2864999771118164 1.6000000238418579,
              -6.9864997863769531 7.2864999771118164 2.5999999046325684,
              -6.9864997863769531 -3.2864999771118164 1.6000000238418579,
              -6.9864997863769531 7.2864999771118164 2.5999999046325684,
              -6.9864997863769531 7.2864999771118164 1.6000000238418579,
              -6.9864997863769531 -3.2864999771118164 2.5999999046325684,
              3.5864999294281006 7.2864999771118164 1.6000000238418579,
              3.5864999294281006 -3.2864999771118164 1.6000000238418579,
              -6.9864997863769531 -3.2864999771118164 1.6000000238418579,
              -6.9864997863769531 7.2864999771118164 1.6000000238418579,
              3.5864999294281006 7.2864999771118164 2.5999999046325684,
              -6.9864997863769531 -3.2864999771118164 2.5999999046325684,
              3.5864999294281006 -3.2864999771118164 2.5999999046325684,
              -6.9864997863769531 7.2864999771118164 2.5999999046325684,
              ]
            }
            normal DEF VTKnormals Normal {
              vector [
           0 -1 -0,
           0 -1 -0,
           0 -1 -0,
           0 -1 -0,
           1 -0 -0,
           1 -0 -0,
           1 -0 -0,
           1 -0 -0,
           -0 1 -0,
           -0 1 -0,
           -0 1 -0,
           -0 1 -0,
           -1 -0 -0,
           -1 -0 -0,
           -1 -0 -0,
           -1 -0 -0,
           -0 -0 -1,
           -0 -0 -1,
           -0 -0 -1,
           -0 -0 -1,
           0 0 1,
           0 0 1,
           0 0 1,
           0 0 1,
            ]
          }
            coordIndex  [
              0, 1, 2, -1,
              0, 3, 1, -1,
              4, 5, 6, -1,
              4, 7, 5, -1,
              8, 9, 10, -1,
              8, 11, 9, -1,
              12, 13, 14, -1,
              12, 15, 13, -1,
              16, 17, 18, -1,
              16, 18, 19, -1,
              20, 21, 22, -1,
              20, 23, 21, -1,
            ]
          }
        }
      ]
    }
    Transform {
      translation 0 0 0
      rotation 0 0 1 0
      scale 1 1 1
      children [
        Shape {
          appearance Appearance {
            material Material {
              ambientIntensity 0
              emissiveColor 0 0 0
              diffuseColor 1 1 1
              specularColor 0 0 0
              shininess 0.0078125
              transparency 0
              }
            }
          geometry IndexedLineSet {
            coord DEF VTKcoordinates Coordinate {
              point [
              -6.9864997863769531 -3.2864999771118164 1.6000000238418579,
              -6.9864997863769531 -3.2864999771118164 2.5999999046325684,
              3.5864999294281006 -3.2864999771118164 1.6000000238418579,
              3.5864999294281006 -3.2864999771118164 2.5999999046325684,
              3.5864999294281006 7.2864999771118164 1.6000000238418579,
              3.5864999294281006 7.2864999771118164 2.5999999046325684,
              -6.9864997863769531 7.2864999771118164 1.6000000238418579,
              -6.9864997863769531 7.2864999771118164 2.5999999046325684,
              -6.9864997863769531 -3.2864999771118164 1.6000000238418579,
              -6.9864997863769531 -3.2864999771118164 2.5999999046325684,
              3.5864999294281006 -3.2864999771118164 1.6000000238418579,
              3.5864999294281006 -3.2864999771118164 2.5999999046325684,
              -6.9864997863769531 -3.2864999771118164 1.6000000238418579,
              3.5864999294281006 -3.2864999771118164 1.6000000238418579,
              -6.9864997863769531 -3.2864999771118164 2.5999999046325684,
              3.5864999294281006 -3.2864999771118164 2.5999999046325684,
              3.5864999294281006 7.2864999771118164 1.6000000238418579,
              3.5864999294281006 7.2864999771118164 2.5999999046325684,
              3.5864999294281006 -3.2864999771118164 1.6000000238418579,
              3.5864999294281006 7.2864999771118164 1.6000000238418579,
              3.5864999294281006 -3.2864999771118164 2.5999999046325684,
              3.5864999294281006 7.2864999771118164 2.5999999046325684,
              -6.9864997863769531 7.2864999771118164 1.6000000238418579,
              -6.9864997863769531 7.2864999771118164 2.5999999046325684,
              3.5864999294281006 7.2864999771118164 1.6000000238418579,
              -6.9864997863769531 7.2864999771118164 1.6000000238418579,
              3.5864999294281006 7.2864999771118164 2.5999999046325684,
              -6.9864997863769531 7.2864999771118164 2.5999999046325684,
              -6.9864997863769531 7.2864999771118164 1.6000000238418579,
              -6.9864997863769531 -3.2864999771118164 1.6000000238418579,
              -6.9864997863769531 7.2864999771118164 2.5999999046325684,
              -6.9864997863769531 -3.2864999771118164 2.5999999046325684,
              -6.9864997863769531 -3.2864999771118164 1.6000000238418579,
              -6.9864997863769531 -3.2864999771118164 2.5999999046325684,
              3.5864999294281006 -3.2864999771118164 1.6000000238418579,
              3.5864999294281006 -3.2864999771118164 2.5999999046325684,
              -6.9864997863769531 -3.2864999771118164 1.6000000238418579,
              3.5864999294281006 -3.2864999771118164 1.6000000238418579,
              -6.9864997863769531 -3.2864999771118164 2.5999999046325684,
              3.5864999294281006 -3.2864999771118164 2.5999999046325684,
              3.5864999294281006 -3.2864999771118164 1.6000000238418579,
              3.5864999294281006 -3.2864999771118164 2.5999999046325684,
              3.5864999294281006 7.2864999771118164 1.6000000238418579,
              3.5864999294281006 7.2864999771118164 2.5999999046325684,
              3.5864999294281006 -3.2864999771118164 1.6000000238418579,
              3.5864999294281006 7.2864999771118164 1.6000000238418579,
              3.5864999294281006 -3.2864999771118164 2.5999999046325684,
              3.5864999294281006 7.2864999771118164 2.5999999046325684,
              3.5864999294281006 7.2864999771118164 1.6000000238418579,
              3.5864999294281006 7.2864999771118164 2.5999999046325684,
              -6.9864997863769531 7.2864999771118164 1.6000000238418579,
              -6.9864997863769531 7.2864999771118164 2.5999999046325684,
              3.5864999294281006 7.2864999771118164 1.6000000238418579,
              -6.9864997863769531 7.2864999771118164 1.6000000238418579,
              3.5864999294281006 7.2864999771118164 2.5999999046325684,
              -6.9864997863769531 7.2864999771118164 2.5999999046325684,
              -6.9864997863769531 7.2864999771118164 1.6000000238418579,
              -6.9864997863769531 7.2864999771118164 2.5999999046325684,
              -6.9864997863769531 -3.2864999771118164 1.6000000238418579,
              -6.9864997863769531 -3.2864999771118164 2.5999999046325684,
              -6.9864997863769531 7.2864999771118164 1.6000000238418579,
              -6.9864997863769531 -3.2864999771118164 1.6000000238418579,
              -6.9864997863769531 7.2864999771118164 2.5999999046325684,
              -6.9864997863769531 -3.2864999771118164 2.5999999046325684,
              -6.9864997863769531 -3.2864999771118164 1.6000000238418579,
              3.5864999294281006 -3.2864999771118164 1.6000000238418579,
              3.5864999294281006 -3.2864999771118164 1.6000000238418579,
              3.5864999294281006 7.2864999771118164 1.6000000238418579,
              3.5864999294281006 7.2864999771118164 1.6000000238418579,
              -6.9864997863769531 7.2864999771118164 1.6000000238418579,
              -6.9864997863769531 7.2864999771118164 1.6000000238418579,
              -6.9864997863769531 -3.2864999771118164 1.6000000238418579,
              -6.9864997863769531 -3.2864999771118164 2.5999999046325684,
              3.5864999294281006 -3.2864999771118164 2.5999999046325684,
              3.5864999294281006 -3.2864999771118164 2.5999999046325684,
              3.5864999294281006 7.2864999771118164 2.5999999046325684,
              3.5864999294281006 7.2864999771118164 2.5999999046325684,
              -6.9864997863769531 7.2864999771118164 2.5999999046325684,
              -6.9864997863769531 7.2864999771118164 2.5999999046325684,
              -6.9864997863769531 -3.2864999771118164 2.5999999046325684,
              ]
            }
            coordIndex  [
              8, 9, -1,
              10, 11, -1,
              12, 13, -1,
              14, 15, -1,
              16, 17, -1,
              18, 19, -1,
              20, 21, -1,
              22, 23, -1,
              24, 25, -1,
              26, 27, -1,
              28, 29, -1,
              30, 31, -1,
              32, 33, -1,
              34, 35, -1,
              36, 37, -1,
              38, 39, -1,
              40, 41, -1,
              42, 43, -1,
              44, 45, -1,
              46, 47, -1,
              48, 49, -1,
              50, 51, -1,
              52, 53, -1,
              54, 55, -1,
              56, 57, -1,
              58, 59, -1,
              60, 61, -1,
              62, 63, -1,
              64, 65, -1,
              66, 67, -1,
              68, 69, -1,
              70, 71, -1,
              72, 73, -1,
              74, 75, -1,
              76, 77, -1,
              78, 79, -1,
            ]
          }
        }
        Shape {
          appearance Appearance {
            material Material {
              ambientIntensity 0
              emissiveColor 0 0 0
              diffuseColor 1 1 1
              specularColor 0 0 0
              shininess 0.0078125
              transparency 0
              }
            }
          geometry PointSet {
            coord Coordinate {              point [                            -6.9864997863769531 -3.2864999771118164 1.6000000238418579,
                            -6.9864997863769531 -3.2864999771118164 2.5999999046325684,
                            3.5864999294281006 -3.2864999771118164 1.6000000238418579,
                            3.5864999294281006 -3.2864999771118164 2.5999999046325684,
                            3.5864999294281006 7.2864999771118164 1.6000000238418579,
                            3.5864999294281006 7.2864999771118164 2.5999999046325684,
                            -6.9864997863769531 7.2864999771118164 1.6000000238418579,
                            -6.9864997863769531 7.2864999771118164 2.5999999046325684,
              ]
            }
          }
        }
      ]
    }
    Transform {
      translation 0 0 0
      rotation 0 0 1 0
      scale 1 1 1
      children [
        Shape {
          appearance Appearance {
            material Material {
              ambientIntensity 0
              diffuseColor 0.85000001271841918 0.85000001271841918 0.85000001271841918
              specularColor 0 0 0
              shininess 0.0078125
              transparency 0
              }
            }
          geometry IndexedFaceSet {
            solid FALSE
            coord DEF VTKcoordinates Coordinate {
              point [
              -5.8376064300537109 -2.4586925506591797 2.5999999046325684,
              -5.8365001678466797 -2.4865000247955322 2.6500000953674316,
              -5.8365001678466797 -2.4865000247955322 2.5999999046325684,
              -5.8376064300537109 -2.4586925506591797 2.6500000953674316,
              -5.8409185409545898 -2.431060791015625 2.5999999046325684,
              -5.8409185409545898 -2.431060791015625 2.6500000953674316,
              -5.8464155197143555 -2.4037795066833496 2.5999999046325684,
              -5.8464155197143555 -2.4037795066833496 2.6500000953674316,
              -5.8540630340576172 -2.3770210742950439 2.5999999046325684,
              -5.8540630340576172 -2.3770210742950439 2.6500000953674316,
              -5.8638119697570801 -2.3509550094604492 2.5999999046325684,
              -5.8638119697570801 -2.3509550094604492 2.6500000953674316,
              -5.8756012916564941 -2.3257460594177246 2.5999999046325684,
              -5.8756012916564941 -2.3257460594177246 2.6500000953674316,
              -5.8893556594848633 -2.3015532493591309 2.5999999046325684,
              -5.8893556594848633 -2.3015532493591309 2.6500000953674316,
              -5.9049892425537109 -2.2785296440124512 2.5999999046325684,
              -5.9049892425537109 -2.2785296440124512 2.6500000953674316,
              -5.9224023818969727 -2.2568209171295166 2.5999999046325684,
              -5.9224023818969727 -2.2568209171295166 2.6500000953674316,
              -5.9414854049682617 -2.2365643978118896 2.5999999046325684,
              -5.9414854049682617 -2.2365643978118896 2.6500000953674316,
              -5.9621171951293945 -2.2178881168365479 2.5999999046325684,
              -5.9621171951293945 -2.2178881168365479 2.6500000953674316,
              -5.9841675758361816 -2.2009098529815674 2.5999999046325684,
              -5.9841675758361816 -2.2009098529815674 2.6500000953674316,
              -6.0074977874755859 -2.1857373714447021 2.5999999046325684,
              -6.0074977874755859 -2.1857373714447021 2.6500000953674316,
              -6.031959056854248 -2.172466516494751 2.5999999046325684,
              -6.031959056854248 -2.172466516494751 2.6500000953674316,
              -6.0573978424072266 -2.1611807346343994 2.5999999046325684,
              -6.0573978424072266 -2.1611807346343994 2.6500000953674316,
              -6.0836524963378906 -2.1519520282745361 2.5999999046325684,
              -6.0836524963378906 -2.1519520282745361 2.6500000953674316,
              -6.1105575561523438 -2.1448383331298828 2.5999999046325684,
              -6.1105575561523438 -2.1448383331298828 2.6500000953674316,
              -6.1379427909851074 -2.1398847103118896 2.5999999046325684,
              -6.1379427909851074 -2.1398847103118896 2.6500000953674316,
              -6.1656346321105957 -2.1371223926544189 2.5999999046325684,
              -6.1656346321105957 -2.1371223926544189 2.6500000953674316,
              -6.1934585571289062 -2.1365692615509033 2.6500000953674316,
              -6.1934585571289062 -2.1365692615509033 2.5999999046325684,
              -6.2212386131286621 -2.138228178024292 2.5999999046325684,
              -6.2212386131286621 -2.138228178024292 2.6500000953674316,
              -6.2487993240356445 -2.1420891284942627 2.5999999046325684,
              -6.2487993240356445 -2.1420891284942627 2.6500000953674316,
              -6.275965690612793 -2.148127555847168 2.5999999046325684,
              -6.275965690612793 -2.148127555847168 2.6500000953674316,
              -6.3025665283203125 -2.1563053131103516 2.5999999046325684,
              -6.3025665283203125 -2.1563053131103516 2.6500000953674316,
              -6.3284339904785156 -2.1665706634521484 2.5999999046325684,
              -6.3284339904785156 -2.1665706634521484 2.6500000953674316,
              -6.3534035682678223 -2.178858757019043 2.5999999046325684,
              -6.3534035682678223 -2.178858757019043 2.6500000953674316,
              -6.3773183822631836 -2.1930916309356689 2.6500000953674316,
              -6.3773183822631836 -2.1930916309356689 2.5999999046325684,
              -6.4000263214111328 -2.2091796398162842 2.5999999046325684,
              -6.4000263214111328 -2.2091796398162842 2.6500000953674316,
              -6.421384334564209 -2.2270212173461914 2.6500000953674316,
              -6.421384334564209 -2.2270212173461914 2.5999999046325684,
              -6.4412574768066406 -2.2465028762817383 2.5999999046325684,
              -6.4412574768066406 -2.2465028762817383 2.6500000953674316,
              -6.4595198631286621 -2.2675020694732666 2.5999999046325684,
              -6.4595198631286621 -2.2675020694732666 2.6500000953674316,
              -6.4760565757751465 -2.2898859977722168 2.5999999046325684,
              -6.4760565757751465 -2.2898859977722168 2.6500000953674316,
              -6.4907622337341309 -2.3135128021240234 2.5999999046325684,
              -6.4907622337341309 -2.3135128021240234 2.6500000953674316,
              -6.5035443305969238 -2.3382332324981689 2.6500000953674316,
              -6.5035443305969238 -2.3382332324981689 2.5999999046325684,
              -6.5143218040466309 -2.3638911247253418 2.5999999046325684,
              -6.5143218040466309 -2.3638911247253418 2.6500000953674316,
              -6.5230269432067871 -2.3903243541717529 2.5999999046325684,
              -6.5230269432067871 -2.3903243541717529 2.6500000953674316,
              -6.5296039581298828 -2.4173653125762939 2.5999999046325684,
              -6.5296039581298828 -2.4173653125762939 2.6500000953674316,
              -6.5340123176574707 -2.4448435306549072 2.6500000953674316,
              -6.5340123176574707 -2.4448435306549072 2.5999999046325684,
              -6.5362234115600586 -2.4725852012634277 2.5999999046325684,
              -6.5362234115600586 -2.4725852012634277 2.6500000953674316,
              -6.5362234115600586 -2.5004148483276367 2.5999999046325684,
              -6.5362234115600586 -2.5004148483276367 2.6500000953674316,
              -6.5340123176574707 -2.5281562805175781 2.5999999046325684,
              -6.5340123176574707 -2.5281562805175781 2.6500000953674316,
              -6.5296039581298828 -2.5556344985961914 2.5999999046325684,
              -6.5296039581298828 -2.5556344985961914 2.6500000953674316,
              -6.5230269432067871 -2.5826756954193115 2.5999999046325684,
              -6.5230269432067871 -2.5826756954193115 2.6500000953674316,
              -6.5143218040466309 -2.6091086864471436 2.6500000953674316,
              -6.5143218040466309 -2.6091086864471436 2.5999999046325684,
              -6.5035443305969238 -2.6347668170928955 2.5999999046325684,
              -6.5035443305969238 -2.6347668170928955 2.6500000953674316,
              -6.4907622337341309 -2.659487247467041 2.5999999046325684,
              -6.4907622337341309 -2.659487247467041 2.6500000953674316,
              -6.4760565757751465 -2.6831140518188477 2.6500000953674316,
              -6.4760565757751465 -2.6831140518188477 2.5999999046325684,
              -6.4595198631286621 -2.7054977416992188 2.5999999046325684,
              -6.4595198631286621 -2.7054977416992188 2.6500000953674316,
              -6.4412574768066406 -2.7264969348907471 2.6500000953674316,
              -6.4412574768066406 -2.7264969348907471 2.5999999046325684,
              -6.421384334564209 -2.745978832244873 2.5999999046325684,
              -6.421384334564209 -2.745978832244873 2.6500000953674316,
              -6.4000263214111328 -2.7638201713562012 2.6500000953674316,
              -6.4000263214111328 -2.7638201713562012 2.5999999046325684,
              -6.3773183822631836 -2.7799081802368164 2.5999999046325684,
              -6.3773183822631836 -2.7799081802368164 2.6500000953674316,
              -6.3534035682678223 -2.7941412925720215 2.6500000953674316,
              -6.3534035682678223 -2.7941412925720215 2.5999999046325684,
              -6.3284339904785156 -2.806429386138916 2.6500000953674316,
              -6.3284339904785156 -2.806429386138916 2.5999999046325684,
              -6.3025665283203125 -2.8166947364807129 2.6500000953674316,
              -6.3025665283203125 -2.8166947364807129 2.5999999046325684,
              -6.275965690612793 -2.8248724937438965 2.5999999046325684,
              -6.275965690612793 -2.8248724937438965 2.6500000953674316,
              -6.2487993240356445 -2.8309109210968018 2.5999999046325684,
              -6.2487993240356445 -2.8309109210968018 2.6500000953674316,
              -6.2212386131286621 -2.8347718715667725 2.5999999046325684,
              -6.2212386131286621 -2.8347718715667725 2.6500000953674316,
              -6.1934585571289062 -2.8364307880401611 2.6500000953674316,
              -6.1934585571289062 -2.8364307880401611 2.5999999046325684,
              -6.1656346321105957 -2.8358774185180664 2.5999999046325684,
              -6.1656346321105957 -2.8358774185180664 2.6500000953674316,
              -6.1379427909851074 -2.8331153392791748 2.5999999046325684,
              -6.1379427909851074 -2.8331153392791748 2.6500000953674316,
              -6.1105575561523438 -2.8281617164611816 2.5999999046325684,
              -6.1105575561523438 -2.8281617164611816 2.6500000953674316,
              -6.0836524963378906 -2.8210480213165283 2.5999999046325684,
              -6.0836524963378906 -2.8210480213165283 2.6500000953674316,
              -6.0573978424072266 -2.8118190765380859 2.5999999046325684,
              -6.0573978424072266 -2.8118190765380859 2.6500000953674316,
              -6.031959056854248 -2.8005335330963135 2.6500000953674316,
              -6.031959056854248 -2.8005335330963135 2.5999999046325684,
              -6.0074977874755859 -2.7872626781463623 2.6500000953674316,
              -6.0074977874755859 -2.7872626781463623 2.5999999046325684,
              -5.9841675758361816 -2.772089958190918 2.5999999046325684,
              -5.9841675758361816 -2.772089958190918 2.6500000953674316,
              -5.9621171951293945 -2.7551119327545166 2.5999999046325684,
              -5.9621171951293945 -2.7551119327545166 2.6500000953674316,
              -5.9414854049682617 -2.7364356517791748 2.6500000953674316,
              -5.9414854049682617 -2.7364356517791748 2.5999999046325684,
              -5.9224023818969727 -2.7161788940429688 2.6500000953674316,
              -5.9224023818969727 -2.7161788940429688 2.5999999046325684,
              -5.9049892425537109 -2.6944704055786133 2.5999999046325684,
              -5.9049892425537109 -2.6944704055786133 2.6500000953674316,
              -5.8893556594848633 -2.6714468002319336 2.6500000953674316,
              -5.8893556594848633 -2.6714468002319336 2.5999999046325684,
              -5.8756012916564941 -2.6472539901733398 2.5999999046325684,
              -5.8756012916564941 -2.6472539901733398 2.6500000953674316,
              -5.8638119697570801 -2.6220448017120361 2.6500000953674316,
              -5.8638119697570801 -2.6220448017120361 2.5999999046325684,
              -5.8540630340576172 -2.5959787368774414 2.6500000953674316,
              -5.8540630340576172 -2.5959787368774414 2.5999999046325684,
              -5.8464155197143555 -2.5692205429077148 2.5999999046325684,
              -5.8464155197143555 -2.5692205429077148 2.6500000953674316,
              -5.8409185409545898 -2.5419392585754395 2.6500000953674316,
              -5.8409185409545898 -2.5419392585754395 2.5999999046325684,
              -5.8376064300537109 -2.5143074989318848 2.5999999046325684,
              -5.8376064300537109 -2.5143074989318848 2.6500000953674316,
              -5.8365001678466797 -2.4865000247955322 2.5999999046325684,
              -5.8365001678466797 -2.4865000247955322 2.6500000953674316,
              -5.9621171951293945 -2.7551119327545166 2.5999999046325684,
              -5.9841675758361816 -2.772089958190918 2.5999999046325684,
              -6.0074977874755859 -2.7872626781463623 2.5999999046325684,
              -5.9224023818969727 -2.7161788940429688 2.5999999046325684,
              -5.9414854049682617 -2.7364356517791748 2.5999999046325684,
              -6.3773183822631836 -2.1930916309356689 2.5999999046325684,
              -6.421384334564209 -2.2270212173461914 2.5999999046325684,
              -6.4000263214111328 -2.2091796398162842 2.5999999046325684,
              -5.8893556594848633 -2.6714468002319336 2.5999999046325684,
              -5.9049892425537109 -2.6944704055786133 2.5999999046325684,
              -6.3284339904785156 -2.1665706634521484 2.5999999046325684,
              -6.3534035682678223 -2.178858757019043 2.5999999046325684,
              -6.3025665283203125 -2.1563053131103516 2.5999999046325684,
              -5.8540630340576172 -2.5959787368774414 2.5999999046325684,
              -5.8638119697570801 -2.6220448017120361 2.5999999046325684,
              -5.8756012916564941 -2.6472539901733398 2.5999999046325684,
              -6.2487993240356445 -2.1420891284942627 2.5999999046325684,
              -6.275965690612793 -2.148127555847168 2.5999999046325684,
              -5.8409185409545898 -2.5419392585754395 2.5999999046325684,
              -5.8464155197143555 -2.5692205429077148 2.5999999046325684,
              -5.8376064300537109 -2.4586925506591797 2.5999999046325684,
              -5.8365001678466797 -2.4865000247955322 2.5999999046325684,
              -5.8376064300537109 -2.5143074989318848 2.5999999046325684,
              -5.8540630340576172 -2.3770210742950439 2.5999999046325684,
              -5.8409185409545898 -2.431060791015625 2.5999999046325684,
              -5.8464155197143555 -2.4037795066833496 2.5999999046325684,
              -5.9621171951293945 -2.2178881168365479 2.5999999046325684,
              -6.0074977874755859 -2.1857373714447021 2.5999999046325684,
              -5.9841675758361816 -2.2009098529815674 2.5999999046325684,
              -5.9224023818969727 -2.2568209171295166 2.5999999046325684,
              -5.9049892425537109 -2.2785296440124512 2.5999999046325684,
              -5.8893556594848633 -2.3015532493591309 2.5999999046325684,
              -5.9414854049682617 -2.2365643978118896 2.5999999046325684,
              -5.8638119697570801 -2.3509550094604492 2.5999999046325684,
              -5.8756012916564941 -2.3257460594177246 2.5999999046325684,
              -6.031959056854248 -2.172466516494751 2.5999999046325684,
              -6.0573978424072266 -2.1611807346343994 2.5999999046325684,
              -6.0836524963378906 -2.1519520282745361 2.5999999046325684,
              -6.1105575561523438 -2.1448383331298828 2.5999999046325684,
              -6.1379427909851074 -2.1398847103118896 2.5999999046325684,
              -6.1656346321105957 -2.1371223926544189 2.5999999046325684,
              -6.1934585571289062 -2.1365692615509033 2.5999999046325684,
              -6.2212386131286621 -2.138228178024292 2.5999999046325684,
              -6.4412574768066406 -2.2465028762817383 2.5999999046325684,
              -6.4595198631286621 -2.2675020694732666 2.5999999046325684,
              -6.4760565757751465 -2.2898859977722168 2.5999999046325684,
              -6.4907622337341309 -2.3135128021240234 2.5999999046325684,
              -6.5035443305969238 -2.3382332324981689 2.5999999046325684,
              -6.5143218040466309 -2.3638911247253418 2.5999999046325684,
              -6.5230269432067871 -2.3903243541717529 2.5999999046325684,
              -6.5296039581298828 -2.4173653125762939 2.5999999046325684,
              -6.5340123176574707 -2.4448435306549072 2.5999999046325684,
              -6.5362234115600586 -2.4725852012634277 2.5999999046325684,
              -6.5362234115600586 -2.5004148483276367 2.5999999046325684,
              -6.5340123176574707 -2.5281562805175781 2.5999999046325684,
              -6.5296039581298828 -2.5556344985961914 2.5999999046325684,
              -6.5230269432067871 -2.5826756954193115 2.5999999046325684,
              -6.5143218040466309 -2.6091086864471436 2.5999999046325684,
              -6.5035443305969238 -2.6347668170928955 2.5999999046325684,
              -6.4907622337341309 -2.659487247467041 2.5999999046325684,
              -6.4760565757751465 -2.6831140518188477 2.5999999046325684,
              -6.4595198631286621 -2.7054977416992188 2.5999999046325684,
              -6.4412574768066406 -2.7264969348907471 2.5999999046325684,
              -6.421384334564209 -2.745978832244873 2.5999999046325684,
              -6.4000263214111328 -2.7638201713562012 2.5999999046325684,
              -6.3773183822631836 -2.7799081802368164 2.5999999046325684,
              -6.3534035682678223 -2.7941412925720215 2.5999999046325684,
              -6.3284339904785156 -2.806429386138916 2.5999999046325684,
              -6.3025665283203125 -2.8166947364807129 2.5999999046325684,
              -6.275965690612793 -2.8248724937438965 2.5999999046325684,
              -6.2487993240356445 -2.8309109210968018 2.5999999046325684,
              -6.2212386131286621 -2.8347718715667725 2.5999999046325684,
              -6.1934585571289062 -2.8364307880401611 2.5999999046325684,
              -6.1656346321105957 -2.8358774185180664 2.5999999046325684,
              -6.1379427909851074 -2.8331153392791748 2.5999999046325684,
              -6.1105575561523438 -2.8281617164611816 2.5999999046325684,
              -6.0836524963378906 -2.8210480213165283 2.5999999046325684,
              -6.0573978424072266 -2.8118190765380859 2.5999999046325684,
              -6.031959056854248 -2.8005335330963135 2.5999999046325684,
              -5.9621171951293945 -2.7551119327545166 2.6500000953674316,
              -6.0074977874755859 -2.7872626781463623 2.6500000953674316,
              -5.9841675758361816 -2.772089958190918 2.6500000953674316,
              -5.9224023818969727 -2.7161788940429688 2.6500000953674316,
              -5.9414854049682617 -2.7364356517791748 2.6500000953674316,
              -6.3773183822631836 -2.1930916309356689 2.6500000953674316,
              -6.4000263214111328 -2.2091796398162842 2.6500000953674316,
              -6.421384334564209 -2.2270212173461914 2.6500000953674316,
              -5.8893556594848633 -2.6714468002319336 2.6500000953674316,
              -5.9049892425537109 -2.6944704055786133 2.6500000953674316,
              -6.3284339904785156 -2.1665706634521484 2.6500000953674316,
              -6.3534035682678223 -2.178858757019043 2.6500000953674316,
              -6.3025665283203125 -2.1563053131103516 2.6500000953674316,
              -5.8540630340576172 -2.5959787368774414 2.6500000953674316,
              -5.8756012916564941 -2.6472539901733398 2.6500000953674316,
              -5.8638119697570801 -2.6220448017120361 2.6500000953674316,
              -6.2487993240356445 -2.1420891284942627 2.6500000953674316,
              -6.275965690612793 -2.148127555847168 2.6500000953674316,
              -5.8409185409545898 -2.5419392585754395 2.6500000953674316,
              -5.8464155197143555 -2.5692205429077148 2.6500000953674316,
              -5.8376064300537109 -2.4586925506591797 2.6500000953674316,
              -5.8376064300537109 -2.5143074989318848 2.6500000953674316,
              -5.8365001678466797 -2.4865000247955322 2.6500000953674316,
              -5.8540630340576172 -2.3770210742950439 2.6500000953674316,
              -5.8409185409545898 -2.431060791015625 2.6500000953674316,
              -5.8464155197143555 -2.4037795066833496 2.6500000953674316,
              -5.9621171951293945 -2.2178881168365479 2.6500000953674316,
              -5.9841675758361816 -2.2009098529815674 2.6500000953674316,
              -6.0074977874755859 -2.1857373714447021 2.6500000953674316,
              -5.9224023818969727 -2.2568209171295166 2.6500000953674316,
              -5.8893556594848633 -2.3015532493591309 2.6500000953674316,
              -5.9049892425537109 -2.2785296440124512 2.6500000953674316,
              -5.9414854049682617 -2.2365643978118896 2.6500000953674316,
              -5.8638119697570801 -2.3509550094604492 2.6500000953674316,
              -5.8756012916564941 -2.3257460594177246 2.6500000953674316,
              -6.031959056854248 -2.172466516494751 2.6500000953674316,
              -6.0573978424072266 -2.1611807346343994 2.6500000953674316,
              -6.0836524963378906 -2.1519520282745361 2.6500000953674316,
              -6.1105575561523438 -2.1448383331298828 2.6500000953674316,
              -6.1379427909851074 -2.1398847103118896 2.6500000953674316,
              -6.1656346321105957 -2.1371223926544189 2.6500000953674316,
              -6.1934585571289062 -2.1365692615509033 2.6500000953674316,
              -6.2212386131286621 -2.138228178024292 2.6500000953674316,
              -6.4412574768066406 -2.2465028762817383 2.6500000953674316,
              -6.4595198631286621 -2.2675020694732666 2.6500000953674316,
              -6.4760565757751465 -2.2898859977722168 2.6500000953674316,
              -6.4907622337341309 -2.3135128021240234 2.6500000953674316,
              -6.5035443305969238 -2.3382332324981689 2.6500000953674316,
              -6.5143218040466309 -2.3638911247253418 2.6500000953674316,
              -6.5230269432067871 -2.3903243541717529 2.6500000953674316,
              -6.5296039581298828 -2.4173653125762939 2.6500000953674316,
              -6.5340123176574707 -2.4448435306549072 2.6500000953674316,
              -6.5362234115600586 -2.4725852012634277 2.6500000953674316,
              -6.5362234115600586 -2.5004148483276367 2.6500000953674316,
              -6.5340123176574707 -2.5281562805175781 2.6500000953674316,
              -6.5296039581298828 -2.5556344985961914 2.6500000953674316,
              -6.5230269432067871 -2.5826756954193115 2.6500000953674316,
              -6.5143218040466309 -2.6091086864471436 2.6500000953674316,
              -6.5035443305969238 -2.6347668170928955 2.6500000953674316,
              -6.4907622337341309 -2.659487247467041 2.6500000953674316,
              -6.4760565757751465 -2.6831140518188477 2.6500000953674316,
              -6.4595198631286621 -2.7054977416992188 2.6500000953674316,
              -6.4412574768066406 -2.7264969348907471 2.6500000953674316,
              -6.421384334564209 -2.745978832244873 2.6500000953674316,
              -6.4000263214111328 -2.7638201713562012 2.6500000953674316,
              -6.3773183822631836 -2.7799081802368164 2.6500000953674316,
              -6.3534035682678223 -2.7941412925720215 2.6500000953674316,
              -6.3284339904785156 -2.806429386138916 2.6500000953674316,
              -6.3025665283203125 -2.8166947364807129 2.6500000953674316,
              -6.275965690612793 -2.8248724937438965 2.6500000953674316,
              -6.2487993240356445 -2.8309109210968018 2.6500000953674316,
              -6.2212386131286621 -2.8347718715667725 2.6500000953674316,
              -6.1934585571289062 -2.8364307880401611 2.6500000953674316,
              -6.1656346321105957 -2.8358774185180664 2.6500000953674316,
              -6.1379427909851074 -2.8331153392791748 2.6500000953674316,
              -6.1105575561523438 -2.8281617164611816 2.6500000953674316,
              -6.0836524963378906 -2.8210480213165283 2.6500000953674316,
              -6.0573978424072266 -2.8118190765380859 2.6500000953674316,
              -6.031959056854248 -2.8005335330963135 2.6500000953674316,
              ]
            }
            normal DEF VTKnormals Normal {
              vector [
           0.99683886766433716 0.079450167715549469 -0,
           1 -0 -0,
           1 -0 -0,
           0.99683886766433716 0.079450167715549469 -0,
           0.98737531900405884 0.15839801728725433 -0,
           0.98737531900405884 0.15839801728725433 -0,
           0.97166931629180908 0.23634444177150726 -0,
           0.97166931629180908 0.23634444177150726 -0,
           0.94982016086578369 0.31279659271240234 -0,
           0.94982016086578369 0.31279659271240234 -0,
           0.9219658374786377 0.38727116584777832 -0,
           0.9219658374786377 0.38727116584777832 -0,
           0.88828259706497192 0.4592972993850708 -0,
           0.88828259706497192 0.4592972993850708 -0,
           0.84898334741592407 0.52841955423355103 -0,
           0.84898334741592407 0.52841955423355103 -0,
           0.80431658029556274 0.59420102834701538 -0,
           0.80431658029556274 0.59420102834701538 -0,
           0.75456464290618896 0.65622574090957642 -0,
           0.75456464290618896 0.65622574090957642 -0,
           0.70004206895828247 0.71410161256790161 -0,
           0.70004206895828247 0.71410161256790161 -0,
           0.64109361171722412 0.76746267080307007 -0,
           0.64109361171722412 0.76746267080307007 -0,
           0.57809197902679443 0.81597161293029785 -0,
           0.57809197902679443 0.81597161293029785 -0,
           0.51143550872802734 0.85932165384292603 -0,
           0.51143550872802734 0.85932165384292603 -0,
           0.44154548645019531 0.89723885059356689 -0,
           0.44154548645019531 0.89723885059356689 -0,
           0.36886391043663025 0.92948341369628906 -0,
           0.36886391043663025 0.92948341369628906 -0,
           0.29385027289390564 0.95585143566131592 -0,
           0.29385027289390564 0.95585143566131592 -0,
           0.21697880327701569 0.97617632150650024 -0,
           0.21697880327701569 0.97617632150650024 -0,
           0.13873553276062012 0.99032944440841675 -0,
           0.13873553276062012 0.99032944440841675 -0,
           0.059615124017000198 0.99822145700454712 -0,
           0.059615124017000198 0.99822145700454712 -0,
           -0.019882187247276306 0.9998023509979248 -0,
           -0.019882187247276306 0.9998023509979248 -0,
           -0.09925379604101181 0.99506217241287231 -0,
           -0.09925379604101181 0.99506217241287231 -0,
           -0.1779979020357132 0.98403084278106689 -0,
           -0.1779979020357132 0.98403084278106689 -0,
           -0.25561663508415222 0.9667782187461853 -0,
           -0.25561663508415222 0.9667782187461853 -0,
           -0.33161929249763489 0.94341331720352173 -0,
           -0.33161929249763489 0.94341331720352173 -0,
           -0.4055253267288208 0.91408383846282959 -0,
           -0.4055253267288208 0.91408383846282959 -0,
           -0.47686749696731567 0.87897521257400513 -0,
           -0.47686749696731567 0.87897521257400513 -0,
           -0.54519474506378174 0.83830940723419189 -0,
           -0.54519474506378174 0.83830940723419189 -0,
           -0.61007517576217651 0.79234355688095093 -0,
           -0.61007517576217651 0.79234355688095093 -0,
           -0.67109841108322144 0.74136823415756226 -0,
           -0.67109841108322144 0.74136823415756226 -0,
           -0.72787880897521973 0.68570578098297119 -0,
           -0.72787880897521973 0.68570578098297119 -0,
           -0.78005731105804443 0.62570810317993164 -0,
           -0.78005731105804443 0.62570810317993164 -0,
           -0.82730400562286377 0.56175440549850464 -0,
           -0.82730400562286377 0.56175440549850464 -0,
           -0.86932027339935303 0.49424919486045837 -0,
           -0.86932027339935303 0.49424919486045837 -0,
           -0.90584039688110352 0.42361915111541748 -0,
           -0.90584039688110352 0.42361915111541748 -0,
           -0.93663346767425537 0.35031086206436157 -0,
           -0.93663346767425537 0.35031086206436157 -0,
           -0.96150487661361694 0.2747877836227417 -0,
           -0.96150487661361694 0.2747877836227417 -0,
           -0.98029738664627075 0.19752739369869232 -0,
           -0.98029738664627075 0.19752739369869232 -0,
           -0.99289208650588989 0.11901818960905075 -0,
           -0.99289208650588989 0.11901818960905075 -0,
           -0.99920940399169922 0.039756514132022858 -0,
           -0.99920940399169922 0.039756514132022858 -0,
           -0.99920940399169922 -0.039756514132022858 0,
           -0.99920940399169922 -0.039756514132022858 0,
           -0.99289208650588989 -0.11901818960905075 0,
           -0.99289208650588989 -0.11901818960905075 0,
           -0.98029738664627075 -0.19752739369869232 0,
           -0.98029738664627075 -0.19752739369869232 0,
           -0.96150487661361694 -0.2747877836227417 0,
           -0.96150487661361694 -0.2747877836227417 0,
           -0.93663346767425537 -0.35031086206436157 0,
           -0.93663346767425537 -0.35031086206436157 0,
           -0.90584039688110352 -0.42361915111541748 0,
           -0.90584039688110352 -0.42361915111541748 0,
           -0.86932027339935303 -0.49424919486045837 0,
           -0.86932027339935303 -0.49424919486045837 0,
           -0.82730400562286377 -0.56175440549850464 0,
           -0.82730400562286377 -0.56175440549850464 0,
           -0.78005731105804443 -0.62570810317993164 0,
           -0.78005731105804443 -0.62570810317993164 0,
           -0.72787880897521973 -0.68570578098297119 0,
           -0.72787880897521973 -0.68570578098297119 0,
           -0.67109841108322144 -0.74136823415756226 0,
           -0.67109841108322144 -0.74136823415756226 0,
           -0.61007517576217651 -0.79234355688095093 0,
           -0.61007517576217651 -0.79234355688095093 0,
           -0.54519474506378174 -0.83830940723419189 0,
           -0.54519474506378174 -0.83830940723419189 0,
           -0.47686749696731567 -0.87897521257400513 0,
           -0.47686749696731567 -0.87897521257400513 0,
           -0.4055253267288208 -0.91408383846282959 0,
           -0.4055253267288208 -0.91408383846282959 0,
           -0.33161929249763489 -0.94341331720352173 0,
           -0.33161929249763489 -0.94341331720352173 0,
           -0.25561663508415222 -0.9667782187461853 0,
           -0.25561663508415222 -0.9667782187461853 0,
           -0.1779979020357132 -0.98403084278106689 0,
           -0.1779979020357132 -0.98403084278106689 0,
           -0.09925379604101181 -0.99506217241287231 0,
           -0.09925379604101181 -0.99506217241287231 0,
           -0.019882187247276306 -0.9998023509979248 0,
           -0.019882187247276306 -0.9998023509979248 0,
           0.059615124017000198 -0.99822145700454712 -0,
           0.059615124017000198 -0.99822145700454712 -0,
           0.13873553276062012 -0.99032944440841675 -0,
           0.13873553276062012 -0.99032944440841675 -0,
           0.21697880327701569 -0.97617632150650024 -0,
           0.21697880327701569 -0.97617632150650024 -0,
           0.29385027289390564 -0.95585143566131592 -0,
           0.29385027289390564 -0.95585143566131592 -0,
           0.36886391043663025 -0.92948341369628906 -0,
           0.36886391043663025 -0.92948341369628906 -0,
           0.44154548645019531 -0.89723885059356689 -0,
           0.44154548645019531 -0.89723885059356689 -0,
           0.51143550872802734 -0.85932165384292603 -0,
           0.51143550872802734 -0.85932165384292603 -0,
           0.57809197902679443 -0.81597161293029785 -0,
           0.57809197902679443 -0.81597161293029785 -0,
           0.64109361171722412 -0.76746267080307007 -0,
           0.64109361171722412 -0.76746267080307007 -0,
           0.70004206895828247 -0.71410161256790161 -0,
           0.70004206895828247 -0.71410161256790161 -0,
           0.75456464290618896 -0.65622574090957642 -0,
           0.75456464290618896 -0.65622574090957642 -0,
           0.80431658029556274 -0.59420102834701538 -0,
           0.80431658029556274 -0.59420102834701538 -0,
           0.84898334741592407 -0.52841955423355103 -0,
           0.84898334741592407 -0.52841955423355103 -0,
           0.88828259706497192 -0.4592972993850708 -0,
           0.88828259706497192 -0.4592972993850708 -0,
           0.9219658374786377 -0.38727116584777832 -0,
           0.9219658374786377 -0.38727116584777832 -0,
           0.94982016086578369 -0.31279659271240234 -0,
           0.94982016086578369 -0.31279659271240234 -0,
           0.97166931629180908 -0.23634444177150726 -0,
           0.97166931629180908 -0.23634444177150726 -0,
           0.98737531900405884 -0.15839801728725433 -0,
           0.98737531900405884 -0.15839801728725433 -0,
           0.99683886766433716 -0.079450167715549469 -0,
           0.99683886766433716 -0.079450167715549469 -0,
           1 -2.4492937051703357e-16 -0,
           1 -2.4492937051703357e-16 -0,
           -0 -0 -1,
           -0 -0 -1,
           -0 -0 -1,
           -0 -0 -1,
           -0 -0 -1,
           -0 -0 -1,
           -0 -0 -1,
           -0 -0 -1,
           -0 -0 -1,
           -0 -0 -1,
           -0 -0 -1,
           -0 -0 -1,
           -0 -0 -1,
           -0 -0 -1,
           -0 -0 -1,
           -0 -0 -1,
           -0 -0 -1,
           -0 -0 -1,
           -0 -0 -1,
           -0 -0 -1,
           -0 -0 -1,
           -0 -0 -1,
           -0 -0 -1,
           -0 -0 -1,
           -0 -0 -1,
           -0 -0 -1,
           -0 -0 -1,
           -0 -0 -1,
           -0 -0 -1,
           -0 -0 -1,
           -0 -0 -1,
           -0 -0 -1,
           -0 -0 -1,
           -0 -0 -1,
           -0 -0 -1,
           -0 -0 -1,
           -0 -0 -1,
           -0 -0 -1,
           -0 -0 -1,
           -0 -0 -1,
           -0 -0 -1,
           -0 -0 -1,
           -0 -0 -1,
           -0 -0 -1,
           -0 -0 -1,
           -0 -0 -1,
           -0 -0 -1,
           -0 -0 -1,
           -0 -0 -1,
           -0 -0 -1,
           -0 -0 -1,
           -0 -0 -1,
           -0 -0 -1,
           -0 -0 -1,
           -0 -0 -1,
           -0 -0 -1,
           -0 -0 -1,
           -0 -0 -1,
           -0 -0 -1,
           -0 -0 -1,
           -0 -0 -1,
           -0 -0 -1,
           -0 -0 -1,
           -0 -0 -1,
           -0 -0 -1,
           -0 -0 -1,
           -0 -0 -1,
           -0 -0 -1,
           -0 -0 -1,
           -0 -0 -1,
           -0 -0 -1,
           -0 -0 -1,
           -0 -0 -1,
           -0 -0 -1,
           -0 -0 -1,
           -0 -0 -1,
           -0 -0 -1,
           -0 -0 -1,
           -0 -0 -1,
           0 0 1,
           0 0 1,
           0 0 1,
           0 0 1,
           0 0 1,
           0 0 1,
           0 0 1,
           0 0 1,
           0 0 1,
           0 0 1,
           0 0 1,
           0 0 1,
           0 0 1,
           0 0 1,
           0 0 1,
           0 0 1,
           0 0 1,
           0 0 1,
           0 0 1,
           0 0 1,
           0 0 1,
           0 0 1,
           0 0 1,
           0 0 1,
           0 0 1,
           0 0 1,
           0 0 1,
           0 0 1,
           0 0 1,
           0 0 1,
           0 0 1,
           0 0 1,
           0 0 1,
           0 0 1,
           0 0 1,
           0 0 1,
           0 0 1,
           0 0 1,
           0 0 1,
           0 0 1,
           0 0 1,
           0 0 1,
           0 0 1,
           0 0 1,
           0 0 1,
           0 0 1,
           0 0 1,
           0 0 1,
           0 0 1,
           0 0 1,
           0 0 1,
           0 0 1,
           0 0 1,
           0 0 1,
           0 0 1,
           0 0 1,
           0 0 1,
           0 0 1,
           0 0 1,
           0 0 1,
           0 0 1,
           0 0 1,
           0 0 1,
           0 0 1,
           0 0 1,
           0 0 1,
           0 0 1,
           0 0 1,
           0 0 1,
           0 0 1,
           0 0 1,
           0 0 1,
           0 0 1,
           0 0 1,
           0 0 1,
           0 0 1,
           0 0 1,
           0 0 1,
           0 0 1,
            ]
          }
            coordIndex  [
              0, 1, 2, -1,
              0, 3, 1, -1,
              4, 5, 3, -1,
              4, 3, 0, -1,
              6, 7, 5, -1,
              6, 5, 4, -1,
              8, 9, 7, -1,
              8, 7, 6, -1,
              10, 11, 9, -1,
              10, 9, 8, -1,
              12, 13, 11, -1,
              12, 11, 10, -1,
              14, 15, 13, -1,
              14, 13, 12, -1,
              16, 17, 15, -1,
              16, 15, 14, -1,
              18, 19, 17, -1,
              18, 17, 16, -1,
              20, 19, 18, -1,
              20, 21, 19, -1,
              22, 21, 20, -1,
              22, 23, 21, -1,
              24, 23, 22, -1,
              24, 25, 23, -1,
              26, 27, 25, -1,
              26, 25, 24, -1,
              28, 29, 27, -1,
              28, 27, 26, -1,
              30, 31, 29, -1,
              30, 29, 28, -1,
              32, 33, 31, -1,
              32, 31, 30, -1,
              34, 35, 33, -1,
              34, 33, 32, -1,
              36, 37, 35, -1,
              36, 35, 34, -1,
              38, 39, 37, -1,
              38, 40, 39, -1,
              38, 37, 36, -1,
              41, 40, 38, -1,
              42, 43, 40, -1,
              42, 40, 41, -1,
              44, 45, 43, -1,
              44, 43, 42, -1,
              46, 47, 45, -1,
              46, 45, 44, -1,
              48, 49, 47, -1,
              48, 47, 46, -1,
              50, 51, 49, -1,
              50, 49, 48, -1,
              52, 53, 51, -1,
              52, 54, 53, -1,
              52, 51, 50, -1,
              55, 54, 52, -1,
              56, 57, 54, -1,
              56, 58, 57, -1,
              56, 54, 55, -1,
              59, 58, 56, -1,
              60, 61, 58, -1,
              60, 58, 59, -1,
              62, 63, 61, -1,
              62, 61, 60, -1,
              64, 65, 63, -1,
              64, 63, 62, -1,
              66, 67, 65, -1,
              66, 68, 67, -1,
              66, 65, 64, -1,
              69, 68, 66, -1,
              70, 68, 69, -1,
              70, 71, 68, -1,
              72, 71, 70, -1,
              72, 73, 71, -1,
              74, 73, 72, -1,
              74, 75, 73, -1,
              74, 76, 75, -1,
              77, 76, 74, -1,
              78, 76, 77, -1,
              78, 79, 76, -1,
              80, 79, 78, -1,
              80, 81, 79, -1,
              82, 81, 80, -1,
              82, 83, 81, -1,
              84, 83, 82, -1,
              84, 85, 83, -1,
              86, 85, 84, -1,
              86, 87, 85, -1,
              86, 88, 87, -1,
              89, 88, 86, -1,
              90, 88, 89, -1,
              90, 91, 88, -1,
              92, 91, 90, -1,
              92, 93, 91, -1,
              92, 94, 93, -1,
              95, 94, 92, -1,
              96, 97, 94, -1,
              96, 98, 97, -1,
              96, 94, 95, -1,
              99, 98, 96, -1,
              100, 101, 98, -1,
              100, 102, 101, -1,
              100, 98, 99, -1,
              103, 102, 100, -1,
              104, 105, 102, -1,
              104, 106, 105, -1,
              104, 102, 103, -1,
              107, 108, 106, -1,
              107, 106, 104, -1,
              109, 110, 108, -1,
              109, 108, 107, -1,
              111, 110, 109, -1,
              112, 113, 110, -1,
              112, 110, 111, -1,
              114, 115, 113, -1,
              114, 113, 112, -1,
              116, 117, 115, -1,
              116, 118, 117, -1,
              116, 115, 114, -1,
              119, 118, 116, -1,
              120, 118, 119, -1,
              120, 121, 118, -1,
              122, 121, 120, -1,
              122, 123, 121, -1,
              124, 123, 122, -1,
              124, 125, 123, -1,
              126, 125, 124, -1,
              126, 127, 125, -1,
              128, 127, 126, -1,
              128, 129, 127, -1,
              128, 130, 129, -1,
              131, 132, 130, -1,
              131, 130, 128, -1,
              133, 132, 131, -1,
              134, 132, 133, -1,
              134, 135, 132, -1,
              136, 135, 134, -1,
              136, 137, 135, -1,
              136, 138, 137, -1,
              139, 138, 136, -1,
              139, 140, 138, -1,
              141, 140, 139, -1,
              142, 140, 141, -1,
              142, 143, 140, -1,
              142, 144, 143, -1,
              145, 144, 142, -1,
              146, 144, 145, -1,
              146, 147, 144, -1,
              146, 148, 147, -1,
              149, 148, 146, -1,
              149, 150, 148, -1,
              151, 150, 149, -1,
              152, 150, 151, -1,
              152, 153, 150, -1,
              152, 154, 153, -1,
              155, 154, 152, -1,
              156, 154, 155, -1,
              156, 157, 154, -1,
              158, 157, 156, -1,
              158, 159, 157, -1,
              160, 161, 162, -1,
              163, 164, 160, -1,
              165, 166, 167, -1,
              168, 163, 160, -1,
              168, 169, 163, -1,
              170, 165, 171, -1,
              172, 165, 170, -1,
              173, 174, 175, -1,
              176, 172, 177, -1,
              178, 179, 173, -1,
              180, 181, 182, -1,
              183, 184, 180, -1,
              183, 185, 184, -1,
              186, 187, 188, -1,
              189, 190, 191, -1,
              192, 168, 160, -1,
              192, 180, 182, -1,
              192, 193, 183, -1,
              192, 183, 180, -1,
              192, 194, 193, -1,
              192, 191, 194, -1,
              192, 195, 187, -1,
              192, 196, 195, -1,
              192, 197, 196, -1,
              192, 198, 197, -1,
              192, 199, 198, -1,
              192, 200, 199, -1,
              192, 201, 200, -1,
              192, 202, 201, -1,
              192, 176, 202, -1,
              192, 187, 186, -1,
              192, 203, 166, -1,
              192, 204, 203, -1,
              192, 205, 204, -1,
              192, 206, 205, -1,
              192, 207, 206, -1,
              192, 208, 207, -1,
              192, 209, 208, -1,
              192, 210, 209, -1,
              192, 211, 210, -1,
              192, 212, 211, -1,
              192, 213, 212, -1,
              192, 214, 213, -1,
              192, 215, 214, -1,
              192, 216, 215, -1,
              192, 217, 216, -1,
              192, 218, 217, -1,
              192, 219, 218, -1,
              192, 220, 219, -1,
              192, 221, 220, -1,
              192, 222, 221, -1,
              192, 223, 222, -1,
              192, 224, 223, -1,
              192, 225, 224, -1,
              192, 226, 225, -1,
              192, 227, 226, -1,
              192, 228, 227, -1,
              192, 229, 228, -1,
              192, 230, 229, -1,
              192, 160, 162, -1,
              192, 231, 230, -1,
              192, 232, 231, -1,
              192, 233, 232, -1,
              192, 234, 233, -1,
              192, 235, 234, -1,
              192, 236, 235, -1,
              192, 237, 236, -1,
              192, 166, 165, -1,
              192, 238, 237, -1,
              192, 162, 238, -1,
              192, 165, 172, -1,
              192, 175, 168, -1,
              192, 182, 178, -1,
              192, 173, 175, -1,
              192, 178, 173, -1,
              192, 172, 176, -1,
              192, 189, 191, -1,
              239, 240, 241, -1,
              242, 239, 243, -1,
              244, 245, 246, -1,
              247, 239, 242, -1,
              247, 242, 248, -1,
              249, 250, 244, -1,
              251, 249, 244, -1,
              252, 253, 254, -1,
              255, 256, 251, -1,
              257, 252, 258, -1,
              259, 260, 261, -1,
              262, 259, 263, -1,
              262, 263, 264, -1,
              265, 266, 267, -1,
              268, 269, 270, -1,
              271, 239, 247, -1,
              271, 260, 259, -1,
              271, 262, 272, -1,
              271, 259, 262, -1,
              271, 272, 273, -1,
              271, 273, 269, -1,
              271, 267, 274, -1,
              271, 274, 275, -1,
              271, 275, 276, -1,
              271, 276, 277, -1,
              271, 277, 278, -1,
              271, 278, 279, -1,
              271, 279, 280, -1,
              271, 280, 281, -1,
              271, 281, 255, -1,
              271, 265, 267, -1,
              271, 246, 282, -1,
              271, 282, 283, -1,
              271, 283, 284, -1,
              271, 284, 285, -1,
              271, 285, 286, -1,
              271, 286, 287, -1,
              271, 287, 288, -1,
              271, 288, 289, -1,
              271, 289, 290, -1,
              271, 290, 291, -1,
              271, 291, 292, -1,
              271, 292, 293, -1,
              271, 293, 294, -1,
              271, 294, 295, -1,
              271, 295, 296, -1,
              271, 296, 297, -1,
              271, 297, 298, -1,
              271, 298, 299, -1,
              271, 299, 300, -1,
              271, 300, 301, -1,
              271, 301, 302, -1,
              271, 302, 303, -1,
              271, 303, 304, -1,
              271, 304, 305, -1,
              271, 305, 306, -1,
              271, 306, 307, -1,
              271, 307, 308, -1,
              271, 308, 309, -1,
              271, 240, 239, -1,
              271, 309, 310, -1,
              271, 310, 311, -1,
              271, 311, 312, -1,
              271, 312, 313, -1,
              271, 313, 314, -1,
              271, 314, 315, -1,
              271, 315, 316, -1,
              271, 244, 246, -1,
              271, 316, 317, -1,
              271, 317, 240, -1,
              271, 251, 244, -1,
              271, 247, 253, -1,
              271, 257, 260, -1,
              271, 253, 252, -1,
              271, 252, 257, -1,
              271, 255, 251, -1,
              271, 269, 268, -1,
            ]
          }
        }
      ]
    }
    Transform {
      translation 0 0 0
      rotation 0 0 1 0
      scale 1 1 1
      children [
        Shape {
          appearance Appearance {
            material Material {
              ambientIntensity 0
              emissiveColor 0 0 0
              diffuseColor 1 1 1
              specularColor 0 0 0
              shininess 0.0078125
              transparency 0
              }
            }
          geometry IndexedLineSet {
            coord DEF VTKcoordinates Coordinate {
              point [
              -5.8365001678466797 -2.4865000247955322 2.5999999046325684,
              -5.8365001678466797 -2.4865000247955322 2.6500000953674316,
              -5.8365001678466797 -2.4865000247955322 2.5999999046325684,
              -5.8365001678466797 -2.4865000247955322 2.6500000953674316,
              -5.8365001678466797 -2.4865000247955322 2.5999999046325684,
              -5.8376064300537109 -2.4586925506591797 2.5999999046325684,
              -5.8409185409545898 -2.431060791015625 2.5999999046325684,
              -5.8464155197143555 -2.4037795066833496 2.5999999046325684,
              -5.8540630340576172 -2.3770210742950439 2.5999999046325684,
              -5.8638119697570801 -2.3509550094604492 2.5999999046325684,
              -5.8756012916564941 -2.3257460594177246 2.5999999046325684,
              -5.8893556594848633 -2.3015532493591309 2.5999999046325684,
              -5.9049892425537109 -2.2785296440124512 2.5999999046325684,
              -5.9224023818969727 -2.2568209171295166 2.5999999046325684,
              -5.9414854049682617 -2.2365643978118896 2.5999999046325684,
              -5.9621171951293945 -2.2178881168365479 2.5999999046325684,
              -5.9841675758361816 -2.2009098529815674 2.5999999046325684,
              -6.0074977874755859 -2.1857373714447021 2.5999999046325684,
              -6.031959056854248 -2.172466516494751 2.5999999046325684,
              -6.0573978424072266 -2.1611807346343994 2.5999999046325684,
              -6.0836524963378906 -2.1519520282745361 2.5999999046325684,
              -6.1105575561523438 -2.1448383331298828 2.5999999046325684,
              -6.1379427909851074 -2.1398847103118896 2.5999999046325684,
              -6.1656346321105957 -2.1371223926544189 2.5999999046325684,
              -6.1934585571289062 -2.1365692615509033 2.5999999046325684,
              -6.2212386131286621 -2.138228178024292 2.5999999046325684,
              -6.2487993240356445 -2.1420891284942627 2.5999999046325684,
              -6.275965690612793 -2.148127555847168 2.5999999046325684,
              -6.3025665283203125 -2.1563053131103516 2.5999999046325684,
              -6.3284339904785156 -2.1665706634521484 2.5999999046325684,
              -6.3534035682678223 -2.178858757019043 2.5999999046325684,
              -6.3773183822631836 -2.1930916309356689 2.5999999046325684,
              -6.4000263214111328 -2.2091796398162842 2.5999999046325684,
              -6.421384334564209 -2.2270212173461914 2.5999999046325684,
              -6.4412574768066406 -2.2465028762817383 2.5999999046325684,
              -6.4595198631286621 -2.2675020694732666 2.5999999046325684,
              -6.4760565757751465 -2.2898859977722168 2.5999999046325684,
              -6.4907622337341309 -2.3135128021240234 2.5999999046325684,
              -6.5035443305969238 -2.3382332324981689 2.5999999046325684,
              -6.5143218040466309 -2.3638911247253418 2.5999999046325684,
              -6.5230269432067871 -2.3903243541717529 2.5999999046325684,
              -6.5296039581298828 -2.4173653125762939 2.5999999046325684,
              -6.5340123176574707 -2.4448435306549072 2.5999999046325684,
              -6.5362234115600586 -2.4725852012634277 2.5999999046325684,
              -6.5362234115600586 -2.5004148483276367 2.5999999046325684,
              -6.5340123176574707 -2.5281562805175781 2.5999999046325684,
              -6.5296039581298828 -2.5556344985961914 2.5999999046325684,
              -6.5230269432067871 -2.5826756954193115 2.5999999046325684,
              -6.5143218040466309 -2.6091086864471436 2.5999999046325684,
              -6.5035443305969238 -2.6347668170928955 2.5999999046325684,
              -6.4907622337341309 -2.659487247467041 2.5999999046325684,
              -6.4760565757751465 -2.6831140518188477 2.5999999046325684,
              -6.4595198631286621 -2.7054977416992188 2.5999999046325684,
              -6.4412574768066406 -2.7264969348907471 2.5999999046325684,
              -6.421384334564209 -2.745978832244873 2.5999999046325684,
              -6.4000263214111328 -2.7638201713562012 2.5999999046325684,
              -6.3773183822631836 -2.7799081802368164 2.5999999046325684,
              -6.3534035682678223 -2.7941412925720215 2.5999999046325684,
              -6.3284339904785156 -2.806429386138916 2.5999999046325684,
              -6.3025665283203125 -2.8166947364807129 2.5999999046325684,
              -6.275965690612793 -2.8248724937438965 2.5999999046325684,
              -6.2487993240356445 -2.8309109210968018 2.5999999046325684,
              -6.2212386131286621 -2.8347718715667725 2.5999999046325684,
              -6.1934585571289062 -2.8364307880401611 2.5999999046325684,
              -6.1656346321105957 -2.8358774185180664 2.5999999046325684,
              -6.1379427909851074 -2.8331153392791748 2.5999999046325684,
              -6.1105575561523438 -2.8281617164611816 2.5999999046325684,
              -6.0836524963378906 -2.8210480213165283 2.5999999046325684,
              -6.0573978424072266 -2.8118190765380859 2.5999999046325684,
              -6.031959056854248 -2.8005335330963135 2.5999999046325684,
              -6.0074977874755859 -2.7872626781463623 2.5999999046325684,
              -5.9841675758361816 -2.772089958190918 2.5999999046325684,
              -5.9621171951293945 -2.7551119327545166 2.5999999046325684,
              -5.9414854049682617 -2.7364356517791748 2.5999999046325684,
              -5.9224023818969727 -2.7161788940429688 2.5999999046325684,
              -5.9049892425537109 -2.6944704055786133 2.5999999046325684,
              -5.8893556594848633 -2.6714468002319336 2.5999999046325684,
              -5.8756012916564941 -2.6472539901733398 2.5999999046325684,
              -5.8638119697570801 -2.6220448017120361 2.5999999046325684,
              -5.8540630340576172 -2.5959787368774414 2.5999999046325684,
              -5.8464155197143555 -2.5692205429077148 2.5999999046325684,
              -5.8409185409545898 -2.5419392585754395 2.5999999046325684,
              -5.8376064300537109 -2.5143074989318848 2.5999999046325684,
              -5.8365001678466797 -2.4865000247955322 2.5999999046325684,
              -5.8365001678466797 -2.4865000247955322 2.6500000953674316,
              -5.8376064300537109 -2.4586925506591797 2.6500000953674316,
              -5.8409185409545898 -2.431060791015625 2.6500000953674316,
              -5.8464155197143555 -2.4037795066833496 2.6500000953674316,
              -5.8540630340576172 -2.3770210742950439 2.6500000953674316,
              -5.8638119697570801 -2.3509550094604492 2.6500000953674316,
              -5.8756012916564941 -2.3257460594177246 2.6500000953674316,
              -5.8893556594848633 -2.3015532493591309 2.6500000953674316,
              -5.9049892425537109 -2.2785296440124512 2.6500000953674316,
              -5.9224023818969727 -2.2568209171295166 2.6500000953674316,
              -5.9414854049682617 -2.2365643978118896 2.6500000953674316,
              -5.9621171951293945 -2.2178881168365479 2.6500000953674316,
              -5.9841675758361816 -2.2009098529815674 2.6500000953674316,
              -6.0074977874755859 -2.1857373714447021 2.6500000953674316,
              -6.031959056854248 -2.172466516494751 2.6500000953674316,
              -6.0573978424072266 -2.1611807346343994 2.6500000953674316,
              -6.0836524963378906 -2.1519520282745361 2.6500000953674316,
              -6.1105575561523438 -2.1448383331298828 2.6500000953674316,
              -6.1379427909851074 -2.1398847103118896 2.6500000953674316,
              -6.1656346321105957 -2.1371223926544189 2.6500000953674316,
              -6.1934585571289062 -2.1365692615509033 2.6500000953674316,
              -6.2212386131286621 -2.138228178024292 2.6500000953674316,
              -6.2487993240356445 -2.1420891284942627 2.6500000953674316,
              -6.275965690612793 -2.148127555847168 2.6500000953674316,
              -6.3025665283203125 -2.1563053131103516 2.6500000953674316,
              -6.3284339904785156 -2.1665706634521484 2.6500000953674316,
              -6.3534035682678223 -2.178858757019043 2.6500000953674316,
              -6.3773183822631836 -2.1930916309356689 2.6500000953674316,
              -6.4000263214111328 -2.2091796398162842 2.6500000953674316,
              -6.421384334564209 -2.2270212173461914 2.6500000953674316,
              -6.4412574768066406 -2.2465028762817383 2.6500000953674316,
              -6.4595198631286621 -2.2675020694732666 2.6500000953674316,
              -6.4760565757751465 -2.2898859977722168 2.6500000953674316,
              -6.4907622337341309 -2.3135128021240234 2.6500000953674316,
              -6.5035443305969238 -2.3382332324981689 2.6500000953674316,
              -6.5143218040466309 -2.3638911247253418 2.6500000953674316,
              -6.5230269432067871 -2.3903243541717529 2.6500000953674316,
              -6.5296039581298828 -2.4173653125762939 2.6500000953674316,
              -6.5340123176574707 -2.4448435306549072 2.6500000953674316,
              -6.5362234115600586 -2.4725852012634277 2.6500000953674316,
              -6.5362234115600586 -2.5004148483276367 2.6500000953674316,
              -6.5340123176574707 -2.5281562805175781 2.6500000953674316,
              -6.5296039581298828 -2.5556344985961914 2.6500000953674316,
              -6.5230269432067871 -2.5826756954193115 2.6500000953674316,
              -6.5143218040466309 -2.6091086864471436 2.6500000953674316,
              -6.5035443305969238 -2.6347668170928955 2.6500000953674316,
              -6.4907622337341309 -2.659487247467041 2.6500000953674316,
              -6.4760565757751465 -2.6831140518188477 2.6500000953674316,
              -6.4595198631286621 -2.7054977416992188 2.6500000953674316,
              -6.4412574768066406 -2.7264969348907471 2.6500000953674316,
              -6.421384334564209 -2.745978832244873 2.6500000953674316,
              -6.4000263214111328 -2.7638201713562012 2.6500000953674316,
              -6.3773183822631836 -2.7799081802368164 2.6500000953674316,
              -6.3534035682678223 -2.7941412925720215 2.6500000953674316,
              -6.3284339904785156 -2.806429386138916 2.6500000953674316,
              -6.3025665283203125 -2.8166947364807129 2.6500000953674316,
              -6.275965690612793 -2.8248724937438965 2.6500000953674316,
              -6.2487993240356445 -2.8309109210968018 2.6500000953674316,
              -6.2212386131286621 -2.8347718715667725 2.6500000953674316,
              -6.1934585571289062 -2.8364307880401611 2.6500000953674316,
              -6.1656346321105957 -2.8358774185180664 2.6500000953674316,
              -6.1379427909851074 -2.8331153392791748 2.6500000953674316,
              -6.1105575561523438 -2.8281617164611816 2.6500000953674316,
              -6.0836524963378906 -2.8210480213165283 2.6500000953674316,
              -6.0573978424072266 -2.8118190765380859 2.6500000953674316,
              -6.031959056854248 -2.8005335330963135 2.6500000953674316,
              -6.0074977874755859 -2.7872626781463623 2.6500000953674316,
              -5.9841675758361816 -2.772089958190918 2.6500000953674316,
              -5.9621171951293945 -2.7551119327545166 2.6500000953674316,
              -5.9414854049682617 -2.7364356517791748 2.6500000953674316,
              -5.9224023818969727 -2.7161788940429688 2.6500000953674316,
              -5.9049892425537109 -2.6944704055786133 2.6500000953674316,
              -5.8893556594848633 -2.6714468002319336 2.6500000953674316,
              -5.8756012916564941 -2.6472539901733398 2.6500000953674316,
              -5.8638119697570801 -2.6220448017120361 2.6500000953674316,
              -5.8540630340576172 -2.5959787368774414 2.6500000953674316,
              -5.8464155197143555 -2.5692205429077148 2.6500000953674316,
              -5.8409185409545898 -2.5419392585754395 2.6500000953674316,
              -5.8376064300537109 -2.5143074989318848 2.6500000953674316,
              -5.8365001678466797 -2.4865000247955322 2.6500000953674316,
              -5.8365001678466797 -2.4865000247955322 2.5999999046325684,
              -5.8365001678466797 -2.4865000247955322 2.6500000953674316,
              -5.8365001678466797 -2.4865000247955322 2.5999999046325684,
              -5.8365001678466797 -2.4865000247955322 2.6500000953674316,
              -5.8365001678466797 -2.4865000247955322 2.5999999046325684,
              -5.8376064300537109 -2.4586925506591797 2.5999999046325684,
              -5.8409185409545898 -2.431060791015625 2.5999999046325684,
              -5.8464155197143555 -2.4037795066833496 2.5999999046325684,
              -5.8540630340576172 -2.3770210742950439 2.5999999046325684,
              -5.8638119697570801 -2.3509550094604492 2.5999999046325684,
              -5.8756012916564941 -2.3257460594177246 2.5999999046325684,
              -5.8893556594848633 -2.3015532493591309 2.5999999046325684,
              -5.9049892425537109 -2.2785296440124512 2.5999999046325684,
              -5.9224023818969727 -2.2568209171295166 2.5999999046325684,
              -5.9414854049682617 -2.2365643978118896 2.5999999046325684,
              -5.9621171951293945 -2.2178881168365479 2.5999999046325684,
              -5.9841675758361816 -2.2009098529815674 2.5999999046325684,
              -6.0074977874755859 -2.1857373714447021 2.5999999046325684,
              -6.031959056854248 -2.172466516494751 2.5999999046325684,
              -6.0573978424072266 -2.1611807346343994 2.5999999046325684,
              -6.0836524963378906 -2.1519520282745361 2.5999999046325684,
              -6.1105575561523438 -2.1448383331298828 2.5999999046325684,
              -6.1379427909851074 -2.1398847103118896 2.5999999046325684,
              -6.1656346321105957 -2.1371223926544189 2.5999999046325684,
              -6.1934585571289062 -2.1365692615509033 2.5999999046325684,
              -6.2212386131286621 -2.138228178024292 2.5999999046325684,
              -6.2487993240356445 -2.1420891284942627 2.5999999046325684,
              -6.275965690612793 -2.148127555847168 2.5999999046325684,
              -6.3025665283203125 -2.1563053131103516 2.5999999046325684,
              -6.3284339904785156 -2.1665706634521484 2.5999999046325684,
              -6.3534035682678223 -2.178858757019043 2.5999999046325684,
              -6.3773183822631836 -2.1930916309356689 2.5999999046325684,
              -6.4000263214111328 -2.2091796398162842 2.5999999046325684,
              -6.421384334564209 -2.2270212173461914 2.5999999046325684,
              -6.4412574768066406 -2.2465028762817383 2.5999999046325684,
              -6.4595198631286621 -2.2675020694732666 2.5999999046325684,
              -6.4760565757751465 -2.2898859977722168 2.5999999046325684,
              -6.4907622337341309 -2.3135128021240234 2.5999999046325684,
              -6.5035443305969238 -2.3382332324981689 2.5999999046325684,
              -6.5143218040466309 -2.3638911247253418 2.5999999046325684,
              -6.5230269432067871 -2.3903243541717529 2.5999999046325684,
              -6.5296039581298828 -2.4173653125762939 2.5999999046325684,
              -6.5340123176574707 -2.4448435306549072 2.5999999046325684,
              -6.5362234115600586 -2.4725852012634277 2.5999999046325684,
              -6.5362234115600586 -2.5004148483276367 2.5999999046325684,
              -6.5340123176574707 -2.5281562805175781 2.5999999046325684,
              -6.5296039581298828 -2.5556344985961914 2.5999999046325684,
              -6.5230269432067871 -2.5826756954193115 2.5999999046325684,
              -6.5143218040466309 -2.6091086864471436 2.5999999046325684,
              -6.5035443305969238 -2.6347668170928955 2.5999999046325684,
              -6.4907622337341309 -2.659487247467041 2.5999999046325684,
              -6.4760565757751465 -2.6831140518188477 2.5999999046325684,
              -6.4595198631286621 -2.7054977416992188 2.5999999046325684,
              -6.4412574768066406 -2.7264969348907471 2.5999999046325684,
              -6.421384334564209 -2.745978832244873 2.5999999046325684,
              -6.4000263214111328 -2.7638201713562012 2.5999999046325684,
              -6.3773183822631836 -2.7799081802368164 2.5999999046325684,
              -6.3534035682678223 -2.7941412925720215 2.5999999046325684,
              -6.3284339904785156 -2.806429386138916 2.5999999046325684,
              -6.3025665283203125 -2.8166947364807129 2.5999999046325684,
              -6.275965690612793 -2.8248724937438965 2.5999999046325684,
              -6.2487993240356445 -2.8309109210968018 2.5999999046325684,
              -6.2212386131286621 -2.8347718715667725 2.5999999046325684,
              -6.1934585571289062 -2.8364307880401611 2.5999999046325684,
              -6.1656346321105957 -2.8358774185180664 2.5999999046325684,
              -6.1379427909851074 -2.8331153392791748 2.5999999046325684,
              -6.1105575561523438 -2.8281617164611816 2.5999999046325684,
              -6.0836524963378906 -2.8210480213165283 2.5999999046325684,
              -6.0573978424072266 -2.8118190765380859 2.5999999046325684,
              -6.031959056854248 -2.8005335330963135 2.5999999046325684,
              -6.0074977874755859 -2.7872626781463623 2.5999999046325684,
              -5.9841675758361816 -2.772089958190918 2.5999999046325684,
              -5.9621171951293945 -2.7551119327545166 2.5999999046325684,
              -5.9414854049682617 -2.7364356517791748 2.5999999046325684,
              -5.9224023818969727 -2.7161788940429688 2.5999999046325684,
              -5.9049892425537109 -2.6944704055786133 2.5999999046325684,
              -5.8893556594848633 -2.6714468002319336 2.5999999046325684,
              -5.8756012916564941 -2.6472539901733398 2.5999999046325684,
              -5.8638119697570801 -2.6220448017120361 2.5999999046325684,
              -5.8540630340576172 -2.5959787368774414 2.5999999046325684,
              -5.8464155197143555 -2.5692205429077148 2.5999999046325684,
              -5.8409185409545898 -2.5419392585754395 2.5999999046325684,
              -5.8376064300537109 -2.5143074989318848 2.5999999046325684,
              -5.8365001678466797 -2.4865000247955322 2.5999999046325684,
              -5.8365001678466797 -2.4865000247955322 2.6500000953674316,
              -5.8376064300537109 -2.4586925506591797 2.6500000953674316,
              -5.8409185409545898 -2.431060791015625 2.6500000953674316,
              -5.8464155197143555 -2.4037795066833496 2.6500000953674316,
              -5.8540630340576172 -2.3770210742950439 2.6500000953674316,
              -5.8638119697570801 -2.3509550094604492 2.6500000953674316,
              -5.8756012916564941 -2.3257460594177246 2.6500000953674316,
              -5.8893556594848633 -2.3015532493591309 2.6500000953674316,
              -5.9049892425537109 -2.2785296440124512 2.6500000953674316,
              -5.9224023818969727 -2.2568209171295166 2.6500000953674316,
              -5.9414854049682617 -2.2365643978118896 2.6500000953674316,
              -5.9621171951293945 -2.2178881168365479 2.6500000953674316,
              -5.9841675758361816 -2.2009098529815674 2.6500000953674316,
              -6.0074977874755859 -2.1857373714447021 2.6500000953674316,
              -6.031959056854248 -2.172466516494751 2.6500000953674316,
              -6.0573978424072266 -2.1611807346343994 2.6500000953674316,
              -6.0836524963378906 -2.1519520282745361 2.6500000953674316,
              -6.1105575561523438 -2.1448383331298828 2.6500000953674316,
              -6.1379427909851074 -2.1398847103118896 2.6500000953674316,
              -6.1656346321105957 -2.1371223926544189 2.6500000953674316,
              -6.1934585571289062 -2.1365692615509033 2.6500000953674316,
              -6.2212386131286621 -2.138228178024292 2.6500000953674316,
              -6.2487993240356445 -2.1420891284942627 2.6500000953674316,
              -6.275965690612793 -2.148127555847168 2.6500000953674316,
              -6.3025665283203125 -2.1563053131103516 2.6500000953674316,
              -6.3284339904785156 -2.1665706634521484 2.6500000953674316,
              -6.3534035682678223 -2.178858757019043 2.6500000953674316,
              -6.3773183822631836 -2.1930916309356689 2.6500000953674316,
              -6.4000263214111328 -2.2091796398162842 2.6500000953674316,
              -6.421384334564209 -2.2270212173461914 2.6500000953674316,
              -6.4412574768066406 -2.2465028762817383 2.6500000953674316,
              -6.4595198631286621 -2.2675020694732666 2.6500000953674316,
              -6.4760565757751465 -2.2898859977722168 2.6500000953674316,
              -6.4907622337341309 -2.3135128021240234 2.6500000953674316,
              -6.5035443305969238 -2.3382332324981689 2.6500000953674316,
              -6.5143218040466309 -2.3638911247253418 2.6500000953674316,
              -6.5230269432067871 -2.3903243541717529 2.6500000953674316,
              -6.5296039581298828 -2.4173653125762939 2.6500000953674316,
              -6.5340123176574707 -2.4448435306549072 2.6500000953674316,
              -6.5362234115600586 -2.4725852012634277 2.6500000953674316,
              -6.5362234115600586 -2.5004148483276367 2.6500000953674316,
              -6.5340123176574707 -2.5281562805175781 2.6500000953674316,
              -6.5296039581298828 -2.5556344985961914 2.6500000953674316,
              -6.5230269432067871 -2.5826756954193115 2.6500000953674316,
              -6.5143218040466309 -2.6091086864471436 2.6500000953674316,
              -6.5035443305969238 -2.6347668170928955 2.6500000953674316,
              -6.4907622337341309 -2.659487247467041 2.6500000953674316,
              -6.4760565757751465 -2.6831140518188477 2.6500000953674316,
              -6.4595198631286621 -2.7054977416992188 2.6500000953674316,
              -6.4412574768066406 -2.7264969348907471 2.6500000953674316,
              -6.421384334564209 -2.745978832244873 2.6500000953674316,
              -6.4000263214111328 -2.7638201713562012 2.6500000953674316,
              -6.3773183822631836 -2.7799081802368164 2.6500000953674316,
              -6.3534035682678223 -2.7941412925720215 2.6500000953674316,
              -6.3284339904785156 -2.806429386138916 2.6500000953674316,
              -6.3025665283203125 -2.8166947364807129 2.6500000953674316,
              -6.275965690612793 -2.8248724937438965 2.6500000953674316,
              -6.2487993240356445 -2.8309109210968018 2.6500000953674316,
              -6.2212386131286621 -2.8347718715667725 2.6500000953674316,
              -6.1934585571289062 -2.8364307880401611 2.6500000953674316,
              -6.1656346321105957 -2.8358774185180664 2.6500000953674316,
              -6.1379427909851074 -2.8331153392791748 2.6500000953674316,
              -6.1105575561523438 -2.8281617164611816 2.6500000953674316,
              -6.0836524963378906 -2.8210480213165283 2.6500000953674316,
              -6.0573978424072266 -2.8118190765380859 2.6500000953674316,
              -6.031959056854248 -2.8005335330963135 2.6500000953674316,
              -6.0074977874755859 -2.7872626781463623 2.6500000953674316,
              -5.9841675758361816 -2.772089958190918 2.6500000953674316,
              -5.9621171951293945 -2.7551119327545166 2.6500000953674316,
              -5.9414854049682617 -2.7364356517791748 2.6500000953674316,
              -5.9224023818969727 -2.7161788940429688 2.6500000953674316,
              -5.9049892425537109 -2.6944704055786133 2.6500000953674316,
              -5.8893556594848633 -2.6714468002319336 2.6500000953674316,
              -5.8756012916564941 -2.6472539901733398 2.6500000953674316,
              -5.8638119697570801 -2.6220448017120361 2.6500000953674316,
              -5.8540630340576172 -2.5959787368774414 2.6500000953674316,
              -5.8464155197143555 -2.5692205429077148 2.6500000953674316,
              -5.8409185409545898 -2.5419392585754395 2.6500000953674316,
              -5.8376064300537109 -2.5143074989318848 2.6500000953674316,
              -5.8365001678466797 -2.4865000247955322 2.6500000953674316,
              -5.8365001678466797 -2.4865000247955322 2.5999999046325684,
              -5.8376064300537109 -2.4586925506591797 2.5999999046325684,
              -5.8409185409545898 -2.431060791015625 2.5999999046325684,
              -5.8464155197143555 -2.4037795066833496 2.5999999046325684,
              -5.8540630340576172 -2.3770210742950439 2.5999999046325684,
              -5.8638119697570801 -2.3509550094604492 2.5999999046325684,
              -5.8756012916564941 -2.3257460594177246 2.5999999046325684,
              -5.8893556594848633 -2.3015532493591309 2.5999999046325684,
              -5.9049892425537109 -2.2785296440124512 2.5999999046325684,
              -5.9224023818969727 -2.2568209171295166 2.5999999046325684,
              -5.9414854049682617 -2.2365643978118896 2.5999999046325684,
              -5.9621171951293945 -2.2178881168365479 2.5999999046325684,
              -5.9841675758361816 -2.2009098529815674 2.5999999046325684,
              -6.0074977874755859 -2.1857373714447021 2.5999999046325684,
              -6.031959056854248 -2.172466516494751 2.5999999046325684,
              -6.0573978424072266 -2.1611807346343994 2.5999999046325684,
              -6.0836524963378906 -2.1519520282745361 2.5999999046325684,
              -6.1105575561523438 -2.1448383331298828 2.5999999046325684,
              -6.1379427909851074 -2.1398847103118896 2.5999999046325684,
              -6.1656346321105957 -2.1371223926544189 2.5999999046325684,
              -6.1934585571289062 -2.1365692615509033 2.5999999046325684,
              -6.2212386131286621 -2.138228178024292 2.5999999046325684,
              -6.2487993240356445 -2.1420891284942627 2.5999999046325684,
              -6.275965690612793 -2.148127555847168 2.5999999046325684,
              -6.3025665283203125 -2.1563053131103516 2.5999999046325684,
              -6.3284339904785156 -2.1665706634521484 2.5999999046325684,
              -6.3534035682678223 -2.178858757019043 2.5999999046325684,
              -6.3773183822631836 -2.1930916309356689 2.5999999046325684,
              -6.4000263214111328 -2.2091796398162842 2.5999999046325684,
              -6.421384334564209 -2.2270212173461914 2.5999999046325684,
              -6.4412574768066406 -2.2465028762817383 2.5999999046325684,
              -6.4595198631286621 -2.2675020694732666 2.5999999046325684,
              -6.4760565757751465 -2.2898859977722168 2.5999999046325684,
              -6.4907622337341309 -2.3135128021240234 2.5999999046325684,
              -6.5035443305969238 -2.3382332324981689 2.5999999046325684,
              -6.5143218040466309 -2.3638911247253418 2.5999999046325684,
              -6.5230269432067871 -2.3903243541717529 2.5999999046325684,
              -6.5296039581298828 -2.4173653125762939 2.5999999046325684,
              -6.5340123176574707 -2.4448435306549072 2.5999999046325684,
              -6.5362234115600586 -2.4725852012634277 2.5999999046325684,
              -6.5362234115600586 -2.5004148483276367 2.5999999046325684,
              -6.5340123176574707 -2.5281562805175781 2.5999999046325684,
              -6.5296039581298828 -2.5556344985961914 2.5999999046325684,
              -6.5230269432067871 -2.5826756954193115 2.5999999046325684,
              -6.5143218040466309 -2.6091086864471436 2.5999999046325684,
              -6.5035443305969238 -2.6347668170928955 2.5999999046325684,
              -6.4907622337341309 -2.659487247467041 2.5999999046325684,
              -6.4760565757751465 -2.6831140518188477 2.5999999046325684,
              -6.4595198631286621 -2.7054977416992188 2.5999999046325684,
              -6.4412574768066406 -2.7264969348907471 2.5999999046325684,
              -6.421384334564209 -2.745978832244873 2.5999999046325684,
              -6.4000263214111328 -2.7638201713562012 2.5999999046325684,
              -6.3773183822631836 -2.7799081802368164 2.5999999046325684,
              -6.3534035682678223 -2.7941412925720215 2.5999999046325684,
              -6.3284339904785156 -2.806429386138916 2.5999999046325684,
              -6.3025665283203125 -2.8166947364807129 2.5999999046325684,
              -6.275965690612793 -2.8248724937438965 2.5999999046325684,
              -6.2487993240356445 -2.8309109210968018 2.5999999046325684,
              -6.2212386131286621 -2.8347718715667725 2.5999999046325684,
              -6.1934585571289062 -2.8364307880401611 2.5999999046325684,
              -6.1656346321105957 -2.8358774185180664 2.5999999046325684,
              -6.1379427909851074 -2.8331153392791748 2.5999999046325684,
              -6.1105575561523438 -2.8281617164611816 2.5999999046325684,
              -6.0836524963378906 -2.8210480213165283 2.5999999046325684,
              -6.0573978424072266 -2.8118190765380859 2.5999999046325684,
              -6.031959056854248 -2.8005335330963135 2.5999999046325684,
              -6.0074977874755859 -2.7872626781463623 2.5999999046325684,
              -5.9841675758361816 -2.772089958190918 2.5999999046325684,
              -5.9621171951293945 -2.7551119327545166 2.5999999046325684,
              -5.9414854049682617 -2.7364356517791748 2.5999999046325684,
              -5.9224023818969727 -2.7161788940429688 2.5999999046325684,
              -5.9049892425537109 -2.6944704055786133 2.5999999046325684,
              -5.8893556594848633 -2.6714468002319336 2.5999999046325684,
              -5.8756012916564941 -2.6472539901733398 2.5999999046325684,
              -5.8638119697570801 -2.6220448017120361 2.5999999046325684,
              -5.8540630340576172 -2.5959787368774414 2.5999999046325684,
              -5.8464155197143555 -2.5692205429077148 2.5999999046325684,
              -5.8409185409545898 -2.5419392585754395 2.5999999046325684,
              -5.8376064300537109 -2.5143074989318848 2.5999999046325684,
              -5.8365001678466797 -2.4865000247955322 2.5999999046325684,
              -5.8365001678466797 -2.4865000247955322 2.6500000953674316,
              -5.8376064300537109 -2.4586925506591797 2.6500000953674316,
              -5.8409185409545898 -2.431060791015625 2.6500000953674316,
              -5.8464155197143555 -2.4037795066833496 2.6500000953674316,
              -5.8540630340576172 -2.3770210742950439 2.6500000953674316,
              -5.8638119697570801 -2.3509550094604492 2.6500000953674316,
              -5.8756012916564941 -2.3257460594177246 2.6500000953674316,
              -5.8893556594848633 -2.3015532493591309 2.6500000953674316,
              -5.9049892425537109 -2.2785296440124512 2.6500000953674316,
              -5.9224023818969727 -2.2568209171295166 2.6500000953674316,
              -5.9414854049682617 -2.2365643978118896 2.6500000953674316,
              -5.9621171951293945 -2.2178881168365479 2.6500000953674316,
              -5.9841675758361816 -2.2009098529815674 2.6500000953674316,
              -6.0074977874755859 -2.1857373714447021 2.6500000953674316,
              -6.031959056854248 -2.172466516494751 2.6500000953674316,
              -6.0573978424072266 -2.1611807346343994 2.6500000953674316,
              -6.0836524963378906 -2.1519520282745361 2.6500000953674316,
              -6.1105575561523438 -2.1448383331298828 2.6500000953674316,
              -6.1379427909851074 -2.1398847103118896 2.6500000953674316,
              -6.1656346321105957 -2.1371223926544189 2.6500000953674316,
              -6.1934585571289062 -2.1365692615509033 2.6500000953674316,
              -6.2212386131286621 -2.138228178024292 2.6500000953674316,
              -6.2487993240356445 -2.1420891284942627 2.6500000953674316,
              -6.275965690612793 -2.148127555847168 2.6500000953674316,
              -6.3025665283203125 -2.1563053131103516 2.6500000953674316,
              -6.3284339904785156 -2.1665706634521484 2.6500000953674316,
              -6.3534035682678223 -2.178858757019043 2.6500000953674316,
              -6.3773183822631836 -2.1930916309356689 2.6500000953674316,
              -6.4000263214111328 -2.2091796398162842 2.6500000953674316,
              -6.421384334564209 -2.2270212173461914 2.6500000953674316,
              -6.4412574768066406 -2.2465028762817383 2.6500000953674316,
              -6.4595198631286621 -2.2675020694732666 2.6500000953674316,
              -6.4760565757751465 -2.2898859977722168 2.6500000953674316,
              -6.4907622337341309 -2.3135128021240234 2.6500000953674316,
              -6.5035443305969238 -2.3382332324981689 2.6500000953674316,
              -6.5143218040466309 -2.3638911247253418 2.6500000953674316,
              -6.5230269432067871 -2.3903243541717529 2.6500000953674316,
              -6.5296039581298828 -2.4173653125762939 2.6500000953674316,
              -6.5340123176574707 -2.4448435306549072 2.6500000953674316,
              -6.5362234115600586 -2.4725852012634277 2.6500000953674316,
              -6.5362234115600586 -2.5004148483276367 2.6500000953674316,
              -6.5340123176574707 -2.5281562805175781 2.6500000953674316,
              -6.5296039581298828 -2.5556344985961914 2.6500000953674316,
              -6.5230269432067871 -2.5826756954193115 2.6500000953674316,
              -6.5143218040466309 -2.6091086864471436 2.6500000953674316,
              -6.5035443305969238 -2.6347668170928955 2.6500000953674316,
              -6.4907622337341309 -2.659487247467041 2.6500000953674316,
              -6.4760565757751465 -2.6831140518188477 2.6500000953674316,
              -6.4595198631286621 -2.7054977416992188 2.6500000953674316,
              -6.4412574768066406 -2.7264969348907471 2.6500000953674316,
              -6.421384334564209 -2.745978832244873 2.6500000953674316,
              -6.4000263214111328 -2.7638201713562012 2.6500000953674316,
              -6.3773183822631836 -2.7799081802368164 2.6500000953674316,
              -6.3534035682678223 -2.7941412925720215 2.6500000953674316,
              -6.3284339904785156 -2.806429386138916 2.6500000953674316,
              -6.3025665283203125 -2.8166947364807129 2.6500000953674316,
              -6.275965690612793 -2.8248724937438965 2.6500000953674316,
              -6.2487993240356445 -2.8309109210968018 2.6500000953674316,
              -6.2212386131286621 -2.8347718715667725 2.6500000953674316,
              -6.1934585571289062 -2.8364307880401611 2.6500000953674316,
              -6.1656346321105957 -2.8358774185180664 2.6500000953674316,
              -6.1379427909851074 -2.8331153392791748 2.6500000953674316,
              -6.1105575561523438 -2.8281617164611816 2.6500000953674316,
              -6.0836524963378906 -2.8210480213165283 2.6500000953674316,
              -6.0573978424072266 -2.8118190765380859 2.6500000953674316,
              -6.031959056854248 -2.8005335330963135 2.6500000953674316,
              -6.0074977874755859 -2.7872626781463623 2.6500000953674316,
              -5.9841675758361816 -2.772089958190918 2.6500000953674316,
              -5.9621171951293945 -2.7551119327545166 2.6500000953674316,
              -5.9414854049682617 -2.7364356517791748 2.6500000953674316,
              -5.9224023818969727 -2.7161788940429688 2.6500000953674316,
              -5.9049892425537109 -2.6944704055786133 2.6500000953674316,
              -5.8893556594848633 -2.6714468002319336 2.6500000953674316,
              -5.8756012916564941 -2.6472539901733398 2.6500000953674316,
              -5.8638119697570801 -2.6220448017120361 2.6500000953674316,
              -5.8540630340576172 -2.5959787368774414 2.6500000953674316,
              -5.8464155197143555 -2.5692205429077148 2.6500000953674316,
              -5.8409185409545898 -2.5419392585754395 2.6500000953674316,
              -5.8376064300537109 -2.5143074989318848 2.6500000953674316,
              -5.8365001678466797 -2.4865000247955322 2.6500000953674316,
              ]
            }
            coordIndex  [
              2, 3, -1,
              4, 5, 6, 7, 8, 9, 10, 11, 12, 13, 14, 15, 16, 17, 18, 19, 20, 21, 22, 23, 24, 25, 26, 27, 28, 29, 30, 31, 32, 33, 34, 35, 36, 37, 38, 39, 40, 41, 42, 43, 44, 45, 46, 47, 48, 49, 50, 51, 52, 53, 54, 55, 56, 57, 58, 59, 60, 61, 62, 63, 64, 65, 66, 67, 68, 69, 70, 71, 72, 73, 74, 75, 76, 77, 78, 79, 80, 81, 82, 83, -1,
              84, 85, 86, 87, 88, 89, 90, 91, 92, 93, 94, 95, 96, 97, 98, 99, 100, 101, 102, 103, 104, 105, 106, 107, 108, 109, 110, 111, 112, 113, 114, 115, 116, 117, 118, 119, 120, 121, 122, 123, 124, 125, 126, 127, 128, 129, 130, 131, 132, 133, 134, 135, 136, 137, 138, 139, 140, 141, 142, 143, 144, 145, 146, 147, 148, 149, 150, 151, 152, 153, 154, 155, 156, 157, 158, 159, 160, 161, 162, 163, -1,
              164, 165, -1,
              166, 167, -1,
              168, 169, 170, 171, 172, 173, 174, 175, 176, 177, 178, 179, 180, 181, 182, 183, 184, 185, 186, 187, 188, 189, 190, 191, 192, 193, 194, 195, 196, 197, 198, 199, 200, 201, 202, 203, 204, 205, 206, 207, 208, 209, 210, 211, 212, 213, 214, 215, 216, 217, 218, 219, 220, 221, 222, 223, 224, 225, 226, 227, 228, 229, 230, 231, 232, 233, 234, 235, 236, 237, 238, 239, 240, 241, 242, 243, 244, 245, 246, 247, -1,
              248, 249, 250, 251, 252, 253, 254, 255, 256, 257, 258, 259, 260, 261, 262, 263, 264, 265, 266, 267, 268, 269, 270, 271, 272, 273, 274, 275, 276, 277, 278, 279, 280, 281, 282, 283, 284, 285, 286, 287, 288, 289, 290, 291, 292, 293, 294, 295, 296, 297, 298, 299, 300, 301, 302, 303, 304, 305, 306, 307, 308, 309, 310, 311, 312, 313, 314, 315, 316, 317, 318, 319, 320, 321, 322, 323, 324, 325, 326, 327, -1,
              328, 329, 330, 331, 332, 333, 334, 335, 336, 337, 338, 339, 340, 341, 342, 343, 344, 345, 346, 347, 348, 349, 350, 351, 352, 353, 354, 355, 356, 357, 358, 359, 360, 361, 362, 363, 364, 365, 366, 367, 368, 369, 370, 371, 372, 373, 374, 375, 376, 377, 378, 379, 380, 381, 382, 383, 384, 385, 386, 387, 388, 389, 390, 391, 392, 393, 394, 395, 396, 397, 398, 399, 400, 401, 402, 403, 404, 405, 406, 407, -1,
              408, 409, 410, 411, 412, 413, 414, 415, 416, 417, 418, 419, 420, 421, 422, 423, 424, 425, 426, 427, 428, 429, 430, 431, 432, 433, 434, 435, 436, 437, 438, 439, 440, 441, 442, 443, 444, 445, 446, 447, 448, 449, 450, 451, 452, 453, 454, 455, 456, 457, 458, 459, 460, 461, 462, 463, 464, 465, 466, 467, 468, 469, 470, 471, 472, 473, 474, 475, 476, 477, 478, 479, 480, 481, 482, 483, 484, 485, 486, 487, -1,
            ]
          }
        }
        Shape {
          appearance Appearance {
            material Material {
              ambientIntensity 0
              emissiveColor 0 0 0
              diffuseColor 1 1 1
              specularColor 0 0 0
              shininess 0.0078125
              transparency 0
              }
            }
          geometry PointSet {
            coord Coordinate {              point [                            -5.8365001678466797 -2.4865000247955322 2.5999999046325684,
                            -5.8365001678466797 -2.4865000247955322 2.6500000953674316,
              ]
            }
          }
        }
      ]
    }
    Transform {
      translation 0 0 0
      rotation 0 0 1 0
      scale 1 1 1
      children [
        Shape {
          appearance Appearance {
            material Material {
              ambientIntensity 0
              diffuseColor 0.89999999818536436 0.89999999818536436 0.87999999777055216
              specularColor 0 0 0
              shininess 0.0078125
              transparency 0
              }
            }
          geometry IndexedFaceSet {
            solid FALSE
            coord DEF VTKcoordinates Coordinate {
              point [
              7.8850002288818359 -7.1700000762939453 1.6000000238418579,
              2.6150000095367432 -7.1700000762939453 3.5999999046325684,
              2.6150000095367432 -7.1700000762939453 1.6000000238418579,
              7.8850002288818359 -7.1700000762939453 3.5999999046325684,
              7.8850002288818359 -4.8499999046325684 1.6000000238418579,
              7.8850002288818359 -7.1700000762939453 3.5999999046325684,
              7.8850002288818359 -7.1700000762939453 1.6000000238418579,
              7.8850002288818359 -4.8499999046325684 3.5999999046325684,
              2.6150000095367432 -4.8499999046325684 1.6000000238418579,
              7.8850002288818359 -4.8499999046325684 3.5999999046325684,
              7.8850002288818359 -4.8499999046325684 1.6000000238418579,
              2.6150000095367432 -4.8499999046325684 3.5999999046325684,
              2.6150000095367432 -7.1700000762939453 1.6000000238418579,
              2.6150000095367432 -4.8499999046325684 3.5999999046325684,
              2.6150000095367432 -4.8499999046325684 1.6000000238418579,
              2.6150000095367432 -7.1700000762939453 3.5999999046325684,
              7.8850002288818359 -4.8499999046325684 1.6000000238418579,
              7.8850002288818359 -7.1700000762939453 1.6000000238418579,
              2.6150000095367432 -7.1700000762939453 1.6000000238418579,
              2.6150000095367432 -4.8499999046325684 1.6000000238418579,
              7.8850002288818359 -4.8499999046325684 3.5999999046325684,
              2.6150000095367432 -7.1700000762939453 3.5999999046325684,
              7.8850002288818359 -7.1700000762939453 3.5999999046325684,
              2.6150000095367432 -4.8499999046325684 3.5999999046325684,
              ]
            }
            normal DEF VTKnormals Normal {
              vector [
           0 -1 -0,
           0 -1 -0,
           0 -1 -0,
           0 -1 -0,
           1 -0 -0,
           1 -0 -0,
           1 -0 -0,
           1 -0 -0,
           -0 1 -0,
           -0 1 -0,
           -0 1 -0,
           -0 1 -0,
           -1 -0 -0,
           -1 -0 -0,
           -1 -0 -0,
           -1 -0 -0,
           -0 -0 -1,
           -0 -0 -1,
           -0 -0 -1,
           -0 -0 -1,
           0 0 1,
           0 0 1,
           0 0 1,
           0 0 1,
            ]
          }
            coordIndex  [
              0, 1, 2, -1,
              0, 3, 1, -1,
              4, 5, 6, -1,
              4, 7, 5, -1,
              8, 9, 10, -1,
              8, 11, 9, -1,
              12, 13, 14, -1,
              12, 15, 13, -1,
              16, 17, 18, -1,
              16, 18, 19, -1,
              20, 21, 22, -1,
              20, 23, 21, -1,
            ]
          }
        }
      ]
    }
    Transform {
      translation 0 0 0
      rotation 0 0 1 0
      scale 1 1 1
      children [
        Shape {
          appearance Appearance {
            material Material {
              ambientIntensity 0
              emissiveColor 0 0 0
              diffuseColor 1 1 1
              specularColor 0 0 0
              shininess 0.0078125
              transparency 0
              }
            }
          geometry IndexedLineSet {
            coord DEF VTKcoordinates Coordinate {
              point [
              2.6150000095367432 -7.1700000762939453 1.6000000238418579,
              2.6150000095367432 -7.1700000762939453 3.5999999046325684,
              7.8850002288818359 -7.1700000762939453 1.6000000238418579,
              7.8850002288818359 -7.1700000762939453 3.5999999046325684,
              7.8850002288818359 -4.8499999046325684 1.6000000238418579,
              7.8850002288818359 -4.8499999046325684 3.5999999046325684,
              2.6150000095367432 -4.8499999046325684 1.6000000238418579,
              2.6150000095367432 -4.8499999046325684 3.5999999046325684,
              2.6150000095367432 -7.1700000762939453 1.6000000238418579,
              2.6150000095367432 -7.1700000762939453 3.5999999046325684,
              7.8850002288818359 -7.1700000762939453 1.6000000238418579,
              7.8850002288818359 -7.1700000762939453 3.5999999046325684,
              2.6150000095367432 -7.1700000762939453 1.6000000238418579,
              7.8850002288818359 -7.1700000762939453 1.6000000238418579,
              2.6150000095367432 -7.1700000762939453 3.5999999046325684,
              7.8850002288818359 -7.1700000762939453 3.5999999046325684,
              7.8850002288818359 -4.8499999046325684 1.6000000238418579,
              7.8850002288818359 -4.8499999046325684 3.5999999046325684,
              7.8850002288818359 -7.1700000762939453 1.6000000238418579,
              7.8850002288818359 -4.8499999046325684 1.6000000238418579,
              7.8850002288818359 -7.1700000762939453 3.5999999046325684,
              7.8850002288818359 -4.8499999046325684 3.5999999046325684,
              2.6150000095367432 -4.8499999046325684 1.6000000238418579,
              2.6150000095367432 -4.8499999046325684 3.5999999046325684,
              7.8850002288818359 -4.8499999046325684 1.6000000238418579,
              2.6150000095367432 -4.8499999046325684 1.6000000238418579,
              7.8850002288818359 -4.8499999046325684 3.5999999046325684,
              2.6150000095367432 -4.8499999046325684 3.5999999046325684,
              2.6150000095367432 -4.8499999046325684 1.6000000238418579,
              2.6150000095367432 -7.1700000762939453 1.6000000238418579,
              2.6150000095367432 -4.8499999046325684 3.5999999046325684,
              2.6150000095367432 -7.1700000762939453 3.5999999046325684,
              2.6150000095367432 -7.1700000762939453 1.6000000238418579,
              2.6150000095367432 -7.1700000762939453 3.5999999046325684,
              7.8850002288818359 -7.1700000762939453 1.6000000238418579,
              7.8850002288818359 -7.1700000762939453 3.5999999046325684,
              2.6150000095367432 -7.1700000762939453 1.6000000238418579,
              7.8850002288818359 -7.1700000762939453 1.6000000238418579,
              2.6150000095367432 -7.1700000762939453 3.5999999046325684,
              7.8850002288818359 -7.1700000762939453 3.5999999046325684,
              7.8850002288818359 -7.1700000762939453 1.6000000238418579,
              7.8850002288818359 -7.1700000762939453 3.5999999046325684,
              7.8850002288818359 -4.8499999046325684 1.6000000238418579,
              7.8850002288818359 -4.8499999046325684 3.5999999046325684,
              7.8850002288818359 -7.1700000762939453 1.6000000238418579,
              7.8850002288818359 -4.8499999046325684 1.6000000238418579,
              7.8850002288818359 -7.1700000762939453 3.5999999046325684,
              7.8850002288818359 -4.8499999046325684 3.5999999046325684,
              7.8850002288818359 -4.8499999046325684 1.6000000238418579,
              7.8850002288818359 -4.8499999046325684 3.5999999046325684,
              2.6150000095367432 -4.8499999046325684 1.6000000238418579,
              2.6150000095367432 -4.8499999046325684 3.5999999046325684,
              7.8850002288818359 -4.8499999046325684 1.6000000238418579,
              2.6150000095367432 -4.8499999046325684 1.6000000238418579,
              7.8850002288818359 -4.8499999046325684 3.5999999046325684,
              2.6150000095367432 -4.8499999046325684 3.5999999046325684,
              2.6150000095367432 -4.8499999046325684 1.6000000238418579,
              2.6150000095367432 -4.8499999046325684 3.5999999046325684,
              2.6150000095367432 -7.1700000762939453 1.6000000238418579,
              2.6150000095367432 -7.1700000762939453 3.5999999046325684,
              2.6150000095367432 -4.8499999046325684 1.6000000238418579,
              2.6150000095367432 -7.1700000762939453 1.6000000238418579,
              2.6150000095367432 -4.8499999046325684 3.5999999046325684,
              2.6150000095367432 -7.1700000762939453 3.5999999046325684,
              2.6150000095367432 -7.1700000762939453 1.6000000238418579,
              7.8850002288818359 -7.1700000762939453 1.6000000238418579,
              7.8850002288818359 -7.1700000762939453 1.6000000238418579,
              7.8850002288818359 -4.8499999046325684 1.6000000238418579,
              7.8850002288818359 -4.8499999046325684 1.6000000238418579,
              2.6150000095367432 -4.8499999046325684 1.6000000238418579,
              2.6150000095367432 -4.8499999046325684 1.6000000238418579,
              2.6150000095367432 -7.1700000762939453 1.6000000238418579,
              2.6150000095367432 -7.1700000762939453 3.5999999046325684,
              7.8850002288818359 -7.1700000762939453 3.5999999046325684,
              7.8850002288818359 -7.1700000762939453 3.5999999046325684,
              7.8850002288818359 -4.8499999046325684 3.5999999046325684,
              7.8850002288818359 -4.8499999046325684 3.5999999046325684,
              2.6150000095367432 -4.8499999046325684 3.5999999046325684,
              2.6150000095367432 -4.8499999046325684 3.5999999046325684,
              2.6150000095367432 -7.1700000762939453 3.5999999046325684,
              ]
            }
            coordIndex  [
              8, 9, -1,
              10, 11, -1,
              12, 13, -1,
              14, 15, -1,
              16, 17, -1,
              18, 19, -1,
              20, 21, -1,
              22, 23, -1,
              24, 25, -1,
              26, 27, -1,
              28, 29, -1,
              30, 31, -1,
              32, 33, -1,
              34, 35, -1,
              36, 37, -1,
              38, 39, -1,
              40, 41, -1,
              42, 43, -1,
              44, 45, -1,
              46, 47, -1,
              48, 49, -1,
              50, 51, -1,
              52, 53, -1,
              54, 55, -1,
              56, 57, -1,
              58, 59, -1,
              60, 61, -1,
              62, 63, -1,
              64, 65, -1,
              66, 67, -1,
              68, 69, -1,
              70, 71, -1,
              72, 73, -1,
              74, 75, -1,
              76, 77, -1,
              78, 79, -1,
            ]
          }
        }
        Shape {
          appearance Appearance {
            material Material {
              ambientIntensity 0
              emissiveColor 0 0 0
              diffuseColor 1 1 1
              specularColor 0 0 0
              shininess 0.0078125
              transparency 0
              }
            }
          geometry PointSet {
            coord Coordinate {              point [                            2.6150000095367432 -7.1700000762939453 1.6000000238418579,
                            2.6150000095367432 -7.1700000762939453 3.5999999046325684,
                            7.8850002288818359 -7.1700000762939453 1.6000000238418579,
                            7.8850002288818359 -7.1700000762939453 3.5999999046325684,
                            7.8850002288818359 -4.8499999046325684 1.6000000238418579,
                            7.8850002288818359 -4.8499999046325684 3.5999999046325684,
                            2.6150000095367432 -4.8499999046325684 1.6000000238418579,
                            2.6150000095367432 -4.8499999046325684 3.5999999046325684,
              ]
            }
          }
        }
      ]
    }
    Transform {
      translation 0 0 0
      rotation 0 0 1 0
      scale 1 1 1
      children [
        Shape {
          appearance Appearance {
            material Material {
              ambientIntensity 0
              diffuseColor 0.050000001425756148 0.050000001425756148 0.050000001425756148
              specularColor 0 0 0
              shininess 0.0078125
              transparency 0
              }
            }
          geometry IndexedFaceSet {
            solid FALSE
            coord DEF VTKcoordinates Coordinate {
              point [
              -1.9500000476837158 -7.2399997711181641 1.6000000238418579,
              -4.4499998092651367 -7.2399997711181641 2.5999999046325684,
              -4.4499998092651367 -7.2399997711181641 1.6000000238418579,
              -1.9500000476837158 -7.2399997711181641 2.5999999046325684,
              -1.9500000476837158 -4.3400001525878906 1.6000000238418579,
              -1.9500000476837158 -7.2399997711181641 2.5999999046325684,
              -1.9500000476837158 -7.2399997711181641 1.6000000238418579,
              -1.9500000476837158 -4.3400001525878906 2.5999999046325684,
              -4.4499998092651367 -4.3400001525878906 1.6000000238418579,
              -1.9500000476837158 -4.3400001525878906 2.5999999046325684,
              -1.9500000476837158 -4.3400001525878906 1.6000000238418579,
              -4.4499998092651367 -4.3400001525878906 2.5999999046325684,
              -4.4499998092651367 -7.2399997711181641 1.6000000238418579,
              -4.4499998092651367 -4.3400001525878906 2.5999999046325684,
              -4.4499998092651367 -4.3400001525878906 1.6000000238418579,
              -4.4499998092651367 -7.2399997711181641 2.5999999046325684,
              -1.9500000476837158 -4.3400001525878906 1.6000000238418579,
              -1.9500000476837158 -7.2399997711181641 1.6000000238418579,
              -4.4499998092651367 -7.2399997711181641 1.6000000238418579,
              -4.4499998092651367 -4.3400001525878906 1.6000000238418579,
              -1.9500000476837158 -4.3400001525878906 2.5999999046325684,
              -4.4499998092651367 -7.2399997711181641 2.5999999046325684,
              -1.9500000476837158 -7.2399997711181641 2.5999999046325684,
              -4.4499998092651367 -4.3400001525878906 2.5999999046325684,
              ]
            }
            normal DEF VTKnormals Normal {
              vector [
           0 -1 -0,
           0 -1 -0,
           0 -1 -0,
           0 -1 -0,
           1 -0 -0,
           1 -0 -0,
           1 -0 -0,
           1 -0 -0,
           -0 1 -0,
           -0 1 -0,
           -0 1 -0,
           -0 1 -0,
           -1 -0 -0,
           -1 -0 -0,
           -1 -0 -0,
           -1 -0 -0,
           -0 -0 -1,
           -0 -0 -1,
           -0 -0 -1,
           -0 -0 -1,
           0 0 1,
           0 0 1,
           0 0 1,
           0 0 1,
            ]
          }
            coordIndex  [
              0, 1, 2, -1,
              0, 3, 1, -1,
              4, 5, 6, -1,
              4, 7, 5, -1,
              8, 9, 10, -1,
              8, 11, 9, -1,
              12, 13, 14, -1,
              12, 15, 13, -1,
              16, 17, 18, -1,
              16, 18, 19, -1,
              20, 21, 22, -1,
              20, 23, 21, -1,
            ]
          }
        }
      ]
    }
    Transform {
      translation 0 0 0
      rotation 0 0 1 0
      scale 1 1 1
      children [
        Shape {
          appearance Appearance {
            material Material {
              ambientIntensity 0
              emissiveColor 0 0 0
              diffuseColor 1 1 1
              specularColor 0 0 0
              shininess 0.0078125
              transparency 0
              }
            }
          geometry IndexedLineSet {
            coord DEF VTKcoordinates Coordinate {
              point [
              -4.4499998092651367 -7.2399997711181641 1.6000000238418579,
              -4.4499998092651367 -7.2399997711181641 2.5999999046325684,
              -1.9500000476837158 -7.2399997711181641 1.6000000238418579,
              -1.9500000476837158 -7.2399997711181641 2.5999999046325684,
              -1.9500000476837158 -4.3400001525878906 1.6000000238418579,
              -1.9500000476837158 -4.3400001525878906 2.5999999046325684,
              -4.4499998092651367 -4.3400001525878906 1.6000000238418579,
              -4.4499998092651367 -4.3400001525878906 2.5999999046325684,
              -4.4499998092651367 -7.2399997711181641 1.6000000238418579,
              -4.4499998092651367 -7.2399997711181641 2.5999999046325684,
              -1.9500000476837158 -7.2399997711181641 1.6000000238418579,
              -1.9500000476837158 -7.2399997711181641 2.5999999046325684,
              -4.4499998092651367 -7.2399997711181641 1.6000000238418579,
              -1.9500000476837158 -7.2399997711181641 1.6000000238418579,
              -4.4499998092651367 -7.2399997711181641 2.5999999046325684,
              -1.9500000476837158 -7.2399997711181641 2.5999999046325684,
              -1.9500000476837158 -4.3400001525878906 1.6000000238418579,
              -1.9500000476837158 -4.3400001525878906 2.5999999046325684,
              -1.9500000476837158 -7.2399997711181641 1.6000000238418579,
              -1.9500000476837158 -4.3400001525878906 1.6000000238418579,
              -1.9500000476837158 -7.2399997711181641 2.5999999046325684,
              -1.9500000476837158 -4.3400001525878906 2.5999999046325684,
              -4.4499998092651367 -4.3400001525878906 1.6000000238418579,
              -4.4499998092651367 -4.3400001525878906 2.5999999046325684,
              -1.9500000476837158 -4.3400001525878906 1.6000000238418579,
              -4.4499998092651367 -4.3400001525878906 1.6000000238418579,
              -1.9500000476837158 -4.3400001525878906 2.5999999046325684,
              -4.4499998092651367 -4.3400001525878906 2.5999999046325684,
              -4.4499998092651367 -4.3400001525878906 1.6000000238418579,
              -4.4499998092651367 -7.2399997711181641 1.6000000238418579,
              -4.4499998092651367 -4.3400001525878906 2.5999999046325684,
              -4.4499998092651367 -7.2399997711181641 2.5999999046325684,
              -4.4499998092651367 -7.2399997711181641 1.6000000238418579,
              -4.4499998092651367 -7.2399997711181641 2.5999999046325684,
              -1.9500000476837158 -7.2399997711181641 1.6000000238418579,
              -1.9500000476837158 -7.2399997711181641 2.5999999046325684,
              -4.4499998092651367 -7.2399997711181641 1.6000000238418579,
              -1.9500000476837158 -7.2399997711181641 1.6000000238418579,
              -4.4499998092651367 -7.2399997711181641 2.5999999046325684,
              -1.9500000476837158 -7.2399997711181641 2.5999999046325684,
              -1.9500000476837158 -7.2399997711181641 1.6000000238418579,
              -1.9500000476837158 -7.2399997711181641 2.5999999046325684,
              -1.9500000476837158 -4.3400001525878906 1.6000000238418579,
              -1.9500000476837158 -4.3400001525878906 2.5999999046325684,
              -1.9500000476837158 -7.2399997711181641 1.6000000238418579,
              -1.9500000476837158 -4.3400001525878906 1.6000000238418579,
              -1.9500000476837158 -7.2399997711181641 2.5999999046325684,
              -1.9500000476837158 -4.3400001525878906 2.5999999046325684,
              -1.9500000476837158 -4.3400001525878906 1.6000000238418579,
              -1.9500000476837158 -4.3400001525878906 2.5999999046325684,
              -4.4499998092651367 -4.3400001525878906 1.6000000238418579,
              -4.4499998092651367 -4.3400001525878906 2.5999999046325684,
              -1.9500000476837158 -4.3400001525878906 1.6000000238418579,
              -4.4499998092651367 -4.3400001525878906 1.6000000238418579,
              -1.9500000476837158 -4.3400001525878906 2.5999999046325684,
              -4.4499998092651367 -4.3400001525878906 2.5999999046325684,
              -4.4499998092651367 -4.3400001525878906 1.6000000238418579,
              -4.4499998092651367 -4.3400001525878906 2.5999999046325684,
              -4.4499998092651367 -7.2399997711181641 1.6000000238418579,
              -4.4499998092651367 -7.2399997711181641 2.5999999046325684,
              -4.4499998092651367 -4.3400001525878906 1.6000000238418579,
              -4.4499998092651367 -7.2399997711181641 1.6000000238418579,
              -4.4499998092651367 -4.3400001525878906 2.5999999046325684,
              -4.4499998092651367 -7.2399997711181641 2.5999999046325684,
              -4.4499998092651367 -7.2399997711181641 1.6000000238418579,
              -1.9500000476837158 -7.2399997711181641 1.6000000238418579,
              -1.9500000476837158 -7.2399997711181641 1.6000000238418579,
              -1.9500000476837158 -4.3400001525878906 1.6000000238418579,
              -1.9500000476837158 -4.3400001525878906 1.6000000238418579,
              -4.4499998092651367 -4.3400001525878906 1.6000000238418579,
              -4.4499998092651367 -4.3400001525878906 1.6000000238418579,
              -4.4499998092651367 -7.2399997711181641 1.6000000238418579,
              -4.4499998092651367 -7.2399997711181641 2.5999999046325684,
              -1.9500000476837158 -7.2399997711181641 2.5999999046325684,
              -1.9500000476837158 -7.2399997711181641 2.5999999046325684,
              -1.9500000476837158 -4.3400001525878906 2.5999999046325684,
              -1.9500000476837158 -4.3400001525878906 2.5999999046325684,
              -4.4499998092651367 -4.3400001525878906 2.5999999046325684,
              -4.4499998092651367 -4.3400001525878906 2.5999999046325684,
              -4.4499998092651367 -7.2399997711181641 2.5999999046325684,
              ]
            }
            coordIndex  [
              8, 9, -1,
              10, 11, -1,
              12, 13, -1,
              14, 15, -1,
              16, 17, -1,
              18, 19, -1,
              20, 21, -1,
              22, 23, -1,
              24, 25, -1,
              26, 27, -1,
              28, 29, -1,
              30, 31, -1,
              32, 33, -1,
              34, 35, -1,
              36, 37, -1,
              38, 39, -1,
              40, 41, -1,
              42, 43, -1,
              44, 45, -1,
              46, 47, -1,
              48, 49, -1,
              50, 51, -1,
              52, 53, -1,
              54, 55, -1,
              56, 57, -1,
              58, 59, -1,
              60, 61, -1,
              62, 63, -1,
              64, 65, -1,
              66, 67, -1,
              68, 69, -1,
              70, 71, -1,
              72, 73, -1,
              74, 75, -1,
              76, 77, -1,
              78, 79, -1,
            ]
          }
        }
        Shape {
          appearance Appearance {
            material Material {
              ambientIntensity 0
              emissiveColor 0 0 0
              diffuseColor 1 1 1
              specularColor 0 0 0
              shininess 0.0078125
              transparency 0
              }
            }
          geometry PointSet {
            coord Coordinate {              point [                            -4.4499998092651367 -7.2399997711181641 1.6000000238418579,
                            -4.4499998092651367 -7.2399997711181641 2.5999999046325684,
                            -1.9500000476837158 -7.2399997711181641 1.6000000238418579,
                            -1.9500000476837158 -7.2399997711181641 2.5999999046325684,
                            -1.9500000476837158 -4.3400001525878906 1.6000000238418579,
                            -1.9500000476837158 -4.3400001525878906 2.5999999046325684,
                            -4.4499998092651367 -4.3400001525878906 1.6000000238418579,
                            -4.4499998092651367 -4.3400001525878906 2.5999999046325684,
              ]
            }
          }
        }
      ]
    }
    Transform {
      translation 0 0 0
      rotation 0 0 1 0
      scale 1 1 1
      children [
        Shape {
          appearance Appearance {
            material Material {
              ambientIntensity 0
              diffuseColor 0.079999998872734138 0.079999998872734138 0.079999998872734138
              specularColor 0 0 0
              shininess 0.0078125
              transparency 0
              }
            }
          geometry IndexedFaceSet {
            solid FALSE
            coord DEF VTKcoordinates Coordinate {
              point [
              1.4500000476837158 -6.5900001525878906 1.6000000238418579,
              -1.5499999523162842 -6.5900001525878906 2.5999999046325684,
              -1.5499999523162842 -6.5900001525878906 1.6000000238418579,
              1.4500000476837158 -6.5900001525878906 2.5999999046325684,
              1.4500000476837158 -3.9900000095367432 2.5999999046325684,
              1.4500000476837158 -6.5900001525878906 2.5999999046325684,
              1.4500000476837158 -6.5900001525878906 1.6000000238418579,
              1.4500000476837158 -3.9900000095367432 1.6000000238418579,
              -1.5499999523162842 -3.9900000095367432 1.6000000238418579,
              1.4500000476837158 -3.9900000095367432 2.5999999046325684,
              1.4500000476837158 -3.9900000095367432 1.6000000238418579,
              -1.5499999523162842 -3.9900000095367432 2.5999999046325684,
              -1.5499999523162842 -6.5900001525878906 2.5999999046325684,
              -1.5499999523162842 -3.9900000095367432 2.5999999046325684,
              -1.5499999523162842 -3.9900000095367432 1.6000000238418579,
              -1.5499999523162842 -6.5900001525878906 1.6000000238418579,
              1.4500000476837158 -3.9900000095367432 1.6000000238418579,
              1.4500000476837158 -6.5900001525878906 1.6000000238418579,
              -1.5499999523162842 -6.5900001525878906 1.6000000238418579,
              -1.5499999523162842 -3.9900000095367432 1.6000000238418579,
              1.4500000476837158 -3.9900000095367432 2.5999999046325684,
              -1.5499999523162842 -6.5900001525878906 2.5999999046325684,
              1.4500000476837158 -6.5900001525878906 2.5999999046325684,
              -1.5499999523162842 -3.9900000095367432 2.5999999046325684,
              ]
            }
            normal DEF VTKnormals Normal {
              vector [
           0 -1 -0,
           0 -1 -0,
           0 -1 -0,
           0 -1 -0,
           1 -0 -0,
           1 -0 -0,
           1 -0 -0,
           1 -0 -0,
           -0 1 -0,
           -0 1 -0,
           -0 1 -0,
           -0 1 -0,
           -1 -0 -0,
           -1 -0 -0,
           -1 -0 -0,
           -1 -0 -0,
           -0 -0 -1,
           -0 -0 -1,
           -0 -0 -1,
           -0 -0 -1,
           0 0 1,
           0 0 1,
           0 0 1,
           0 0 1,
            ]
          }
            coordIndex  [
              0, 1, 2, -1,
              0, 3, 1, -1,
              4, 5, 6, -1,
              7, 4, 6, -1,
              8, 9, 10, -1,
              8, 11, 9, -1,
              12, 13, 14, -1,
              15, 12, 14, -1,
              16, 17, 18, -1,
              16, 18, 19, -1,
              20, 21, 22, -1,
              20, 23, 21, -1,
            ]
          }
        }
      ]
    }
    Transform {
      translation 0 0 0
      rotation 0 0 1 0
      scale 1 1 1
      children [
        Shape {
          appearance Appearance {
            material Material {
              ambientIntensity 0
              emissiveColor 0 0 0
              diffuseColor 1 1 1
              specularColor 0 0 0
              shininess 0.0078125
              transparency 0
              }
            }
          geometry IndexedLineSet {
            coord DEF VTKcoordinates Coordinate {
              point [
              -1.5499999523162842 -6.5900001525878906 1.6000000238418579,
              -1.5499999523162842 -6.5900001525878906 2.5999999046325684,
              1.4500000476837158 -6.5900001525878906 1.6000000238418579,
              1.4500000476837158 -6.5900001525878906 2.5999999046325684,
              1.4500000476837158 -3.9900000095367432 1.6000000238418579,
              1.4500000476837158 -3.9900000095367432 2.5999999046325684,
              -1.5499999523162842 -3.9900000095367432 1.6000000238418579,
              -1.5499999523162842 -3.9900000095367432 2.5999999046325684,
              -1.5499999523162842 -6.5900001525878906 1.6000000238418579,
              -1.5499999523162842 -6.5900001525878906 2.5999999046325684,
              1.4500000476837158 -6.5900001525878906 1.6000000238418579,
              1.4500000476837158 -6.5900001525878906 2.5999999046325684,
              -1.5499999523162842 -6.5900001525878906 1.6000000238418579,
              1.4500000476837158 -6.5900001525878906 1.6000000238418579,
              -1.5499999523162842 -6.5900001525878906 2.5999999046325684,
              1.4500000476837158 -6.5900001525878906 2.5999999046325684,
              1.4500000476837158 -3.9900000095367432 1.6000000238418579,
              1.4500000476837158 -3.9900000095367432 2.5999999046325684,
              1.4500000476837158 -6.5900001525878906 1.6000000238418579,
              1.4500000476837158 -3.9900000095367432 1.6000000238418579,
              1.4500000476837158 -6.5900001525878906 2.5999999046325684,
              1.4500000476837158 -3.9900000095367432 2.5999999046325684,
              -1.5499999523162842 -3.9900000095367432 1.6000000238418579,
              -1.5499999523162842 -3.9900000095367432 2.5999999046325684,
              1.4500000476837158 -3.9900000095367432 1.6000000238418579,
              -1.5499999523162842 -3.9900000095367432 1.6000000238418579,
              1.4500000476837158 -3.9900000095367432 2.5999999046325684,
              -1.5499999523162842 -3.9900000095367432 2.5999999046325684,
              -1.5499999523162842 -3.9900000095367432 1.6000000238418579,
              -1.5499999523162842 -6.5900001525878906 1.6000000238418579,
              -1.5499999523162842 -3.9900000095367432 2.5999999046325684,
              -1.5499999523162842 -6.5900001525878906 2.5999999046325684,
              -1.5499999523162842 -6.5900001525878906 1.6000000238418579,
              -1.5499999523162842 -6.5900001525878906 2.5999999046325684,
              1.4500000476837158 -6.5900001525878906 1.6000000238418579,
              1.4500000476837158 -6.5900001525878906 2.5999999046325684,
              -1.5499999523162842 -6.5900001525878906 1.6000000238418579,
              1.4500000476837158 -6.5900001525878906 1.6000000238418579,
              -1.5499999523162842 -6.5900001525878906 2.5999999046325684,
              1.4500000476837158 -6.5900001525878906 2.5999999046325684,
              1.4500000476837158 -6.5900001525878906 1.6000000238418579,
              1.4500000476837158 -6.5900001525878906 2.5999999046325684,
              1.4500000476837158 -3.9900000095367432 1.6000000238418579,
              1.4500000476837158 -3.9900000095367432 2.5999999046325684,
              1.4500000476837158 -6.5900001525878906 1.6000000238418579,
              1.4500000476837158 -3.9900000095367432 1.6000000238418579,
              1.4500000476837158 -6.5900001525878906 2.5999999046325684,
              1.4500000476837158 -3.9900000095367432 2.5999999046325684,
              1.4500000476837158 -3.9900000095367432 1.6000000238418579,
              1.4500000476837158 -3.9900000095367432 2.5999999046325684,
              -1.5499999523162842 -3.9900000095367432 1.6000000238418579,
              -1.5499999523162842 -3.9900000095367432 2.5999999046325684,
              1.4500000476837158 -3.9900000095367432 1.6000000238418579,
              -1.5499999523162842 -3.9900000095367432 1.6000000238418579,
              1.4500000476837158 -3.9900000095367432 2.5999999046325684,
              -1.5499999523162842 -3.9900000095367432 2.5999999046325684,
              -1.5499999523162842 -3.9900000095367432 1.6000000238418579,
              -1.5499999523162842 -3.9900000095367432 2.5999999046325684,
              -1.5499999523162842 -6.5900001525878906 1.6000000238418579,
              -1.5499999523162842 -6.5900001525878906 2.5999999046325684,
              -1.5499999523162842 -3.9900000095367432 1.6000000238418579,
              -1.5499999523162842 -6.5900001525878906 1.6000000238418579,
              -1.5499999523162842 -3.9900000095367432 2.5999999046325684,
              -1.5499999523162842 -6.5900001525878906 2.5999999046325684,
              -1.5499999523162842 -6.5900001525878906 1.6000000238418579,
              1.4500000476837158 -6.5900001525878906 1.6000000238418579,
              1.4500000476837158 -6.5900001525878906 1.6000000238418579,
              1.4500000476837158 -3.9900000095367432 1.6000000238418579,
              1.4500000476837158 -3.9900000095367432 1.6000000238418579,
              -1.5499999523162842 -3.9900000095367432 1.6000000238418579,
              -1.5499999523162842 -3.9900000095367432 1.6000000238418579,
              -1.5499999523162842 -6.5900001525878906 1.6000000238418579,
              -1.5499999523162842 -6.5900001525878906 2.5999999046325684,
              1.4500000476837158 -6.5900001525878906 2.5999999046325684,
              1.4500000476837158 -6.5900001525878906 2.5999999046325684,
              1.4500000476837158 -3.9900000095367432 2.5999999046325684,
              1.4500000476837158 -3.9900000095367432 2.5999999046325684,
              -1.5499999523162842 -3.9900000095367432 2.5999999046325684,
              -1.5499999523162842 -3.9900000095367432 2.5999999046325684,
              -1.5499999523162842 -6.5900001525878906 2.5999999046325684,
              ]
            }
            coordIndex  [
              8, 9, -1,
              10, 11, -1,
              12, 13, -1,
              14, 15, -1,
              16, 17, -1,
              18, 19, -1,
              20, 21, -1,
              22, 23, -1,
              24, 25, -1,
              26, 27, -1,
              28, 29, -1,
              30, 31, -1,
              32, 33, -1,
              34, 35, -1,
              36, 37, -1,
              38, 39, -1,
              40, 41, -1,
              42, 43, -1,
              44, 45, -1,
              46, 47, -1,
              48, 49, -1,
              50, 51, -1,
              52, 53, -1,
              54, 55, -1,
              56, 57, -1,
              58, 59, -1,
              60, 61, -1,
              62, 63, -1,
              64, 65, -1,
              66, 67, -1,
              68, 69, -1,
              70, 71, -1,
              72, 73, -1,
              74, 75, -1,
              76, 77, -1,
              78, 79, -1,
            ]
          }
        }
        Shape {
          appearance Appearance {
            material Material {
              ambientIntensity 0
              emissiveColor 0 0 0
              diffuseColor 1 1 1
              specularColor 0 0 0
              shininess 0.0078125
              transparency 0
              }
            }
          geometry PointSet {
            coord Coordinate {              point [                            -1.5499999523162842 -6.5900001525878906 1.6000000238418579,
                            -1.5499999523162842 -6.5900001525878906 2.5999999046325684,
                            1.4500000476837158 -6.5900001525878906 1.6000000238418579,
                            1.4500000476837158 -6.5900001525878906 2.5999999046325684,
                            1.4500000476837158 -3.9900000095367432 1.6000000238418579,
                            1.4500000476837158 -3.9900000095367432 2.5999999046325684,
                            -1.5499999523162842 -3.9900000095367432 1.6000000238418579,
                            -1.5499999523162842 -3.9900000095367432 2.5999999046325684,
              ]
            }
          }
        }
      ]
    }
    Transform {
      translation 0 0 0
      rotation 0 0 1 0
      scale 1 1 1
      children [
        Shape {
          appearance Appearance {
            material Material {
              ambientIntensity 0
              diffuseColor 0.55000000909004376 0.55000000909004376 0.58000000035397425
              specularColor 0 0 0
              shininess 0.0078125
              transparency 0
              }
            }
          geometry IndexedFaceSet {
            solid FALSE
            coord DEF VTKcoordinates Coordinate {
              point [
              7.2600002288818359 5.2899999618530273 2.7000000476837158,
              4.559999942779541 5.2899999618530273 2.7000000476837158,
              4.559999942779541 5.2899999618530273 1.6000000238418579,
              7.2600002288818359 5.2899999618530273 1.6000000238418579,
              7.2600002288818359 7.2899999618530273 1.6000000238418579,
              7.2600002288818359 5.2899999618530273 2.7000000476837158,
              7.2600002288818359 5.2899999618530273 1.6000000238418579,
              7.2600002288818359 7.2899999618530273 2.7000000476837158,
              4.559999942779541 7.2899999618530273 2.7000000476837158,
              7.2600002288818359 7.2899999618530273 2.7000000476837158,
              7.2600002288818359 7.2899999618530273 1.6000000238418579,
              4.559999942779541 7.2899999618530273 1.6000000238418579,
              4.559999942779541 5.2899999618530273 1.6000000238418579,
              4.559999942779541 7.2899999618530273 2.7000000476837158,
              4.559999942779541 7.2899999618530273 1.6000000238418579,
              4.559999942779541 5.2899999618530273 2.7000000476837158,
              7.2600002288818359 7.2899999618530273 1.6000000238418579,
              7.2600002288818359 5.2899999618530273 1.6000000238418579,
              4.559999942779541 5.2899999618530273 1.6000000238418579,
              4.559999942779541 7.2899999618530273 1.6000000238418579,
              7.2600002288818359 7.2899999618530273 2.7000000476837158,
              4.559999942779541 5.2899999618530273 2.7000000476837158,
              7.2600002288818359 5.2899999618530273 2.7000000476837158,
              4.559999942779541 7.2899999618530273 2.7000000476837158,
              ]
            }
            normal DEF VTKnormals Normal {
              vector [
           0 -1 -0,
           0 -1 -0,
           0 -1 -0,
           0 -1 -0,
           1 -0 -0,
           1 -0 -0,
           1 -0 -0,
           1 -0 -0,
           -0 1 -0,
           -0 1 -0,
           -0 1 -0,
           -0 1 -0,
           -1 -0 -0,
           -1 -0 -0,
           -1 -0 -0,
           -1 -0 -0,
           -0 -0 -1,
           -0 -0 -1,
           -0 -0 -1,
           -0 -0 -1,
           0 0 1,
           0 0 1,
           0 0 1,
           0 0 1,
            ]
          }
            coordIndex  [
              0, 1, 2, -1,
              3, 0, 2, -1,
              4, 5, 6, -1,
              4, 7, 5, -1,
              8, 9, 10, -1,
              11, 8, 10, -1,
              12, 13, 14, -1,
              12, 15, 13, -1,
              16, 17, 18, -1,
              16, 18, 19, -1,
              20, 21, 22, -1,
              20, 23, 21, -1,
            ]
          }
        }
      ]
    }
    Transform {
      translation 0 0 0
      rotation 0 0 1 0
      scale 1 1 1
      children [
        Shape {
          appearance Appearance {
            material Material {
              ambientIntensity 0
              emissiveColor 0 0 0
              diffuseColor 1 1 1
              specularColor 0 0 0
              shininess 0.0078125
              transparency 0
              }
            }
          geometry IndexedLineSet {
            coord DEF VTKcoordinates Coordinate {
              point [
              4.559999942779541 5.2899999618530273 1.6000000238418579,
              4.559999942779541 5.2899999618530273 2.7000000476837158,
              7.2600002288818359 5.2899999618530273 1.6000000238418579,
              7.2600002288818359 5.2899999618530273 2.7000000476837158,
              7.2600002288818359 7.2899999618530273 1.6000000238418579,
              7.2600002288818359 7.2899999618530273 2.7000000476837158,
              4.559999942779541 7.2899999618530273 1.6000000238418579,
              4.559999942779541 7.2899999618530273 2.7000000476837158,
              4.559999942779541 5.2899999618530273 1.6000000238418579,
              4.559999942779541 5.2899999618530273 2.7000000476837158,
              7.2600002288818359 5.2899999618530273 1.6000000238418579,
              7.2600002288818359 5.2899999618530273 2.7000000476837158,
              4.559999942779541 5.2899999618530273 1.6000000238418579,
              7.2600002288818359 5.2899999618530273 1.6000000238418579,
              4.559999942779541 5.2899999618530273 2.7000000476837158,
              7.2600002288818359 5.2899999618530273 2.7000000476837158,
              7.2600002288818359 7.2899999618530273 1.6000000238418579,
              7.2600002288818359 7.2899999618530273 2.7000000476837158,
              7.2600002288818359 5.2899999618530273 1.6000000238418579,
              7.2600002288818359 7.2899999618530273 1.6000000238418579,
              7.2600002288818359 5.2899999618530273 2.7000000476837158,
              7.2600002288818359 7.2899999618530273 2.7000000476837158,
              4.559999942779541 7.2899999618530273 1.6000000238418579,
              4.559999942779541 7.2899999618530273 2.7000000476837158,
              7.2600002288818359 7.2899999618530273 1.6000000238418579,
              4.559999942779541 7.2899999618530273 1.6000000238418579,
              7.2600002288818359 7.2899999618530273 2.7000000476837158,
              4.559999942779541 7.2899999618530273 2.7000000476837158,
              4.559999942779541 7.2899999618530273 1.6000000238418579,
              4.559999942779541 5.2899999618530273 1.6000000238418579,
              4.559999942779541 7.2899999618530273 2.7000000476837158,
              4.559999942779541 5.2899999618530273 2.7000000476837158,
              4.559999942779541 5.2899999618530273 1.6000000238418579,
              4.559999942779541 5.2899999618530273 2.7000000476837158,
              7.2600002288818359 5.2899999618530273 1.6000000238418579,
              7.2600002288818359 5.2899999618530273 2.7000000476837158,
              4.559999942779541 5.2899999618530273 1.6000000238418579,
              7.2600002288818359 5.2899999618530273 1.6000000238418579,
              4.559999942779541 5.2899999618530273 2.7000000476837158,
              7.2600002288818359 5.2899999618530273 2.7000000476837158,
              7.2600002288818359 5.2899999618530273 1.6000000238418579,
              7.2600002288818359 5.2899999618530273 2.7000000476837158,
              7.2600002288818359 7.2899999618530273 1.6000000238418579,
              7.2600002288818359 7.2899999618530273 2.7000000476837158,
              7.2600002288818359 5.2899999618530273 1.6000000238418579,
              7.2600002288818359 7.2899999618530273 1.6000000238418579,
              7.2600002288818359 5.2899999618530273 2.7000000476837158,
              7.2600002288818359 7.2899999618530273 2.7000000476837158,
              7.2600002288818359 7.2899999618530273 1.6000000238418579,
              7.2600002288818359 7.2899999618530273 2.7000000476837158,
              4.559999942779541 7.2899999618530273 1.6000000238418579,
              4.559999942779541 7.2899999618530273 2.7000000476837158,
              7.2600002288818359 7.2899999618530273 1.6000000238418579,
              4.559999942779541 7.2899999618530273 1.6000000238418579,
              7.2600002288818359 7.2899999618530273 2.7000000476837158,
              4.559999942779541 7.2899999618530273 2.7000000476837158,
              4.559999942779541 7.2899999618530273 1.6000000238418579,
              4.559999942779541 7.2899999618530273 2.7000000476837158,
              4.559999942779541 5.2899999618530273 1.6000000238418579,
              4.559999942779541 5.2899999618530273 2.7000000476837158,
              4.559999942779541 7.2899999618530273 1.6000000238418579,
              4.559999942779541 5.2899999618530273 1.6000000238418579,
              4.559999942779541 7.2899999618530273 2.7000000476837158,
              4.559999942779541 5.2899999618530273 2.7000000476837158,
              4.559999942779541 5.2899999618530273 1.6000000238418579,
              7.2600002288818359 5.2899999618530273 1.6000000238418579,
              7.2600002288818359 5.2899999618530273 1.6000000238418579,
              7.2600002288818359 7.2899999618530273 1.6000000238418579,
              7.2600002288818359 7.2899999618530273 1.6000000238418579,
              4.559999942779541 7.2899999618530273 1.6000000238418579,
              4.559999942779541 7.2899999618530273 1.6000000238418579,
              4.559999942779541 5.2899999618530273 1.6000000238418579,
              4.559999942779541 5.2899999618530273 2.7000000476837158,
              7.2600002288818359 5.2899999618530273 2.7000000476837158,
              7.2600002288818359 5.2899999618530273 2.7000000476837158,
              7.2600002288818359 7.2899999618530273 2.7000000476837158,
              7.2600002288818359 7.2899999618530273 2.7000000476837158,
              4.559999942779541 7.2899999618530273 2.7000000476837158,
              4.559999942779541 7.2899999618530273 2.7000000476837158,
              4.559999942779541 5.2899999618530273 2.7000000476837158,
              ]
            }
            coordIndex  [
              8, 9, -1,
              10, 11, -1,
              12, 13, -1,
              14, 15, -1,
              16, 17, -1,
              18, 19, -1,
              20, 21, -1,
              22, 23, -1,
              24, 25, -1,
              26, 27, -1,
              28, 29, -1,
              30, 31, -1,
              32, 33, -1,
              34, 35, -1,
              36, 37, -1,
              38, 39, -1,
              40, 41, -1,
              42, 43, -1,
              44, 45, -1,
              46, 47, -1,
              48, 49, -1,
              50, 51, -1,
              52, 53, -1,
              54, 55, -1,
              56, 57, -1,
              58, 59, -1,
              60, 61, -1,
              62, 63, -1,
              64, 65, -1,
              66, 67, -1,
              68, 69, -1,
              70, 71, -1,
              72, 73, -1,
              74, 75, -1,
              76, 77, -1,
              78, 79, -1,
            ]
          }
        }
        Shape {
          appearance Appearance {
            material Material {
              ambientIntensity 0
              emissiveColor 0 0 0
              diffuseColor 1 1 1
              specularColor 0 0 0
              shininess 0.0078125
              transparency 0
              }
            }
          geometry PointSet {
            coord Coordinate {              point [                            4.559999942779541 5.2899999618530273 1.6000000238418579,
                            4.559999942779541 5.2899999618530273 2.7000000476837158,
                            7.2600002288818359 5.2899999618530273 1.6000000238418579,
                            7.2600002288818359 5.2899999618530273 2.7000000476837158,
                            7.2600002288818359 7.2899999618530273 1.6000000238418579,
                            7.2600002288818359 7.2899999618530273 2.7000000476837158,
                            4.559999942779541 7.2899999618530273 1.6000000238418579,
                            4.559999942779541 7.2899999618530273 2.7000000476837158,
              ]
            }
          }
        }
      ]
    }
